{"type":"FeatureCollection","xy_coordinate_resolution":1e-06,"features":[{"type":"Feature","properties":{"tip":"tertiary","nume":"Strada Ștefan cel Mare și Sfânt","m":671.0},"geometry":{"type":"MultiLineString","coordinates":[[[28.932728,46.983853],[28.932774,46.983835],[28.932809,46.98381],[28.932844,46.983759],[28.93297,46.983488],[28.932994,46.983435],[28.933047,46.983321],[28.933219,46.98295],[28.933283,46.982814],[28.933349,46.982666],[28.933473,46.982387],[28.933571,46.982184],[28.933616,46.982091],[28.9337,46.981921],[28.933737,46.98184],[28.933783,46.981714],[28.933799,46.981658],[28.933811,46.981592],[28.933818,46.981521],[28.93382,46.981449],[28.933821,46.981379],[28.933821,46.981324],[28.933821,46.981214],[28.933822,46.980976],[28.933818,46.980866],[28.933817,46.980841],[28.933773,46.980244],[28.933748,46.979891],[28.933726,46.979532],[28.933709,46.979264],[28.933708,46.979246],[28.933705,46.979188],[28.933708,46.979146],[28.933711,46.97912],[28.933735,46.979043],[28.933846,46.978821],[28.933851,46.978808],[28.934032,46.978443],[28.934079,46.978365],[28.934133,46.978311],[28.934217,46.978263],[28.934304,46.978221],[28.934492,46.978133]]]}},{"type":"Feature","properties":{"tip":"residential","nume":"Strada Mihail Frunze","m":653.0},"geometry":{"type":"MultiLineString","coordinates":[[[28.936348,46.984066],[28.936362,46.984022],[28.936421,46.983841],[28.936603,46.983282],[28.93665,46.98314],[28.936923,46.982395],[28.937209,46.981629],[28.937384,46.981133],[28.937421,46.981003],[28.93746,46.980813],[28.937464,46.980756],[28.937521,46.979846],[28.937596,46.979583],[28.937905,46.978527],[28.937948,46.978361],[28.93796,46.978315]]]}},{"type":"Feature","properties":{"tip":"residential","nume":"Strada Iuri Gagarin","m":711.0},"geometry":{"type":"MultiLineString","coordinates":[[[28.941609,46.984345],[28.941654,46.984372],[28.941735,46.984415],[28.941893,46.98454],[28.941984,46.984636],[28.942075,46.984743],[28.942215,46.984989],[28.942371,46.985271],[28.942391,46.985311],[28.942488,46.985486],[28.942699,46.985916],[28.942982,46.986511],[28.943137,46.986758],[28.943247,46.986933],[28.943389,46.987149],[28.943718,46.98778],[28.943951,46.988786],[28.944233,46.989788],[28.944267,46.990003],[28.94428,46.990183],[28.94425,46.990344],[28.944242,46.990384]]]}},{"type":"Feature","properties":{"tip":"residential","nume":"Strada Școlii","m":820.0},"geometry":{"type":"MultiLineString","coordinates":[[[28.94035,46.978385],[28.940498,46.97865],[28.94067,46.978924],[28.94154,46.980525],[28.941749,46.980835],[28.941892,46.981038],[28.942024,46.981203],[28.942236,46.981479],[28.942255,46.981503],[28.942271,46.981525],[28.942536,46.981862],[28.942836,46.9822],[28.943062,46.982368],[28.943316,46.982525],[28.94341,46.982536],[28.943491,46.982556],[28.943662,46.982603],[28.943919,46.98271],[28.944051,46.982799],[28.944178,46.982903],[28.944248,46.98296],[28.944516,46.983176],[28.944625,46.983233],[28.944753,46.983302],[28.944986,46.983444],[28.945137,46.983513],[28.94524,46.983584],[28.945344,46.9837],[28.945356,46.983714],[28.945402,46.983809],[28.945493,46.98399],[28.945666,46.984237],[28.945843,46.98443],[28.945888,46.984479]]]}},{"type":"Feature","properties":{"tip":"residential","nume":"Strada Grigore Vieru","m":1231.0},"geometry":{"type":"MultiLineString","coordinates":[[[28.931309,46.984527],[28.931434,46.984797],[28.931504,46.984948],[28.932021,46.986064],[28.932202,46.986457],[28.932305,46.986702],[28.932369,46.986851],[28.932529,46.987224],[28.932574,46.987318],[28.933127,46.98849],[28.933282,46.988828],[28.933432,46.989156],[28.933737,46.989796],[28.934051,46.990521],[28.934097,46.990702],[28.934111,46.990755],[28.934121,46.990796],[28.934163,46.990961],[28.93432,46.991581],[28.934433,46.992024],[28.934542,46.992433],[28.934634,46.992821],[28.934682,46.993007],[28.935003,46.994253],[28.935099,46.994625],[28.935278,46.995238]]]}},{"type":"Feature","properties":{"tip":"tertiary","nume":"Strada Toader Bubuiog","m":140.0},"geometry":{"type":"MultiLineString","coordinates":[[[28.931082,46.984275],[28.931236,46.984156],[28.93135,46.984075],[28.931458,46.984017],[28.931577,46.983968],[28.931684,46.983941],[28.931722,46.983931],[28.931866,46.983914],[28.932015,46.983901],[28.932117,46.983895],[28.932557,46.983869],[28.932666,46.983865],[28.932728,46.983853]]]}},{"type":"Feature","properties":{"tip":"tertiary","nume":"Strada Gospodarilor","m":975.0},"geometry":{"type":"MultiLineString","coordinates":[[[28.934492,46.978133],[28.934655,46.978044],[28.934731,46.977998],[28.93486,46.977925],[28.934999,46.977844],[28.935144,46.977761],[28.9354,46.977605],[28.935455,46.977562],[28.935499,46.977521],[28.935532,46.97747],[28.935561,46.977417],[28.935635,46.977157],[28.935681,46.976896],[28.935779,46.97646],[28.935811,46.976316],[28.935823,46.97626],[28.935883,46.975993],[28.936022,46.975469],[28.936058,46.975331],[28.936152,46.974966],[28.936241,46.974623],[28.936295,46.97441],[28.936363,46.974151],[28.936382,46.974083],[28.936472,46.973724],[28.936519,46.973545],[28.936562,46.973418],[28.936603,46.973334],[28.936656,46.973247],[28.936692,46.973206],[28.936807,46.973078],[28.93697,46.97291],[28.93702,46.972856],[28.937237,46.972625],[28.93769,46.972142],[28.937752,46.972077],[28.937789,46.972036],[28.938091,46.971714],[28.93833,46.971465],[28.938504,46.971274],[28.9388,46.970958],[28.938857,46.970898],[28.939093,46.970643],[28.939196,46.970533],[28.939232,46.97047],[28.93925,46.970411],[28.939253,46.970345],[28.939237,46.970268]]]}},{"type":"Feature","properties":{"tip":"residential","nume":"Strada Miron Costin","m":1119.0},"geometry":{"type":"MultiLineString","coordinates":[[[28.934051,46.990521],[28.934109,46.99052],[28.934403,46.990533],[28.935208,46.990597],[28.935565,46.990621],[28.935899,46.990644],[28.936553,46.990693],[28.936705,46.99071],[28.937455,46.990779],[28.937563,46.990787],[28.937786,46.990815],[28.938082,46.990899],[28.938344,46.990998],[28.938723,46.99113],[28.938823,46.991174],[28.939826,46.991605],[28.940678,46.991976],[28.941476,46.992336],[28.941869,46.992505],[28.942331,46.992676],[28.942454,46.992703],[28.942799,46.992717],[28.943079,46.992714],[28.943265,46.9927],[28.943387,46.992685],[28.944433,46.992726],[28.944564,46.992737],[28.944661,46.992761],[28.944743,46.992826],[28.944837,46.992899],[28.945736,46.993569],[28.946071,46.993823],[28.946299,46.993996],[28.946837,46.994459]]]}},{"type":"Feature","properties":{"tip":"residential","nume":"Strada Mihai Eminescu","m":1331.0},"geometry":{"type":"MultiLineString","coordinates":[[[28.931309,46.984527],[28.931425,46.984583],[28.93153,46.984633],[28.931771,46.984749],[28.932198,46.984954],[28.932576,46.985129],[28.933171,46.985378],[28.933778,46.985641],[28.934145,46.985809],[28.934905,46.986173],[28.935532,46.986489],[28.935598,46.986522],[28.935665,46.986555],[28.93574,46.986592],[28.936303,46.986872],[28.937231,46.987277],[28.93736,46.987334],[28.937924,46.987594],[28.938076,46.98766],[28.938482,46.987845],[28.93855,46.987875],[28.938777,46.987976],[28.939059,46.988104],[28.939324,46.988226],[28.939637,46.988359],[28.939685,46.98838],[28.940056,46.988546],[28.94024,46.988626],[28.940876,46.988876],[28.940947,46.988901],[28.94116,46.98896],[28.941235,46.988984],[28.941355,46.989023],[28.941455,46.989067],[28.941541,46.989119],[28.941611,46.989172],[28.941683,46.989222],[28.94178,46.989291],[28.941893,46.989366],[28.942125,46.98952],[28.942372,46.989688],[28.942385,46.989694],[28.942712,46.98986],[28.942836,46.989918],[28.943268,46.990114],[28.943596,46.99023],[28.943685,46.990252],[28.944017,46.990333],[28.944242,46.990384],[28.944638,46.99048],[28.944827,46.990525],[28.944937,46.990551],[28.945142,46.990606],[28.945287,46.99064],[28.945423,46.990679],[28.94558,46.990714],[28.945813,46.990763],[28.946072,46.990785]]]}},{"type":"Feature","properties":{"tip":"living_street","nume":"Strada 27 August 1989","m":442.0},"geometry":{"type":"MultiLineString","coordinates":[[[28.940673,46.981346],[28.940825,46.981342],[28.940931,46.981347],[28.940989,46.981352],[28.941059,46.981376],[28.94115,46.981467],[28.94133,46.981642],[28.941409,46.98178],[28.941527,46.981948],[28.942051,46.982584],[28.942536,46.983089],[28.942938,46.983479],[28.943499,46.983957],[28.943509,46.983966],[28.943892,46.984313],[28.944003,46.984434],[28.944031,46.984465]]]}},{"type":"Feature","properties":{"tip":"residential","nume":"Strada Dumbravei","m":197.0},"geometry":{"type":"MultiLineString","coordinates":[[[28.945092,46.99809],[28.943994,46.997875],[28.943611,46.997801],[28.943316,46.997712],[28.942665,46.997491]]]}},{"type":"Feature","properties":{"tip":"living_street","nume":"Strada Izvoarelor","m":423.0},"geometry":{"type":"MultiLineString","coordinates":[[[28.935208,46.990597],[28.935302,46.99024],[28.935412,46.989865],[28.935582,46.989308],[28.935634,46.989089],[28.935746,46.988815],[28.935749,46.988753],[28.935741,46.988674],[28.935784,46.988513],[28.93591,46.988129],[28.936,46.987803],[28.936163,46.987214],[28.936189,46.987105],[28.936237,46.986988],[28.936284,46.986899],[28.936303,46.986872]]]}},{"type":"Feature","properties":{"tip":"living_street","nume":"Strada Școlii","m":519.0},"geometry":{"type":"MultiLineString","coordinates":[[[28.946468,46.984602],[28.946519,46.984864],[28.946584,46.984971],[28.946674,46.985119],[28.946713,46.985154],[28.946833,46.98526],[28.947061,46.985415],[28.947195,46.985544],[28.947212,46.985572],[28.947253,46.985641],[28.9473,46.985859],[28.947364,46.986196],[28.947454,46.986666],[28.947698,46.987107],[28.94775,46.987226],[28.947794,46.987394],[28.947821,46.987514],[28.947844,46.987588],[28.947965,46.987705],[28.94813,46.987871],[28.948294,46.988096],[28.948376,46.988305],[28.948522,46.988512],[28.948642,46.988637],[28.94874,46.988712],[28.948815,46.988744],[28.948964,46.988791]]]}},{"type":"Feature","properties":{"tip":"living_street","nume":"Strada Vasile Alecsandri","m":423.0},"geometry":{"type":"MultiLineString","coordinates":[[[28.940691,46.984306],[28.940675,46.984334],[28.940568,46.984511],[28.940473,46.984648],[28.940364,46.984784],[28.939871,46.985423],[28.939667,46.985681],[28.939463,46.985934],[28.939013,46.986555],[28.93853,46.987153],[28.938424,46.987278],[28.938323,46.987408],[28.938104,46.987635],[28.938076,46.98766]]]}},{"type":"Feature","properties":{"tip":"living_street","nume":"Strada Valentina Tereșkova","m":379.0},"geometry":{"type":"MultiLineString","coordinates":[[[28.939533,46.98426],[28.939518,46.984286],[28.939441,46.984414],[28.939281,46.984663],[28.9391,46.984903],[28.938643,46.985492],[28.938188,46.986086],[28.937711,46.986681],[28.937461,46.986974],[28.93725,46.987252],[28.937231,46.987277]]]}},{"type":"Feature","properties":{"tip":"living_street","nume":"Strada Veronica Micle","m":384.0},"geometry":{"type":"MultiLineString","coordinates":[[[28.935565,46.990621],[28.935706,46.99025],[28.935775,46.99008],[28.93581,46.989959],[28.935827,46.989919],[28.935854,46.989886],[28.936362,46.989291],[28.936881,46.988719],[28.937894,46.98762],[28.937924,46.987594]]]}},{"type":"Feature","properties":{"tip":"living_street","nume":"Strada Burebista","m":368.0},"geometry":{"type":"MultiLineString","coordinates":[[[28.938482,46.987845],[28.93846,46.98787],[28.938026,46.988357],[28.937016,46.989432],[28.936448,46.990028],[28.936161,46.990331],[28.936023,46.99049],[28.935899,46.990644]]]}},{"type":"Feature","properties":{"tip":"living_street","nume":"Strada Florilor","m":341.0},"geometry":{"type":"MultiLineString","coordinates":[[[28.939059,46.988104],[28.939035,46.988129],[28.937857,46.98939],[28.937263,46.990038],[28.936952,46.990369],[28.936821,46.990538],[28.936705,46.99071]]]}},{"type":"Feature","properties":{"tip":"living_street","nume":"Strada Victoriei","m":301.0},"geometry":{"type":"MultiLineString","coordinates":[[[28.94024,46.988626],[28.940208,46.988658],[28.939816,46.989042],[28.938082,46.990899]]]}},{"type":"Feature","properties":{"tip":"living_street","nume":"Stradela Tineretului","m":401.0},"geometry":{"type":"MultiLineString","coordinates":[[[28.942391,46.985311],[28.942154,46.985425],[28.942081,46.985465],[28.942007,46.985516],[28.941999,46.985526],[28.940887,46.986909],[28.940411,46.987473],[28.939872,46.988167],[28.939711,46.988351],[28.939685,46.98838]]]}},{"type":"Feature","properties":{"tip":"living_street","nume":"Strada Ion Soltîs","m":329.0},"geometry":{"type":"MultiLineString","coordinates":[[[28.940887,46.986909],[28.941233,46.987028],[28.941563,46.987111],[28.942059,46.987142],[28.942236,46.98717],[28.942287,46.9872],[28.942293,46.987256],[28.942201,46.987377],[28.941709,46.987924],[28.941568,46.988115],[28.941289,46.988444],[28.941047,46.988767],[28.940967,46.988873],[28.940947,46.988901]]]}},{"type":"Feature","properties":{"tip":"living_street","nume":"Strada Tineretului","m":454.0},"geometry":{"type":"MultiLineString","coordinates":[[[28.94147,46.984342],[28.941466,46.984372],[28.941443,46.984429],[28.941195,46.984851],[28.941039,46.985083],[28.940926,46.985232],[28.940814,46.985328],[28.940443,46.985834],[28.939819,46.98664],[28.939311,46.987302],[28.9388,46.987946],[28.938777,46.987976]]]}},{"type":"Feature","properties":{"tip":"living_street","nume":"Strada Igor Vieru","m":378.0},"geometry":{"type":"MultiLineString","coordinates":[[[28.934403,46.990533],[28.934596,46.989767],[28.93468,46.989389],[28.934809,46.988916],[28.935166,46.987628],[28.93516,46.987588],[28.935137,46.987558],[28.935101,46.987536],[28.934889,46.987399],[28.934738,46.9873]]]}},{"type":"Feature","properties":{"tip":"living_street","nume":"Strada Valea Iazului","m":316.0},"geometry":{"type":"MultiLineString","coordinates":[[[28.933282,46.988828],[28.933327,46.988799],[28.933415,46.988743],[28.933467,46.988691],[28.933505,46.988632],[28.93355,46.988493],[28.933608,46.988318],[28.93364,46.988239],[28.93374,46.988103],[28.933868,46.98799],[28.934155,46.987733],[28.934479,46.98748],[28.934738,46.9873],[28.934838,46.987194],[28.93495,46.987077],[28.935132,46.98684],[28.935287,46.986673],[28.935461,46.986558],[28.935502,46.986518],[28.935532,46.986489]]]}},{"type":"Feature","properties":{"tip":"living_street","nume":"Strada Eugen Doga","m":209.0},"geometry":{"type":"MultiLineString","coordinates":[[[28.93736,46.987334],[28.937328,46.987368],[28.936734,46.987989],[28.936666,46.988064],[28.936591,46.988133],[28.936513,46.9882],[28.936446,46.988269],[28.936236,46.988493],[28.936139,46.988608],[28.936082,46.988671],[28.936036,46.988709],[28.935956,46.988759],[28.935865,46.988799],[28.935746,46.988815]]]}},{"type":"Feature","properties":{"tip":"living_street","nume":"Stradela Iuri Gagarin","m":111.0},"geometry":{"type":"MultiLineString","coordinates":[[[28.940411,46.987473],[28.941709,46.987924]]]}},{"type":"Feature","properties":{"tip":"living_street","nume":"Stradela Iuri Gagarin","m":280.0},"geometry":{"type":"MultiLineString","coordinates":[[[28.941568,46.988115],[28.942098,46.988317],[28.942825,46.988567],[28.943081,46.988659],[28.943124,46.98868],[28.943143,46.988701],[28.943175,46.988741],[28.943217,46.988819],[28.943247,46.988889],[28.943254,46.988945],[28.943258,46.988998],[28.943252,46.98913],[28.943233,46.98927],[28.943189,46.989416],[28.943122,46.989541],[28.943043,46.989683],[28.942939,46.989808],[28.942869,46.989883],[28.942836,46.989918]]]}},{"type":"Feature","properties":{"tip":"living_street","nume":"Strada Alexandr Popov","m":192.0},"geometry":{"type":"MultiLineString","coordinates":[[[28.9453,46.985849],[28.945227,46.985909],[28.945042,46.985982],[28.944479,46.986123],[28.944211,46.986188],[28.943943,46.986249],[28.943653,46.986309],[28.943468,46.98636],[28.943245,46.986428],[28.942982,46.986511]]]}},{"type":"Feature","properties":{"tip":"living_street","nume":"Strada Boris Glavan","m":350.0},"geometry":{"type":"MultiLineString","coordinates":[[[28.943718,46.98778],[28.944908,46.987707],[28.945014,46.987696],[28.945069,46.9877],[28.945101,46.987741],[28.945265,46.987919],[28.945324,46.987957],[28.945397,46.987971],[28.945488,46.98796],[28.945646,46.987924],[28.945754,46.987924],[28.945811,46.987945],[28.945865,46.98799],[28.946262,46.988437],[28.946448,46.988388],[28.946649,46.988322],[28.946797,46.988272],[28.946928,46.988208],[28.94706,46.988146],[28.947223,46.988077],[28.947306,46.988051],[28.94744,46.988009],[28.947525,46.987994]]]}},{"type":"Feature","properties":{"tip":"service","nume":"Strada Iuri Gagarin","m":74.0},"geometry":{"type":"MultiLineString","coordinates":[[[28.943951,46.988786],[28.944912,46.988693]]]}},{"type":"Feature","properties":{"tip":"living_street","nume":"Strada Alecu Russo","m":303.0},"geometry":{"type":"MultiLineString","coordinates":[[[28.939826,46.991605],[28.9405,46.990712],[28.941115,46.989828],[28.941213,46.989687],[28.941401,46.98943],[28.941611,46.989172]]]}},{"type":"Feature","properties":{"tip":"living_street","nume":"Strada Valeriu Dumbravă","m":41.0},"geometry":{"type":"MultiLineString","coordinates":[[[28.930864,46.997415],[28.930883,46.997399],[28.931067,46.997205],[28.93116,46.997107]]]}},{"type":"Feature","properties":{"tip":"unclassified","nume":"Drumul de acces spre IP \"Sidev\"","m":5.0},"geometry":{"type":"MultiLineString","coordinates":[[[28.942665,46.997491],[28.942664,46.997538]]]}},{"type":"Feature","properties":{"tip":"living_street","nume":"Strada Alecu Russo","m":500.0},"geometry":{"type":"MultiLineString","coordinates":[[[28.939826,46.991605],[28.939789,46.991681],[28.93976,46.99178],[28.939701,46.992388],[28.939584,46.993299],[28.939547,46.993742],[28.939504,46.994053],[28.939336,46.99548],[28.939292,46.995809],[28.939251,46.99597],[28.939194,46.996075]]]}},{"type":"Feature","properties":{"tip":"living_street","nume":"Strada Teilor","m":777.0},"geometry":{"type":"MultiLineString","coordinates":[[[28.942372,46.989688],[28.942038,46.990149],[28.942013,46.990184],[28.94177,46.990513],[28.941539,46.990772],[28.941362,46.991054],[28.941255,46.991228],[28.941186,46.991311],[28.941132,46.991385],[28.940924,46.99167],[28.940678,46.991976],[28.940617,46.992068],[28.940578,46.992164],[28.940562,46.992299],[28.940536,46.992579],[28.940504,46.992982],[28.940517,46.992979],[28.94035,46.994409],[28.940177,46.995892],[28.94017,46.996053],[28.940167,46.996223],[28.940155,46.996293],[28.940131,46.996358]]]}},{"type":"Feature","properties":{"tip":"living_street","nume":"Strada Mihai Viteazul","m":816.0},"geometry":{"type":"MultiLineString","coordinates":[[[28.946072,46.990785],[28.946073,46.990871],[28.945779,46.993355],[28.945736,46.993569],[28.945724,46.993854],[28.945656,46.994135],[28.94553,46.995151],[28.945331,46.996787],[28.945272,46.99731],[28.945198,46.997687],[28.945146,46.99789],[28.945092,46.99809]]]}},{"type":"Feature","properties":{"tip":"living_street","nume":"Strada Valeri Bîkovski","m":219.0},"geometry":{"type":"MultiLineString","coordinates":[[[28.935198,46.983985],[28.935181,46.98403],[28.935071,46.98431],[28.935029,46.984411],[28.934977,46.984535],[28.934885,46.98472],[28.93482,46.984839],[28.934746,46.984936],[28.9343,46.985603],[28.934174,46.98577],[28.934145,46.985809]]]}},{"type":"Feature","properties":{"tip":"living_street","nume":"Strada Serghei Lazo","m":261.0},"geometry":{"type":"MultiLineString","coordinates":[[[28.937466,46.984138],[28.937384,46.984204],[28.937005,46.98451],[28.936627,46.984847],[28.936408,46.985036],[28.936134,46.985282],[28.935958,46.985446],[28.93575,46.985683],[28.935537,46.985973],[28.935487,46.986046]]]}},{"type":"Feature","properties":{"tip":"living_street","nume":"Strada Mihail Frunze","m":124.0},"geometry":{"type":"MultiLineString","coordinates":[[[28.936127,46.984051],[28.936103,46.984088],[28.935962,46.984299],[28.935786,46.984533],[28.935437,46.985021],[28.935433,46.98506]]]}},{"type":"Feature","properties":{"tip":"living_street","nume":"Strada Alexei Mateevici","m":183.0},"geometry":{"type":"MultiLineString","coordinates":[[[28.940521,46.983014],[28.940122,46.983111],[28.939769,46.983223],[28.939125,46.983443],[28.938849,46.983536],[28.938567,46.983622],[28.938439,46.983657],[28.938332,46.983683]]]}},{"type":"Feature","properties":{"tip":"living_street","nume":"Strada Sfânta Maria","m":163.0},"geometry":{"type":"MultiLineString","coordinates":[[[28.943624,46.984335],[28.943674,46.984379],[28.943758,46.984443],[28.943775,46.984463],[28.943795,46.984489],[28.943805,46.984506],[28.943802,46.984521],[28.943778,46.984547],[28.943614,46.984682],[28.943455,46.984782],[28.942853,46.985054],[28.942371,46.985271]]]}},{"type":"Feature","properties":{"tip":"living_street","nume":"Strada Școlii","m":167.0},"geometry":{"type":"MultiLineString","coordinates":[[[28.948964,46.988791],[28.949356,46.988864],[28.949994,46.98897],[28.950294,46.989],[28.950415,46.988976],[28.950769,46.988813],[28.951017,46.988727]]]}},{"type":"Feature","properties":{"tip":"living_street","nume":"Strada Dacilor","m":314.0},"geometry":{"type":"MultiLineString","coordinates":[[[28.946853,46.981086],[28.946734,46.980402],[28.946636,46.979347],[28.946587,46.978828],[28.946537,46.978274]]]}},{"type":"Feature","properties":{"tip":"living_street","nume":"Strada Morilor","m":499.0},"geometry":{"type":"MultiLineString","coordinates":[[[28.947939,46.98111],[28.947906,46.980717],[28.947882,46.980594],[28.947856,46.980479],[28.947791,46.980265],[28.947776,46.980158],[28.947754,46.979988],[28.947726,46.979658],[28.947658,46.979072],[28.947637,46.978818],[28.947615,46.978605],[28.947568,46.97823],[28.947493,46.9775],[28.947439,46.976974],[28.947416,46.976739],[28.947408,46.976635]]]}},{"type":"Feature","properties":{"tip":"living_street","nume":"Strada Trandafirilor","m":399.0},"geometry":{"type":"MultiLineString","coordinates":[[[28.945739,46.981207],[28.945679,46.980468],[28.945463,46.978345],[28.945421,46.978096],[28.945407,46.977965],[28.945383,46.977834],[28.945353,46.977772],[28.945312,46.977714],[28.945242,46.977653]]]}},{"type":"Feature","properties":{"tip":"living_street","nume":"Strada Salcâmilor","m":309.0},"geometry":{"type":"MultiLineString","coordinates":[[[28.944743,46.980924],[28.944651,46.980519],[28.94439,46.97839],[28.944357,46.978161]]]}},{"type":"Feature","properties":{"tip":"service","nume":"Stradela 2 Școlii","m":313.0},"geometry":{"type":"MultiLineString","coordinates":[[[28.94372,46.980556],[28.943805,46.980573],[28.943911,46.980572],[28.944156,46.980557],[28.944651,46.980519],[28.94513,46.980492],[28.945679,46.980468],[28.946734,46.980402],[28.94701,46.980393],[28.947348,46.980367],[28.947623,46.980318],[28.947791,46.980265]]]}},{"type":"Feature","properties":{"tip":"living_street","nume":"Strada Livezilor","m":277.0},"geometry":{"type":"MultiLineString","coordinates":[[[28.936868,46.978275],[28.936863,46.978306],[28.93686,46.978333],[28.93684,46.978445],[28.936816,46.978607],[28.936767,46.978841],[28.936691,46.979109],[28.936611,46.979351],[28.936446,46.979781],[28.936357,46.980057],[28.936313,46.980198],[28.936199,46.980577],[28.936187,46.98064],[28.93618,46.980722]]]}},{"type":"Feature","properties":{"tip":"living_street","nume":"Strada Miorița","m":292.0},"geometry":{"type":"MultiLineString","coordinates":[[[28.935771,46.978217],[28.935757,46.978246],[28.935718,46.978333],[28.935706,46.978369],[28.935692,46.978403],[28.935651,46.978505],[28.935615,46.978595],[28.935482,46.978937],[28.93525,46.979483],[28.935046,46.979928],[28.934891,46.980257],[28.934876,46.980334],[28.934892,46.980409],[28.934947,46.980501],[28.93496,46.980625],[28.93497,46.980724],[28.934987,46.980739]]]}},{"type":"Feature","properties":{"tip":"living_street","nume":"Strada Serghei Lazo","m":107.0},"geometry":{"type":"MultiLineString","coordinates":[[[28.939341,46.979924],[28.939214,46.980061],[28.939086,46.980199],[28.938731,46.980649],[28.938645,46.980758]]]}},{"type":"Feature","properties":{"tip":"residential","nume":"Strada Gospodarilor","m":1075.0},"geometry":{"type":"MultiLineString","coordinates":[[[28.928504,46.98626],[28.928529,46.986168],[28.928555,46.986071],[28.928587,46.986007],[28.928607,46.985977],[28.928878,46.985598],[28.929126,46.985251],[28.929187,46.985166],[28.929315,46.984987],[28.929342,46.984949],[28.929524,46.984695],[28.929632,46.984544],[28.929707,46.984438],[28.929791,46.984321],[28.930053,46.983954],[28.930203,46.983743],[28.930273,46.983646],[28.93032,46.983554],[28.930356,46.983445],[28.930364,46.983402],[28.9304,46.983219],[28.930487,46.982772],[28.930532,46.982538],[28.930628,46.982044],[28.930673,46.981811],[28.930717,46.981635],[28.930763,46.981477],[28.93082,46.981365],[28.930906,46.981233],[28.930912,46.981222],[28.931149,46.980918],[28.931324,46.980695],[28.93189,46.980056],[28.932072,46.979851],[28.932165,46.979747],[28.932617,46.97923],[28.932726,46.979106],[28.932838,46.978981],[28.933543,46.978193],[28.933749,46.978054],[28.933886,46.977985],[28.93396,46.977962],[28.934026,46.977961],[28.934165,46.977985],[28.9343,46.978023],[28.934423,46.978077],[28.934492,46.978133]]]}},{"type":"Feature","properties":{"tip":"living_street","nume":"Strada Nouă","m":258.0},"geometry":{"type":"MultiLineString","coordinates":[[[28.932557,46.983869],[28.932552,46.983911],[28.932524,46.984151],[28.932444,46.9844],[28.932447,46.984441],[28.932478,46.984472],[28.932605,46.984531],[28.932766,46.984598],[28.933053,46.984699],[28.933107,46.984701],[28.933142,46.98465],[28.933182,46.984631],[28.933262,46.984625],[28.933367,46.984637],[28.933429,46.984645],[28.933493,46.984654],[28.93365,46.984679],[28.934092,46.98475],[28.934283,46.984791],[28.934442,46.984838],[28.934746,46.984936]]]}},{"type":"Feature","properties":{"tip":"living_street","nume":"Strada Mircea cel Bătrân","m":210.0},"geometry":{"type":"MultiLineString","coordinates":[[[28.932574,46.987318],[28.932634,46.987297],[28.932696,46.987266],[28.932765,46.987214],[28.932938,46.986969],[28.933248,46.986487],[28.933758,46.985672],[28.933778,46.985641]]]}},{"type":"Feature","properties":{"tip":"living_street","nume":"Strada Mitropolit Dosoftei","m":161.0},"geometry":{"type":"MultiLineString","coordinates":[[[28.932305,46.986702],[28.932336,46.986656],[28.932754,46.986031],[28.933151,46.98541],[28.933171,46.985378]]]}},{"type":"Feature","properties":{"tip":"residential","nume":"Strada Alexandru Donici","m":686.0},"geometry":{"type":"MultiLineString","coordinates":[[[28.934682,46.993007],[28.934736,46.993],[28.934885,46.992981],[28.935181,46.99297],[28.935511,46.992986],[28.935725,46.993032],[28.935952,46.993113],[28.93597,46.993122],[28.936278,46.99326],[28.936504,46.993331],[28.937196,46.993501],[28.93753,46.993593],[28.937905,46.993668],[28.93808,46.993704],[28.938499,46.993789],[28.938839,46.993851],[28.93904,46.993889],[28.939303,46.993968],[28.939504,46.994053],[28.94035,46.994409],[28.941206,46.994787],[28.941765,46.995031],[28.94189,46.995067],[28.942028,46.99509],[28.942513,46.995134],[28.94294,46.995175]]]}},{"type":"Feature","properties":{"tip":"living_street","nume":"Strada Dimitrie Cantemir","m":817.0},"geometry":{"type":"MultiLineString","coordinates":[[[28.944937,46.990551],[28.944826,46.991147],[28.944761,46.991949],[28.94473,46.99235],[28.944686,46.992585],[28.944661,46.992761],[28.944464,46.994007],[28.944351,46.995097],[28.944152,46.996499],[28.94404,46.997471],[28.943994,46.997875]]]}},{"type":"Feature","properties":{"tip":"residential","nume":"Strada Decebal","m":533.0},"geometry":{"type":"MultiLineString","coordinates":[[[28.943596,46.99023],[28.94338,46.991849],[28.943265,46.9927],[28.943143,46.993655],[28.942979,46.995006]]]}},{"type":"Feature","properties":{"tip":"living_street","nume":"Strada Doina și Ion Aldea-Teodorovici","m":584.0},"geometry":{"type":"MultiLineString","coordinates":[[[28.942712,46.98986],[28.942623,46.990296],[28.942511,46.991415],[28.942435,46.991855],[28.942382,46.992282],[28.942331,46.992676],[28.942282,46.993043],[28.942258,46.993335],[28.942228,46.993688],[28.942139,46.994319],[28.942028,46.99509]]]}},{"type":"Feature","properties":{"tip":"living_street","nume":"Strada Constructorilor","m":273.0},"geometry":{"type":"MultiLineString","coordinates":[[[28.941476,46.992336],[28.94144,46.992626],[28.941402,46.992811],[28.941406,46.99299],[28.941338,46.993376],[28.941312,46.993682],[28.941289,46.994191],[28.941244,46.994598],[28.941206,46.994787]]]}},{"type":"Feature","properties":{"tip":"living_street","nume":"Strada Victoriei","m":515.0},"geometry":{"type":"MultiLineString","coordinates":[[[28.938344,46.990998],[28.93785,46.992125],[28.937196,46.993501],[28.93695,46.994096],[28.936707,46.994691],[28.936356,46.99543]]]}},{"type":"Feature","properties":{"tip":"living_street","nume":null,"m":15.0},"geometry":{"type":"MultiLineString","coordinates":[[[28.938136,47.010497],[28.938127,47.010512],[28.938129,47.010578],[28.938153,47.01063]]]}},{"type":"Feature","properties":{"tip":"tertiary","nume":"Drum de acces spre satul Humulești","m":743.0},"geometry":{"type":"MultiLineString","coordinates":[[[28.937347,47.010768],[28.937366,47.010773],[28.937613,47.010771],[28.9379,47.010714],[28.938153,47.01063],[28.939098,47.010215],[28.940548,47.009528],[28.940882,47.00937],[28.942343,47.008685],[28.942734,47.00852],[28.943004,47.008417],[28.943758,47.008138],[28.943983,47.008022],[28.944091,47.007952],[28.94418,47.007894],[28.944332,47.007762],[28.944452,47.007626],[28.944672,47.00738],[28.944842,47.0072],[28.944996,47.007087],[28.945122,47.007015],[28.945185,47.006979]]]}},{"type":"Feature","properties":{"tip":"living_street","nume":"Strada Traian","m":408.0},"geometry":{"type":"MultiLineString","coordinates":[[[28.947272,46.990823],[28.947164,46.991659],[28.94705,46.992723],[28.947008,46.993271],[28.946901,46.993639],[28.946898,46.99415],[28.946922,46.99434],[28.946898,46.994405],[28.946837,46.994459]]]}},{"type":"Feature","properties":{"tip":"living_street","nume":"Strada Independenței","m":300.0},"geometry":{"type":"MultiLineString","coordinates":[[[28.940876,46.988876],[28.94062,46.98912],[28.9404,46.989336],[28.940008,46.989693],[28.939819,46.989893],[28.939634,46.990101],[28.939201,46.99058],[28.93894,46.990864],[28.938723,46.99113]]]}},{"type":"Feature","properties":{"tip":"living_street","nume":"Strada Voluntarilor","m":223.0},"geometry":{"type":"MultiLineString","coordinates":[[[28.945287,46.99064],[28.945285,46.990605],[28.945246,46.990112],[28.945112,46.989424],[28.944926,46.98875],[28.944912,46.988693],[28.944903,46.988653]]]}},{"type":"Feature","properties":{"tip":"living_street","nume":null,"m":108.0},"geometry":{"type":"MultiLineString","coordinates":[[[28.946262,46.988437],[28.945823,46.988554],[28.945427,46.988637],[28.945005,46.988626],[28.944903,46.988653]]]}},{"type":"Feature","properties":{"tip":"living_street","nume":"Strada Plopurilor","m":159.0},"geometry":{"type":"MultiLineString","coordinates":[[[28.946859,46.990811],[28.946856,46.990778],[28.946716,46.989499],[28.946701,46.989457],[28.946676,46.98943],[28.946632,46.9894]]]}},{"type":"Feature","properties":{"tip":"living_street","nume":"Stradela Voluntarilor","m":116.0},"geometry":{"type":"MultiLineString","coordinates":[[[28.946632,46.9894],[28.946609,46.989391],[28.946561,46.989385],[28.946145,46.989417],[28.945733,46.989435],[28.945701,46.989437],[28.945336,46.989434],[28.945112,46.989424]]]}},{"type":"Feature","properties":{"tip":"living_street","nume":"Strada Mihail Frunze","m":98.0},"geometry":{"type":"MultiLineString","coordinates":[[[28.93746,46.980813],[28.93618,46.980722]]]}},{"type":"Feature","properties":{"tip":"living_street","nume":null,"m":7.0},"geometry":{"type":"MultiLineString","coordinates":[[[28.951374,46.943211],[28.951304,46.943256]]]}},{"type":"Feature","properties":{"tip":"living_street","nume":null,"m":626.0},"geometry":{"type":"MultiLineString","coordinates":[[[28.942412,46.953425],[28.942747,46.953494],[28.943581,46.953687],[28.944423,46.953888],[28.945245,46.954073],[28.945961,46.954251],[28.946071,46.954282],[28.946763,46.95444],[28.946905,46.954473],[28.947613,46.954634],[28.947735,46.954663],[28.948446,46.954822],[28.948552,46.954851],[28.949309,46.955023],[28.950209,46.955227]]]}},{"type":"Feature","properties":{"tip":"living_street","nume":"Strada Sfânta Treime","m":328.0},"geometry":{"type":"MultiLineString","coordinates":[[[28.93487,46.967193],[28.935575,46.966158],[28.936063,46.965476],[28.93632,46.965105],[28.936469,46.964883],[28.936566,46.964713],[28.936578,46.964658],[28.936578,46.964603],[28.93657,46.964563],[28.93656,46.964536],[28.936547,46.964509]]]}},{"type":"Feature","properties":{"tip":"living_street","nume":null,"m":238.0},"geometry":{"type":"MultiLineString","coordinates":[[[28.938661,46.968867],[28.938731,46.967879],[28.938786,46.967162],[28.938786,46.966848],[28.938697,46.966744]]]}},{"type":"Feature","properties":{"tip":"living_street","nume":null,"m":432.0},"geometry":{"type":"MultiLineString","coordinates":[[[28.939512,46.96913],[28.939699,46.966587],[28.939776,46.965377],[28.939753,46.965251]]]}},{"type":"Feature","properties":{"tip":"living_street","nume":"Strada Maria Drăgan","m":603.0},"geometry":{"type":"MultiLineString","coordinates":[[[28.940368,46.969321],[28.940563,46.966598],[28.940726,46.964491],[28.940771,46.96403],[28.940719,46.963913]]]}},{"type":"Feature","properties":{"tip":"tertiary","nume":"Chișinău-Bubuieci-Bîc","m":736.0},"geometry":{"type":"MultiLineString","coordinates":[[[28.931928,46.966537],[28.932662,46.966712],[28.933314,46.966858],[28.934076,46.967026],[28.93487,46.967193],[28.935473,46.967322],[28.936071,46.96746],[28.936264,46.967504],[28.936454,46.967556],[28.93662,46.967606],[28.936736,46.967652],[28.936834,46.967701],[28.936933,46.967761],[28.937021,46.967829],[28.93717,46.967957],[28.937314,46.9681],[28.937457,46.968248],[28.937599,46.968395],[28.93772,46.968525],[28.937789,46.9686],[28.937833,46.968649],[28.937877,46.968699],[28.93799,46.968823],[28.938156,46.968999],[28.938778,46.9697],[28.938852,46.969783],[28.938875,46.969809],[28.939065,46.970021],[28.939196,46.970191],[28.939237,46.970268]]]}},{"type":"Feature","properties":{"tip":"living_street","nume":"Strada Haiducilor","m":409.0},"geometry":{"type":"MultiLineString","coordinates":[[[28.937789,46.9686],[28.937812,46.968541],[28.937791,46.968484],[28.937746,46.96839],[28.937685,46.968266],[28.938697,46.966744],[28.939753,46.965251]]]}},{"type":"Feature","properties":{"tip":"living_street","nume":"Strada Haiducilor","m":675.0},"geometry":{"type":"MultiLineString","coordinates":[[[28.939753,46.965251],[28.940719,46.963913],[28.941768,46.962269],[28.942289,46.961539],[28.942618,46.961132],[28.942896,46.960506],[28.943049,46.960169],[28.943012,46.960031],[28.942932,46.959958],[28.942556,46.959871]]]}},{"type":"Feature","properties":{"tip":"living_street","nume":null,"m":481.0},"geometry":{"type":"MultiLineString","coordinates":[[[28.937877,46.968699],[28.937945,46.968685],[28.938053,46.968683],[28.938661,46.968867],[28.939512,46.96913],[28.940006,46.969287],[28.940201,46.969318],[28.940368,46.969321],[28.940796,46.969337],[28.940945,46.969345],[28.941081,46.969365],[28.941179,46.969406],[28.941248,46.969464],[28.941271,46.969524],[28.941297,46.969618],[28.941338,46.969693],[28.941393,46.96975],[28.94148,46.969779],[28.941688,46.969795],[28.94191,46.969791],[28.942406,46.969843],[28.942769,46.969849],[28.94336,46.969898],[28.943546,46.969898],[28.943612,46.96988]]]}},{"type":"Feature","properties":{"tip":"living_street","nume":"Strada Livada","m":724.0},"geometry":{"type":"MultiLineString","coordinates":[[[28.94191,46.969791],[28.942152,46.967967],[28.942344,46.966573],[28.942807,46.963309]]]}},{"type":"Feature","properties":{"tip":"living_street","nume":"Strada Sfântul Andrei","m":193.0},"geometry":{"type":"MultiLineString","coordinates":[[[28.934782,46.996443],[28.934739,46.996424],[28.932642,46.99551]]]}},{"type":"Feature","properties":{"tip":"residential","nume":"Strada Grigore Vieru","m":386.0},"geometry":{"type":"MultiLineString","coordinates":[[[28.933129,46.998302],[28.933149,46.998272],[28.933209,46.998188],[28.933318,46.998048],[28.933804,46.997511],[28.934285,46.996978],[28.934782,46.996443],[28.935073,46.99611],[28.935181,46.995985],[28.935242,46.995909],[28.935261,46.995838],[28.935316,46.995618],[28.935321,46.995528],[28.935314,46.995447],[28.935304,46.995378],[28.935278,46.995238]]]}},{"type":"Feature","properties":{"tip":"living_street","nume":"Strada Sfântul Vasile","m":192.0},"geometry":{"type":"MultiLineString","coordinates":[[[28.934285,46.996978],[28.934257,46.996966],[28.932156,46.996047]]]}},{"type":"Feature","properties":{"tip":"living_street","nume":"Strada Ioan Botezătorul","m":194.0},"geometry":{"type":"MultiLineString","coordinates":[[[28.933804,46.997511],[28.933749,46.997487],[28.932467,46.996935],[28.931654,46.996575]]]}},{"type":"Feature","properties":{"tip":"living_street","nume":"Strada Sfântul Nicolae","m":195.0},"geometry":{"type":"MultiLineString","coordinates":[[[28.933318,46.998048],[28.933258,46.998021],[28.93116,46.997107]]]}},{"type":"Feature","properties":{"tip":"track","nume":null,"m":4.0},"geometry":{"type":"MultiLineString","coordinates":[[[28.942464,46.997427],[28.942508,46.997404]]]}},{"type":"Feature","properties":{"tip":"track","nume":null,"m":5.0},"geometry":{"type":"MultiLineString","coordinates":[[[28.932959,46.994881],[28.933021,46.994867]]]}},{"type":"Feature","properties":{"tip":"living_street","nume":"Strada Busuiocului","m":289.0},"geometry":{"type":"MultiLineString","coordinates":[[[28.938848,46.996735],[28.938779,46.996708],[28.938388,46.996631],[28.938087,46.996564],[28.937175,46.996364],[28.936232,46.996141],[28.935242,46.995909]]]}},{"type":"Feature","properties":{"tip":"service","nume":null,"m":336.0},"geometry":{"type":"MultiLineString","coordinates":[[[28.932781,46.998938],[28.932821,46.998956],[28.932849,46.998969],[28.932973,46.999025],[28.933471,46.999241],[28.933892,46.999424],[28.934318,46.999609],[28.934745,46.999794],[28.935164,46.999976],[28.935677,47.000199],[28.935039,47.000707]]]}},{"type":"Feature","properties":{"tip":"living_street","nume":"Strada Tamara Ciobanu","m":583.0},"geometry":{"type":"MultiLineString","coordinates":[[[28.942289,46.961539],[28.94242,46.961628],[28.942397,46.961738],[28.941962,46.963106],[28.941576,46.964299],[28.941508,46.964685],[28.94171,46.96507],[28.941636,46.965569],[28.941579,46.965707],[28.941591,46.965892],[28.941502,46.966543],[28.941451,46.966637]]]}},{"type":"Feature","properties":{"tip":"living_street","nume":"Strada Alexandru cel Bun","m":719.0},"geometry":{"type":"MultiLineString","coordinates":[[[28.940376,46.962002],[28.940386,46.962034],[28.940369,46.962075],[28.940229,46.962296],[28.939834,46.962925],[28.939777,46.963006],[28.939661,46.96317],[28.939448,46.963476],[28.939194,46.963844],[28.938957,46.964181],[28.938736,46.964473],[28.938461,46.964862],[28.937994,46.965526],[28.937891,46.965694],[28.93781,46.965809],[28.937769,46.965841],[28.937722,46.965864],[28.93766,46.965866],[28.937575,46.965849],[28.937441,46.965802],[28.937315,46.965781],[28.937261,46.965803],[28.936734,46.966482],[28.936422,46.966918],[28.936071,46.96746]]]}},{"type":"Feature","properties":{"tip":"living_street","nume":"Strada Nicolae Labiș","m":138.0},"geometry":{"type":"MultiLineString","coordinates":[[[28.939084,46.96004],[28.940799,46.960454]]]}},{"type":"Feature","properties":{"tip":"living_street","nume":null,"m":351.0},"geometry":{"type":"MultiLineString","coordinates":[[[28.945715,46.967834],[28.94606,46.965933],[28.946082,46.965577],[28.946243,46.964695]]]}},{"type":"Feature","properties":{"tip":"living_street","nume":"Strada Caștanilor","m":172.0},"geometry":{"type":"MultiLineString","coordinates":[[[28.938307,46.961384],[28.938825,46.961533],[28.939438,46.96171],[28.940376,46.962002]]]}},{"type":"Feature","properties":{"tip":"track","nume":null,"m":1249.0},"geometry":{"type":"MultiLineString","coordinates":[[[28.987821,46.992126],[28.987775,46.992025],[28.987506,46.990918],[28.987274,46.990213],[28.987225,46.990038],[28.987207,46.989853],[28.987004,46.989306],[28.98638,46.988471],[28.985398,46.987095],[28.985073,46.986311],[28.985087,46.986144],[28.985159,46.985879],[28.985243,46.985694],[28.985573,46.985081],[28.985688,46.984639],[28.985744,46.984273],[28.985738,46.983832],[28.985815,46.983348],[28.985931,46.983083],[28.986079,46.982782],[28.986095,46.982563],[28.986073,46.982339],[28.98589,46.981915],[28.985709,46.981704],[28.985598,46.981624],[28.985519,46.981588],[28.985416,46.981554],[28.985322,46.981541]]]}},{"type":"Feature","properties":{"tip":"service","nume":null,"m":570.0},"geometry":{"type":"MultiLineString","coordinates":[[[28.94975,46.954102],[28.949647,46.954163],[28.949527,46.954158],[28.949415,46.9541],[28.94934,46.954029],[28.949291,46.953964],[28.949178,46.95372],[28.949078,46.953571],[28.948799,46.953203],[28.948629,46.953024],[28.948518,46.952945],[28.94792,46.952795],[28.947839,46.952789],[28.947515,46.95271],[28.947388,46.952665],[28.947061,46.952501],[28.946725,46.952336],[28.946569,46.952259],[28.946313,46.952188],[28.945956,46.952111],[28.945577,46.952028],[28.945465,46.951991],[28.945228,46.951899],[28.94514,46.951885],[28.944962,46.951857],[28.944832,46.951793],[28.944727,46.95171],[28.944683,46.951657],[28.944624,46.951545],[28.944467,46.951419],[28.944125,46.951272]]]}},{"type":"Feature","properties":{"tip":"path","nume":null,"m":296.0},"geometry":{"type":"MultiLineString","coordinates":[[[28.921457,46.96427],[28.921519,46.964305],[28.922394,46.964938],[28.92407,46.966204],[28.924104,46.966219]]]}},{"type":"Feature","properties":{"tip":"living_street","nume":null,"m":705.0},"geometry":{"type":"MultiLineString","coordinates":[[[28.942769,46.969849],[28.94304,46.967956],[28.943163,46.966982],[28.943203,46.966282],[28.943261,46.96604],[28.943329,46.965812],[28.943353,46.965621],[28.943544,46.964475],[28.943593,46.963866],[28.943663,46.963544]]]}},{"type":"Feature","properties":{"tip":"living_street","nume":null,"m":328.0},"geometry":{"type":"MultiLineString","coordinates":[[[28.946268,46.967814],[28.946213,46.967754],[28.946286,46.967177],[28.946453,46.966694],[28.946638,46.966566],[28.947315,46.966133],[28.947781,46.965601],[28.948304,46.96571]]]}},{"type":"Feature","properties":{"tip":"path","nume":null,"m":29.0},"geometry":{"type":"MultiLineString","coordinates":[[[28.924696,46.966479],[28.924992,46.966645]]]}},{"type":"Feature","properties":{"tip":"living_street","nume":null,"m":134.0},"geometry":{"type":"MultiLineString","coordinates":[[[28.947781,46.965601],[28.947278,46.965484],[28.946897,46.965481],[28.946598,46.965504],[28.946281,46.965598],[28.946082,46.965577]]]}},{"type":"Feature","properties":{"tip":"living_street","nume":null,"m":556.0},"geometry":{"type":"MultiLineString","coordinates":[[[28.947179,46.951875],[28.94762,46.951424],[28.94846,46.950459],[28.949196,46.949619],[28.950939,46.947585]]]}},{"type":"Feature","properties":{"tip":"living_street","nume":null,"m":6.0},"geometry":{"type":"MultiLineString","coordinates":[[[28.952355,46.944181],[28.952423,46.944151]]]}},{"type":"Feature","properties":{"tip":"living_street","nume":null,"m":351.0},"geometry":{"type":"MultiLineString","coordinates":[[[28.946115,46.96949],[28.945834,46.970647],[28.945358,46.972608]]]}},{"type":"Feature","properties":{"tip":"living_street","nume":"Strada Mihail Sadoveanu","m":486.0},"geometry":{"type":"MultiLineString","coordinates":[[[28.932662,46.966712],[28.932647,46.966739],[28.932481,46.96705],[28.932302,46.967428],[28.932223,46.96759],[28.932192,46.967678],[28.932124,46.967821],[28.931999,46.968036],[28.931911,46.968167],[28.931691,46.968555],[28.931366,46.969146],[28.931196,46.969471],[28.931082,46.969736],[28.931019,46.970012],[28.93094,46.97023],[28.930879,46.970502],[28.930815,46.97064],[28.930724,46.970867]]]}},{"type":"Feature","properties":{"tip":"living_street","nume":null,"m":329.0},"geometry":{"type":"MultiLineString","coordinates":[[[28.943022,46.961761],[28.943872,46.961935],[28.944695,46.962111],[28.945534,46.962288],[28.946285,46.962443],[28.94646,46.962478],[28.947161,46.962619]]]}},{"type":"Feature","properties":{"tip":"living_street","nume":null,"m":635.0},"geometry":{"type":"MultiLineString","coordinates":[[[28.944016,46.959807],[28.944953,46.95721],[28.945011,46.957116],[28.945377,46.955916],[28.945961,46.954251]]]}},{"type":"Feature","properties":{"tip":"living_street","nume":null,"m":415.0},"geometry":{"type":"MultiLineString","coordinates":[[[28.943439,46.959669],[28.943493,46.959995],[28.943022,46.961761],[28.942647,46.963165],[28.942807,46.963309]]]}},{"type":"Feature","properties":{"tip":"living_street","nume":null,"m":255.0},"geometry":{"type":"MultiLineString","coordinates":[[[28.950004,46.947204],[28.949916,46.947252],[28.948263,46.949157]]]}},{"type":"Feature","properties":{"tip":"track","nume":null,"m":463.0},"geometry":{"type":"MultiLineString","coordinates":[[[28.936159,46.968056],[28.933853,46.970307],[28.933139,46.97102],[28.932799,46.971515]]]}},{"type":"Feature","properties":{"tip":"living_street","nume":"Strada Prieteniei","m":99.0},"geometry":{"type":"MultiLineString","coordinates":[[[28.949619,46.945983],[28.9498,46.945983],[28.949991,46.94595],[28.950204,46.945906],[28.950503,46.945812],[28.950643,46.945826],[28.95076,46.945871],[28.950838,46.94591]]]}},{"type":"Feature","properties":{"tip":"track","nume":null,"m":537.0},"geometry":{"type":"MultiLineString","coordinates":[[[28.941679,46.973812],[28.941572,46.973972],[28.941535,46.974576],[28.941536,46.97473],[28.94147,46.975193],[28.941488,46.975361],[28.941506,46.975538],[28.941685,46.975915],[28.941702,46.97609],[28.941668,46.976185],[28.941568,46.976245],[28.94147,46.976507],[28.941119,46.976808],[28.940688,46.977575],[28.940387,46.978111],[28.94035,46.978385]]]}},{"type":"Feature","properties":{"tip":"residential","nume":"Strada Grădinarilor","m":2245.0},"geometry":{"type":"MultiLineString","coordinates":[[[28.945404,46.948942],[28.944679,46.949831],[28.944468,46.950052],[28.944379,46.950144],[28.943986,46.950547],[28.943767,46.950807],[28.943615,46.951034],[28.943594,46.951067],[28.943557,46.951119],[28.943179,46.951653],[28.943054,46.951845],[28.942955,46.952034],[28.942877,46.952222],[28.942474,46.953265],[28.942412,46.953425],[28.942232,46.953846],[28.941839,46.954653],[28.941618,46.955155],[28.941209,46.956032],[28.940991,46.956483],[28.940348,46.957775],[28.940278,46.957917],[28.940259,46.957952],[28.94023,46.958005],[28.940205,46.958049],[28.940188,46.95808],[28.939955,46.958493],[28.939848,46.958684],[28.939803,46.958765],[28.939525,46.959257],[28.939084,46.96004],[28.939038,46.960127],[28.938908,46.960373],[28.938774,46.960625],[28.938667,46.960824],[28.938608,46.960927],[28.938585,46.960967],[28.938466,46.961173],[28.938307,46.961384],[28.938058,46.961745],[28.937884,46.96196],[28.937677,46.962213],[28.937406,46.962446],[28.937217,46.962607],[28.936828,46.96291],[28.936223,46.963343],[28.935723,46.963662],[28.935602,46.963739],[28.935352,46.963898],[28.935267,46.963952],[28.933591,46.96522],[28.93244,46.966121],[28.932098,46.966403],[28.931928,46.966537]]]}},{"type":"Feature","properties":{"tip":"living_street","nume":null,"m":636.0},"geometry":{"type":"MultiLineString","coordinates":[[[28.943612,46.96988],[28.943701,46.969414],[28.943758,46.968924],[28.943915,46.967937],[28.944029,46.967059],[28.9442,46.96623],[28.944231,46.965787],[28.944202,46.965593],[28.944551,46.964368],[28.944628,46.964211]]]}},{"type":"Feature","properties":{"tip":"living_street","nume":"Strada Prieteniei","m":99.0},"geometry":{"type":"MultiLineString","coordinates":[[[28.948935,46.945235],[28.948993,46.94533],[28.949026,46.945387],[28.94907,46.945424],[28.949192,46.9455],[28.949299,46.9456],[28.949372,46.945681],[28.949619,46.945983]]]}},{"type":"Feature","properties":{"tip":"living_street","nume":null,"m":273.0},"geometry":{"type":"MultiLineString","coordinates":[[[28.951276,46.95066],[28.950542,46.951522],[28.949431,46.952761]]]}},{"type":"Feature","properties":{"tip":"living_street","nume":null,"m":249.0},"geometry":{"type":"MultiLineString","coordinates":[[[28.950593,46.950315],[28.949869,46.951178],[28.948901,46.952231]]]}},{"type":"Feature","properties":{"tip":"living_street","nume":"Strada Grădinarilor","m":147.0},"geometry":{"type":"MultiLineString","coordinates":[[[28.929664,46.968619],[28.929708,46.968634],[28.929917,46.968706],[28.93055,46.968864],[28.930749,46.968923],[28.930838,46.969054],[28.931366,46.969146]]]}},{"type":"Feature","properties":{"tip":"living_street","nume":null,"m":9.0},"geometry":{"type":"MultiLineString","coordinates":[[[28.954176,46.945748],[28.954065,46.945771]]]}},{"type":"Feature","properties":{"tip":"living_street","nume":null,"m":292.0},"geometry":{"type":"MultiLineString","coordinates":[[[28.949118,46.958638],[28.949049,46.95868],[28.948615,46.958685],[28.948497,46.958732],[28.948031,46.958834],[28.947736,46.958987],[28.947658,46.959132],[28.947472,46.959697],[28.947393,46.959812],[28.947266,46.95991],[28.947044,46.960081],[28.946614,46.960301]]]}},{"type":"Feature","properties":{"tip":"living_street","nume":"Strada Constituției","m":183.0},"geometry":{"type":"MultiLineString","coordinates":[[[28.937677,46.962213],[28.937779,46.962271],[28.937918,46.962339],[28.93808,46.962409],[28.938228,46.962458],[28.938786,46.962612],[28.939347,46.962772],[28.939834,46.962925]]]}},{"type":"Feature","properties":{"tip":"living_street","nume":null,"m":555.0},"geometry":{"type":"MultiLineString","coordinates":[[[28.954787,46.946255],[28.954543,46.946468],[28.952918,46.94834],[28.951021,46.950531]]]}},{"type":"Feature","properties":{"tip":"living_street","nume":null,"m":273.0},"geometry":{"type":"MultiLineString","coordinates":[[[28.949896,46.949971],[28.949132,46.950802],[28.948323,46.951754],[28.948051,46.952078]]]}},{"type":"Feature","properties":{"tip":"living_street","nume":"Strada Sfânta Treime","m":187.0},"geometry":{"type":"MultiLineString","coordinates":[[[28.936547,46.964509],[28.93678,46.964333],[28.936896,46.964294],[28.936981,46.964287],[28.937066,46.964296],[28.937316,46.964359],[28.937423,46.964359],[28.93751,46.964296],[28.937772,46.963963],[28.937919,46.963775],[28.938058,46.963591],[28.938086,46.963551],[28.938121,46.963507]]]}},{"type":"Feature","properties":{"tip":"living_street","nume":null,"m":801.0},"geometry":{"type":"MultiLineString","coordinates":[[[28.941773,46.958601],[28.941864,46.958503],[28.942017,46.958116],[28.942226,46.957524],[28.942353,46.957123],[28.942458,46.956907],[28.942513,46.956859],[28.943144,46.955032],[28.943581,46.953687],[28.944727,46.95171]]]}},{"type":"Feature","properties":{"tip":"living_street","nume":null,"m":256.0},"geometry":{"type":"MultiLineString","coordinates":[[[28.946614,46.960301],[28.946817,46.960358],[28.946903,46.960479],[28.946863,46.960628],[28.946779,46.96113],[28.946489,46.961717],[28.946285,46.962443]]]}},{"type":"Feature","properties":{"tip":"living_street","nume":null,"m":857.0},"geometry":{"type":"MultiLineString","coordinates":[[[28.946313,46.952188],[28.946109,46.952524],[28.945245,46.954073],[28.944807,46.955338],[28.944657,46.955772],[28.944201,46.95709],[28.944183,46.957143],[28.94333,46.959604]]]}},{"type":"Feature","properties":{"tip":"living_street","nume":"Strada Sfântul Dumitru","m":941.0},"geometry":{"type":"MultiLineString","coordinates":[[[28.926946,46.967627],[28.926838,46.96764],[28.926779,46.967656],[28.926712,46.967685],[28.926257,46.968044],[28.926085,46.968157],[28.925866,46.968299],[28.925443,46.968618],[28.924612,46.969251],[28.923578,46.970043],[28.923163,46.97036],[28.92297,46.970519],[28.922861,46.970621],[28.922668,46.970847],[28.922588,46.970958],[28.92251,46.971061],[28.922361,46.971247],[28.922089,46.971558],[28.921832,46.971898],[28.921589,46.972202],[28.921493,46.972365],[28.921356,46.972512],[28.921186,46.972686],[28.921044,46.97285],[28.920883,46.973036],[28.920844,46.973081],[28.920641,46.973349],[28.920556,46.973508],[28.920376,46.973699],[28.920038,46.974047],[28.919789,46.974331],[28.919777,46.974406]]]}},{"type":"Feature","properties":{"tip":"living_street","nume":null,"m":489.0},"geometry":{"type":"MultiLineString","coordinates":[[[28.946786,46.948394],[28.947132,46.948585],[28.947437,46.94874],[28.947824,46.948935],[28.948263,46.949157],[28.948502,46.949276],[28.949196,46.949619],[28.949896,46.949971],[28.950125,46.950079],[28.950593,46.950315],[28.951021,46.950531],[28.951276,46.95066],[28.95196,46.951004]]]}},{"type":"Feature","properties":{"tip":"living_street","nume":null,"m":5.0},"geometry":{"type":"MultiLineString","coordinates":[[[28.953479,46.94529],[28.953518,46.945253]]]}},{"type":"Feature","properties":{"tip":"living_street","nume":null,"m":625.0},"geometry":{"type":"MultiLineString","coordinates":[[[28.948446,46.954822],[28.948316,46.955187],[28.947958,46.956273],[28.947545,46.957471],[28.947471,46.957706],[28.946773,46.959585],[28.946678,46.959958],[28.946614,46.960301]]]}},{"type":"Feature","properties":{"tip":"track","nume":null,"m":1322.0},"geometry":{"type":"MultiLineString","coordinates":[[[28.933886,46.977985],[28.933882,46.977949],[28.933854,46.977915],[28.933789,46.977906],[28.933646,46.977937],[28.933534,46.977982],[28.933355,46.97796],[28.932604,46.977916],[28.931715,46.977905],[28.93096,46.977896],[28.9301,46.977904],[28.92966,46.977872],[28.92951,46.977859],[28.928861,46.977794],[28.928858,46.977794],[28.927783,46.977832],[28.927289,46.977783],[28.927091,46.977739],[28.926715,46.977689],[28.925906,46.977638],[28.92529,46.977653],[28.92521,46.977747],[28.925113,46.97788],[28.923027,46.980194],[28.921471,46.981964],[28.921384,46.982066],[28.920856,46.982594],[28.920775,46.98269]]]}},{"type":"Feature","properties":{"tip":"living_street","nume":"Strada Grădinarilor","m":447.0},"geometry":{"type":"MultiLineString","coordinates":[[[28.941839,46.954653],[28.941961,46.954671],[28.942048,46.954699],[28.942444,46.954868],[28.942598,46.954938],[28.942485,46.955319],[28.94234,46.955773],[28.942233,46.956095],[28.942131,46.956483],[28.942033,46.956775],[28.941997,46.956882],[28.9419,46.95708],[28.941739,46.957344],[28.941401,46.957915],[28.941305,46.958074],[28.941273,46.958175],[28.941247,46.958224]]]}},{"type":"Feature","properties":{"tip":"living_street","nume":null,"m":433.0},"geometry":{"type":"MultiLineString","coordinates":[[[28.948457,46.965018],[28.947913,46.964943],[28.946243,46.964695],[28.945386,46.964547],[28.944628,46.964211],[28.944129,46.963801],[28.943663,46.963544],[28.94347,46.963422]]]}},{"type":"Feature","properties":{"tip":"living_street","nume":"Strada Alba-Iulia","m":222.0},"geometry":{"type":"MultiLineString","coordinates":[[[28.934076,46.967026],[28.93469,46.966113],[28.93522,46.965391],[28.935332,46.965221]]]}},{"type":"Feature","properties":{"tip":"living_street","nume":null,"m":268.0},"geometry":{"type":"MultiLineString","coordinates":[[[28.942747,46.953494],[28.94386,46.951654],[28.944038,46.951403],[28.944125,46.951272]]]}},{"type":"Feature","properties":{"tip":"living_street","nume":null,"m":550.0},"geometry":{"type":"MultiLineString","coordinates":[[[28.945404,46.948942],[28.94642,46.949416],[28.947105,46.949766],[28.947781,46.950112],[28.94846,46.950459],[28.949132,46.950802],[28.949869,46.951178],[28.950542,46.951522],[28.951229,46.951873]]]}},{"type":"Feature","properties":{"tip":"living_street","nume":null,"m":504.0},"geometry":{"type":"MultiLineString","coordinates":[[[28.944689,46.968101],[28.944759,46.968076],[28.944844,46.968117],[28.945432,46.968754],[28.946115,46.96949],[28.946782,46.970212],[28.946675,46.970724],[28.946381,46.972124]]]}},{"type":"Feature","properties":{"tip":"living_street","nume":null,"m":3.0},"geometry":{"type":"MultiLineString","coordinates":[[[28.952938,46.944681],[28.952968,46.944667]]]}},{"type":"Feature","properties":{"tip":"service","nume":null,"m":135.0},"geometry":{"type":"MultiLineString","coordinates":[[[28.943163,46.966982],[28.944029,46.967059],[28.944383,46.967098],[28.944917,46.967158]]]}},{"type":"Feature","properties":{"tip":"living_street","nume":null,"m":633.0},"geometry":{"type":"MultiLineString","coordinates":[[[28.946763,46.95444],[28.946206,46.956053],[28.945851,46.957158],[28.94579,46.95735],[28.944848,46.959981]]]}},{"type":"Feature","properties":{"tip":"living_street","nume":null,"m":3.0},"geometry":{"type":"MultiLineString","coordinates":[[[28.954787,46.946255],[28.954789,46.946226]]]}},{"type":"Feature","properties":{"tip":"living_street","nume":null,"m":134.0},"geometry":{"type":"MultiLineString","coordinates":[[[28.949178,46.95372],[28.948552,46.954851]]]}},{"type":"Feature","properties":{"tip":"track","nume":null,"m":165.0},"geometry":{"type":"MultiLineString","coordinates":[[[28.925181,46.96676],[28.926795,46.967551],[28.926946,46.967627]]]}},{"type":"Feature","properties":{"tip":"living_street","nume":null,"m":327.0},"geometry":{"type":"MultiLineString","coordinates":[[[28.945715,46.967834],[28.945825,46.967914],[28.945851,46.968027],[28.945694,46.968535],[28.946313,46.969185],[28.946974,46.969854],[28.94702,46.969905],[28.947185,46.970087],[28.947493,46.970349]]]}},{"type":"Feature","properties":{"tip":"living_street","nume":null,"m":194.0},"geometry":{"type":"MultiLineString","coordinates":[[[28.947735,46.954663],[28.948629,46.953024]]]}},{"type":"Feature","properties":{"tip":"track","nume":null,"m":381.0},"geometry":{"type":"MultiLineString","coordinates":[[[28.919777,46.974406],[28.919971,46.974573],[28.920099,46.974786],[28.920276,46.974953],[28.920516,46.975126],[28.920688,46.975351],[28.920866,46.975706],[28.921006,46.975937],[28.921034,46.976215],[28.921122,46.976351],[28.922725,46.97692]]]}},{"type":"Feature","properties":{"tip":"living_street","nume":null,"m":622.0},"geometry":{"type":"MultiLineString","coordinates":[[[28.948031,46.958834],[28.948403,46.957609],[28.949309,46.955023],[28.949709,46.954283],[28.94975,46.954102],[28.949829,46.953981],[28.949889,46.953939],[28.949955,46.953917],[28.950209,46.953921],[28.950636,46.953962]]]}},{"type":"Feature","properties":{"tip":"living_street","nume":null,"m":68.0},"geometry":{"type":"MultiLineString","coordinates":[[[28.947105,46.949766],[28.946618,46.950282]]]}},{"type":"Feature","properties":{"tip":"track","nume":null,"m":1050.0},"geometry":{"type":"MultiLineString","coordinates":[[[28.92529,46.977653],[28.925424,46.976808],[28.925483,46.976433],[28.925491,46.976388],[28.925756,46.976111],[28.926442,46.975504],[28.927556,46.97497],[28.928315,46.974597],[28.928945,46.974452],[28.930097,46.974295],[28.931626,46.974292],[28.931704,46.974292],[28.93206,46.974305],[28.933156,46.974321],[28.933867,46.974321],[28.934365,46.974327],[28.934466,46.974329],[28.93464,46.974332],[28.935383,46.974347],[28.935887,46.974363],[28.936059,46.974375],[28.93609,46.974377],[28.936295,46.97441]]]}},{"type":"Feature","properties":{"tip":"living_street","nume":null,"m":395.0},"geometry":{"type":"MultiLineString","coordinates":[[[28.944358,46.963578],[28.944695,46.962111],[28.945237,46.960075]]]}},{"type":"Feature","properties":{"tip":"living_street","nume":null,"m":825.0},"geometry":{"type":"MultiLineString","coordinates":[[[28.942559,46.95913],[28.943322,46.957003],[28.943964,46.955186],[28.944423,46.953888],[28.945465,46.951991]]]}},{"type":"Feature","properties":{"tip":"living_street","nume":"Strada Serghei Lunchevici","m":981.0},"geometry":{"type":"MultiLineString","coordinates":[[[28.937021,46.967829],[28.937025,46.967717],[28.937068,46.967605],[28.937269,46.967339],[28.937474,46.967067],[28.938185,46.966089],[28.940103,46.963344],[28.941012,46.961995],[28.941957,46.960657],[28.942556,46.959871]]]}},{"type":"Feature","properties":{"tip":"living_street","nume":null,"m":200.0},"geometry":{"type":"MultiLineString","coordinates":[[[28.946776,46.967889],[28.946808,46.967753],[28.947315,46.966133]]]}},{"type":"Feature","properties":{"tip":"living_street","nume":null,"m":4.0},"geometry":{"type":"MultiLineString","coordinates":[[[28.951907,46.943667],[28.951956,46.943645]]]}},{"type":"Feature","properties":{"tip":"living_street","nume":"Stradela 1 Ştefan cel Mare şi Sfânt","m":534.0},"geometry":{"type":"MultiLineString","coordinates":[[[28.943436,46.978466],[28.943424,46.978243],[28.943528,46.977784],[28.943872,46.976455],[28.944366,46.974525],[28.944623,46.973739]]]}},{"type":"Feature","properties":{"tip":"service","nume":"Strada Gospodarilor","m":213.0},"geometry":{"type":"MultiLineString","coordinates":[[[28.936363,46.974151],[28.937154,46.974142],[28.937566,46.974139],[28.937878,46.974156],[28.93833,46.974171],[28.938739,46.974185],[28.939161,46.974196]]]}},{"type":"Feature","properties":{"tip":"living_street","nume":null,"m":483.0},"geometry":{"type":"MultiLineString","coordinates":[[[28.944363,46.973032],[28.944561,46.972201],[28.944961,46.970534],[28.945349,46.968912],[28.945432,46.968754]]]}},{"type":"Feature","properties":{"tip":"living_street","nume":"Stradela 1 Ștefan cel Mare și Sfânt","m":82.0},"geometry":{"type":"MultiLineString","coordinates":[[[28.943591,46.970308],[28.942515,46.970245]]]}},{"type":"Feature","properties":{"tip":"living_street","nume":null,"m":173.0},"geometry":{"type":"MultiLineString","coordinates":[[[28.945986,46.963999],[28.946107,46.963486],[28.946369,46.962775],[28.94646,46.962478]]]}},{"type":"Feature","properties":{"tip":"living_street","nume":"Strada Timofei Moșneaga","m":237.0},"geometry":{"type":"MultiLineString","coordinates":[[[28.944363,46.973032],[28.945184,46.972682],[28.945358,46.972608],[28.946258,46.972183],[28.946381,46.972124],[28.946802,46.971962],[28.947013,46.971929]]]}},{"type":"Feature","properties":{"tip":"living_street","nume":"Strada Grădinarilor","m":207.0},"geometry":{"type":"MultiLineString","coordinates":[[[28.92992,46.97068],[28.930038,46.97024],[28.930191,46.969782],[28.93055,46.968864]]]}},{"type":"Feature","properties":{"tip":"living_street","nume":null,"m":212.0},"geometry":{"type":"MultiLineString","coordinates":[[[28.946071,46.954282],[28.947061,46.952501]]]}},{"type":"Feature","properties":{"tip":"living_street","nume":null,"m":630.0},"geometry":{"type":"MultiLineString","coordinates":[[[28.945698,46.96015],[28.946022,46.959208],[28.946688,46.95731],[28.947081,46.956207],[28.947113,46.956119],[28.947613,46.954634]]]}},{"type":"Feature","properties":{"tip":"service","nume":null,"m":3296.0},"geometry":{"type":"MultiLineString","coordinates":[[[28.954858,46.97692],[28.957234,46.969609],[28.957818,46.96781],[28.958817,46.96463],[28.959394,46.962734],[28.960353,46.959757],[28.961061,46.957521],[28.96194,46.95481],[28.963688,46.94934],[28.963766,46.949107],[28.963782,46.948974],[28.963762,46.948898],[28.963631,46.948838],[28.963406,46.948799],[28.962794,46.948747],[28.962654,46.948709],[28.962575,46.948675],[28.962499,46.948619],[28.962493,46.948588]]]}},{"type":"Feature","properties":{"tip":"living_street","nume":"Strada Alexandru cel Bun","m":247.0},"geometry":{"type":"MultiLineString","coordinates":[[[28.941012,46.961995],[28.940457,46.961822],[28.940319,46.961776],[28.940262,46.961741],[28.940256,46.961683],[28.940347,46.961482],[28.940338,46.961411],[28.940259,46.961337],[28.940132,46.961277],[28.939927,46.961216],[28.939517,46.961111],[28.938856,46.960933],[28.938667,46.960824]]]}},{"type":"Feature","properties":{"tip":"living_street","nume":null,"m":578.0},"geometry":{"type":"MultiLineString","coordinates":[[[28.950125,46.950079],[28.951937,46.947972],[28.953858,46.945779],[28.953875,46.945753],[28.953826,46.945647],[28.953837,46.945591]]]}},{"type":"Feature","properties":{"tip":"service","nume":null,"m":134.0},"geometry":{"type":"MultiLineString","coordinates":[[[28.942152,46.967967],[28.94304,46.967956],[28.943915,46.967937]]]}},{"type":"Feature","properties":{"tip":"living_street","nume":null,"m":183.0},"geometry":{"type":"MultiLineString","coordinates":[[[28.945889,46.949989],[28.94642,46.949416],[28.947132,46.948585]]]}},{"type":"Feature","properties":{"tip":"living_street","nume":null,"m":304.0},"geometry":{"type":"MultiLineString","coordinates":[[[28.953479,46.94529],[28.953289,46.945358],[28.952512,46.945957],[28.951892,46.946562],[28.951283,46.947201],[28.9513,46.947239],[28.951577,46.947397]]]}},{"type":"Feature","properties":{"tip":"living_street","nume":null,"m":401.0},"geometry":{"type":"MultiLineString","coordinates":[[[28.945179,46.963788],[28.945534,46.962288],[28.946082,46.960232]]]}},{"type":"Feature","properties":{"tip":"living_street","nume":"Stradela 1 Ștefan cel Mare și Sfânt","m":392.0},"geometry":{"type":"MultiLineString","coordinates":[[[28.942294,46.973722],[28.942607,46.972885],[28.942935,46.972044],[28.942947,46.972013],[28.943542,46.970593],[28.943591,46.970308]]]}},{"type":"Feature","properties":{"tip":"living_street","nume":"Strada Prieteniei","m":233.0},"geometry":{"type":"MultiLineString","coordinates":[[[28.952007,46.945852],[28.952005,46.945769],[28.95196,46.945661],[28.951926,46.945608],[28.951913,46.945587],[28.951641,46.945363],[28.951468,46.945202],[28.951133,46.945019],[28.950163,46.94445],[28.949973,46.944364]]]}},{"type":"Feature","properties":{"tip":"living_street","nume":null,"m":200.0},"geometry":{"type":"MultiLineString","coordinates":[[[28.947839,46.952789],[28.946905,46.954473]]]}},{"type":"Feature","properties":{"tip":"living_street","nume":null,"m":406.0},"geometry":{"type":"MultiLineString","coordinates":[[[28.947647,46.968021],[28.948239,46.966102],[28.948298,46.965891],[28.948304,46.96571],[28.948326,46.965433],[28.948457,46.965018],[28.948626,46.964437]]]}},{"type":"Feature","properties":{"tip":"track","nume":null,"m":783.0},"geometry":{"type":"MultiLineString","coordinates":[[[28.930724,46.970867],[28.930494,46.972123],[28.930097,46.974295],[28.929975,46.975642],[28.92951,46.977859]]]}},{"type":"Feature","properties":{"tip":"track","nume":null,"m":237.0},"geometry":{"type":"MultiLineString","coordinates":[[[28.983929,46.993992],[28.983752,46.993993],[28.983466,46.99414],[28.983302,46.994229],[28.983054,46.99436],[28.982308,46.994747],[28.982163,46.994816],[28.982111,46.994852],[28.982044,46.994901],[28.982005,46.994945],[28.981971,46.995008],[28.981958,46.995066],[28.981956,46.995223],[28.981936,46.995297],[28.981918,46.995333],[28.98187,46.995412]]]}},{"type":"Feature","properties":{"tip":"living_street","nume":"Strada Dragoș-Vodă","m":211.0},"geometry":{"type":"MultiLineString","coordinates":[[[28.979167,46.994276],[28.979311,46.994356],[28.979485,46.994456],[28.979555,46.994524],[28.979614,46.994597],[28.979683,46.9947],[28.979734,46.994805],[28.979969,46.99529],[28.980033,46.995419],[28.980231,46.995844],[28.980264,46.995973]]]}},{"type":"Feature","properties":{"tip":"living_street","nume":"Strada George Coșbuc","m":330.0},"geometry":{"type":"MultiLineString","coordinates":[[[28.974338,46.995821],[28.974352,46.995937],[28.974313,46.996095],[28.974123,46.996447],[28.973332,46.997848],[28.973216,46.998002],[28.973128,46.998045],[28.972929,46.998114],[28.972642,46.998234],[28.97258,46.998264],[28.972451,46.998364]]]}},{"type":"Feature","properties":{"tip":"track","nume":null,"m":23.0},"geometry":{"type":"MultiLineString","coordinates":[[[28.983541,46.993237],[28.983647,46.993433]]]}},{"type":"Feature","properties":{"tip":"living_street","nume":"Strada 31 August 1989","m":246.0},"geometry":{"type":"MultiLineString","coordinates":[[[28.976309,46.998674],[28.976158,46.998586],[28.976075,46.998552],[28.975988,46.998517],[28.975443,46.998374],[28.975108,46.998309],[28.973464,46.997919],[28.973383,46.997885],[28.973332,46.997848]]]}},{"type":"Feature","properties":{"tip":"living_street","nume":"Strada Aminitirilor","m":428.0},"geometry":{"type":"MultiLineString","coordinates":[[[28.977228,46.994724],[28.977205,46.994845],[28.97717,46.994926],[28.977124,46.995034],[28.976996,46.995234],[28.976714,46.995719],[28.976526,46.996119],[28.97633,46.996524],[28.976056,46.997081],[28.97576,46.997728],[28.975443,46.998374]]]}},{"type":"Feature","properties":{"tip":"living_street","nume":"Strada Aminitirilor","m":213.0},"geometry":{"type":"MultiLineString","coordinates":[[[28.978678,46.997477],[28.977997,46.997284],[28.977906,46.997295],[28.977709,46.997393],[28.977604,46.997412],[28.977504,46.997403],[28.977301,46.997358],[28.976056,46.997081]]]}},{"type":"Feature","properties":{"tip":"track","nume":null,"m":288.0},"geometry":{"type":"MultiLineString","coordinates":[[[28.968505,46.997494],[28.969974,46.998694],[28.970227,46.9989],[28.97035,46.999021],[28.970696,46.999398],[28.970737,46.999465],[28.970805,46.999539]]]}},{"type":"Feature","properties":{"tip":"living_street","nume":"Strada Nicolae Costin","m":238.0},"geometry":{"type":"MultiLineString","coordinates":[[[28.971842,47.000637],[28.973322,46.999569],[28.973718,46.99929],[28.973907,46.999154],[28.973989,46.999076]]]}},{"type":"Feature","properties":{"tip":"track","nume":null,"m":414.0},"geometry":{"type":"MultiLineString","coordinates":[[[28.979318,46.996729],[28.979252,46.996813],[28.979213,46.996861],[28.979065,46.996996],[28.978678,46.997477],[28.978071,46.998526],[28.97797,46.998605],[28.977896,46.998656],[28.977742,46.998748],[28.976954,46.999101],[28.976786,46.999185],[28.976557,46.999299],[28.976165,46.99947],[28.976105,46.999491],[28.976006,46.999497]]]}},{"type":"Feature","properties":{"tip":"track","nume":null,"m":816.0},"geometry":{"type":"MultiLineString","coordinates":[[[28.97059,46.992586],[28.970998,46.99242],[28.971296,46.992252],[28.971772,46.991938],[28.972019,46.991695],[28.972202,46.991599],[28.972431,46.991567],[28.972893,46.991602],[28.973314,46.991663],[28.974836,46.991961],[28.975089,46.992017],[28.975771,46.991915],[28.97618,46.991916],[28.976423,46.991952],[28.976813,46.992164],[28.977046,46.992357],[28.977155,46.992485],[28.977232,46.992613],[28.977593,46.993211],[28.977628,46.99327],[28.978164,46.994065],[28.978356,46.994458]]]}},{"type":"Feature","properties":{"tip":"living_street","nume":"Strada Bubuieci","m":263.0},"geometry":{"type":"MultiLineString","coordinates":[[[28.978356,46.994458],[28.978798,46.995359],[28.978935,46.995708],[28.978976,46.995808],[28.97927,46.996531],[28.979318,46.996729]]]}},{"type":"Feature","properties":{"tip":"living_street","nume":"Strada George Coșbuc","m":208.0},"geometry":{"type":"MultiLineString","coordinates":[[[28.972451,46.998364],[28.972089,46.998624],[28.971275,46.999208],[28.970887,46.999474],[28.970805,46.999539],[28.970548,46.999711]]]}},{"type":"Feature","properties":{"tip":"track","nume":null,"m":2105.0},"geometry":{"type":"MultiLineString","coordinates":[[[28.976152,46.999886],[28.976163,47.000035],[28.976156,47.000143],[28.976132,47.000225],[28.976039,47.000391],[28.975904,47.000612],[28.975703,47.000906],[28.975586,47.001108],[28.975457,47.001423],[28.975385,47.001683],[28.975344,47.001813],[28.975199,47.002168],[28.974967,47.002674],[28.974842,47.003061],[28.974625,47.003542],[28.974352,47.004115],[28.974024,47.004871],[28.973693,47.005628],[28.97348,47.006102],[28.973464,47.006149]],[[28.973651,47.006592],[28.973676,47.006574],[28.974006,47.006352],[28.974365,47.006093],[28.9746,47.005957],[28.975048,47.005765],[28.975202,47.005691],[28.975453,47.005521],[28.975757,47.005317],[28.976426,47.004927],[28.976967,47.004598],[28.977124,47.004483],[28.977731,47.004013],[28.978139,47.003718],[28.979044,47.003073],[28.979971,47.002447],[28.980492,47.002122],[28.980728,47.002018],[28.981109,47.001885],[28.981543,47.001676],[28.981828,47.001514],[28.982287,47.001207],[28.982427,47.001125],[28.982646,47.001023],[28.98311,47.000861],[28.983359,47.000768],[28.983515,47.000685],[28.983661,47.00057],[28.983777,47.000443],[28.983941,47.000216],[28.984169,46.999913],[28.984273,46.999795],[28.984327,46.999741],[28.984515,46.999579],[28.984667,46.999474],[28.985139,46.999166],[28.985374,46.998983],[28.985614,46.998784]],[[28.985663,46.998741],[28.985976,46.998425],[28.986246,46.998159],[28.986381,46.998059],[28.986461,46.998024],[28.986517,46.997983]]]}},{"type":"Feature","properties":{"tip":"track","nume":null,"m":624.0},"geometry":{"type":"MultiLineString","coordinates":[[[28.962499,46.948619],[28.962304,46.948664],[28.962136,46.948657],[28.961613,46.948543],[28.961285,46.948512],[28.960932,46.948493],[28.960664,46.948484],[28.960178,46.9485],[28.959895,46.948475],[28.959659,46.948444],[28.959454,46.948411],[28.959269,46.948391],[28.959124,46.948364],[28.958977,46.948314],[28.958468,46.948076],[28.958301,46.948021],[28.957949,46.947942],[28.957294,46.947876],[28.957038,46.947945],[28.956615,46.947993],[28.956365,46.947978],[28.955372,46.94791],[28.955302,46.947878],[28.955057,46.947908],[28.954811,46.947939],[28.9546,46.947991]]]}},{"type":"Feature","properties":{"tip":"track","nume":null,"m":107.0},"geometry":{"type":"MultiLineString","coordinates":[[[28.970731,46.997245],[28.970684,46.997335],[28.970645,46.997383],[28.970585,46.997411],[28.969584,46.997747]]]}},{"type":"Feature","properties":{"tip":"tertiary","nume":"Strada Chișinău","m":565.0},"geometry":{"type":"MultiLineString","coordinates":[[[28.977228,46.994724],[28.977116,46.994751],[28.977047,46.994766],[28.976859,46.994826],[28.976553,46.994947],[28.976148,46.995106],[28.975155,46.995492],[28.974338,46.995821],[28.973087,46.996336],[28.972323,46.996653],[28.97185,46.996861],[28.971722,46.996927],[28.971221,46.997189],[28.971165,46.997212],[28.971036,46.997264],[28.970942,46.997287],[28.970848,46.997285]]]}},{"type":"Feature","properties":{"tip":"track","nume":null,"m":149.0},"geometry":{"type":"MultiLineString","coordinates":[[[28.949419,46.942608],[28.94942,46.94261],[28.949502,46.942668],[28.949589,46.942715],[28.949697,46.94274],[28.949882,46.942774],[28.950116,46.942816],[28.950328,46.942859],[28.950496,46.942921],[28.950632,46.943026],[28.950773,46.943185],[28.950887,46.943371]]]}},{"type":"Feature","properties":{"tip":"track","nume":null,"m":267.0},"geometry":{"type":"MultiLineString","coordinates":[[[28.968784,46.949704],[28.968875,46.949709],[28.96929,46.949737]],[[28.969346,46.949744],[28.969718,46.949821],[28.969818,46.949832],[28.969929,46.949845],[28.970298,46.949837],[28.970737,46.949822],[28.971052,46.949864],[28.971272,46.949922],[28.97173,46.950085],[28.972161,46.950285]]]}},{"type":"Feature","properties":{"tip":"track","nume":null,"m":1236.0},"geometry":{"type":"MultiLineString","coordinates":[[[28.924259,46.961244],[28.923051,46.962813],[28.922643,46.963317],[28.922063,46.963861],[28.921519,46.964305],[28.920584,46.965055],[28.919653,46.965748],[28.919356,46.965986],[28.918694,46.96652],[28.917737,46.967365],[28.917571,46.967486],[28.91751,46.967549],[28.917491,46.967605],[28.917491,46.967671],[28.917499,46.967739],[28.917582,46.967988],[28.917628,46.968033],[28.917733,46.968058],[28.918346,46.968315],[28.918528,46.968427],[28.918726,46.968557],[28.91889,46.968714],[28.919012,46.968798],[28.919387,46.969062],[28.919442,46.969253],[28.919441,46.969383],[28.918806,46.969997],[28.918706,46.970047]]]}},{"type":"Feature","properties":{"tip":"tertiary","nume":"Strada Toader Bubuiog","m":166.0},"geometry":{"type":"MultiLineString","coordinates":[[[28.929999,46.985573],[28.930074,46.985497],[28.930082,46.985487],[28.930194,46.985342],[28.93057,46.984857],[28.930598,46.98482],[28.930739,46.984644],[28.930932,46.984412],[28.931002,46.984345],[28.931082,46.984275]]]}},{"type":"Feature","properties":{"tip":"track","nume":null,"m":233.0},"geometry":{"type":"MultiLineString","coordinates":[[[28.9737,46.954838],[28.973657,46.954865],[28.973428,46.955037],[28.973323,46.95525],[28.973137,46.955542],[28.972919,46.956632],[28.973029,46.9568]]]}},{"type":"Feature","properties":{"tip":"track","nume":null,"m":666.0},"geometry":{"type":"MultiLineString","coordinates":[[[28.972161,46.950285],[28.972136,46.950372],[28.972113,46.950484],[28.971925,46.950899],[28.971837,46.951261],[28.97131,46.953172],[28.971021,46.954112],[28.971016,46.954172],[28.971238,46.954399],[28.971536,46.954418],[28.973377,46.954746],[28.973643,46.95478],[28.973722,46.954766]]]}},{"type":"Feature","properties":{"tip":"service","nume":null,"m":36.0},"geometry":{"type":"MultiLineString","coordinates":[[[28.942586,46.978482],[28.942595,46.978159]]]}},{"type":"Feature","properties":{"tip":"living_street","nume":"Stradela Aleea Parcului","m":116.0},"geometry":{"type":"MultiLineString","coordinates":[[[28.932292,46.980876],[28.933414,46.98085],[28.933728,46.980843],[28.933817,46.980841]]]}},{"type":"Feature","properties":{"tip":"residential","nume":"Strada Mănăstirea Humorului","m":282.0},"geometry":{"type":"MultiLineString","coordinates":[[[28.93116,46.997107],[28.931654,46.996575],[28.932156,46.996047],[28.932642,46.99551],[28.932811,46.995331],[28.932926,46.995142],[28.933004,46.994926]]]}},{"type":"Feature","properties":{"tip":"tertiary","nume":"Strada Toader Bubuiog","m":138.0},"geometry":{"type":"MultiLineString","coordinates":[[[28.928504,46.98626],[28.928681,46.986188],[28.929107,46.986015],[28.929635,46.985801],[28.929769,46.985731],[28.929891,46.985654],[28.929999,46.985573]]]}},{"type":"Feature","properties":{"tip":"tertiary","nume":"Strada Uzinelor","m":103.0},"geometry":{"type":"MultiLineString","coordinates":[[[28.927334,46.986721],[28.928504,46.98626]]]}},{"type":"Feature","properties":{"tip":"residential","nume":"Strada Toader Bubuiog","m":570.0},"geometry":{"type":"MultiLineString","coordinates":[[[28.946468,46.984602],[28.946684,46.98464],[28.946706,46.984645],[28.947488,46.984748],[28.948105,46.984834],[28.948511,46.984881],[28.949106,46.984931],[28.949519,46.98495],[28.949578,46.984952],[28.949964,46.984963],[28.95057,46.984913],[28.950846,46.984917],[28.95123,46.984935],[28.951548,46.984955],[28.951882,46.985003],[28.95193,46.985011],[28.952387,46.985078],[28.952967,46.985161],[28.953857,46.985287]]]}},{"type":"Feature","properties":{"tip":"residential","nume":"Strada Dumbravei","m":621.0},"geometry":{"type":"MultiLineString","coordinates":[[[28.942665,46.997491],[28.942508,46.997404],[28.941776,46.997069],[28.940887,46.996672],[28.940131,46.996358],[28.939704,46.996223],[28.939663,46.996211],[28.939422,46.996139],[28.939194,46.996075],[28.938683,46.995946],[28.938176,46.995831],[28.937275,46.995637],[28.936356,46.99543],[28.936057,46.995369],[28.93558,46.995275],[28.935352,46.995247],[28.935278,46.995238]]]}},{"type":"Feature","properties":{"tip":"track","nume":null,"m":3237.0},"geometry":{"type":"MultiLineString","coordinates":[[[28.960178,46.9485],[28.96017,46.948571],[28.960089,46.948844],[28.95859,46.953564],[28.956669,46.959474],[28.956415,46.959939],[28.955679,46.962275],[28.954943,46.96464],[28.954936,46.964698],[28.954908,46.964946],[28.954876,46.965231],[28.954712,46.965738],[28.952922,46.971306],[28.952843,46.97153],[28.952361,46.973175],[28.951317,46.976743],[28.951324,46.976963]]]}},{"type":"Feature","properties":{"tip":"living_street","nume":"Strada Toamnei","m":394.0},"geometry":{"type":"MultiLineString","coordinates":[[[28.951324,46.976963],[28.951556,46.978173],[28.951686,46.979331],[28.951706,46.979501],[28.951822,46.980485]]]}},{"type":"Feature","properties":{"tip":"track","nume":null,"m":2772.0},"geometry":{"type":"MultiLineString","coordinates":[[[28.971016,46.954172],[28.971009,46.954289],[28.970968,46.954409],[28.970264,46.957123],[28.970305,46.957324],[28.9704,46.957452],[28.97057,46.957639],[28.970654,46.957783],[28.970919,46.958296],[28.971019,46.958662],[28.970934,46.95939],[28.970663,46.960913],[28.970292,46.962949],[28.969982,46.965589],[28.969983,46.966136],[28.969987,46.966255],[28.969991,46.966392],[28.969947,46.966681],[28.968095,46.971417],[28.967967,46.971851],[28.966856,46.974218],[28.966127,46.976417],[28.965702,46.97772],[28.965636,46.977976],[28.965674,46.978159],[28.965781,46.978362],[28.965809,46.978525]]]}},{"type":"Feature","properties":{"tip":"service","nume":null,"m":366.0},"geometry":{"type":"MultiLineString","coordinates":[[[28.952071,46.981771],[28.951847,46.981646],[28.951704,46.98164],[28.9494,46.98175],[28.949252,46.981765],[28.949222,46.981768],[28.949137,46.981777],[28.948954,46.981811],[28.948874,46.981816],[28.948071,46.981509],[28.947984,46.981428],[28.947965,46.98137],[28.947964,46.98128],[28.947939,46.98111]]]}},{"type":"Feature","properties":{"tip":"living_street","nume":"Strada Viilor","m":68.0},"geometry":{"type":"MultiLineString","coordinates":[[[28.951758,46.983986],[28.951656,46.983965],[28.951361,46.983996],[28.950876,46.984066]]]}},{"type":"Feature","properties":{"tip":"track","nume":null,"m":2600.0},"geometry":{"type":"MultiLineString","coordinates":[[[28.954858,46.97692],[28.954964,46.977116],[28.956104,46.981353],[28.957318,46.98574],[28.957666,46.986765],[28.958066,46.98794],[28.958073,46.988283],[28.958096,46.989486],[28.958068,46.989534],[28.957732,46.990092],[28.956623,46.991728],[28.956189,46.992367],[28.955926,46.993263],[28.95585,46.993506],[28.95564,46.994231],[28.955539,46.994554],[28.955376,46.99496],[28.955002,46.995895],[28.954329,46.99701],[28.954188,46.997222],[28.953988,46.997481],[28.953501,46.998008],[28.952526,46.999064],[28.952403,46.999161],[28.952336,46.999232]]]}},{"type":"Feature","properties":{"tip":"track","nume":null,"m":287.0},"geometry":{"type":"MultiLineString","coordinates":[[[28.959394,46.962734],[28.957715,46.962534],[28.955679,46.962275]]]}},{"type":"Feature","properties":{"tip":"track","nume":null,"m":426.0},"geometry":{"type":"MultiLineString","coordinates":[[[28.947432,46.97054],[28.95018,46.970923],[28.950475,46.970964],[28.95194,46.971168],[28.952922,46.971306]]]}},{"type":"Feature","properties":{"tip":"track","nume":null,"m":501.0},"geometry":{"type":"MultiLineString","coordinates":[[[28.948491,46.97738],[28.948619,46.977881],[28.948628,46.978584],[28.948665,46.979242],[28.948695,46.979866],[28.948787,46.98053],[28.948821,46.981285],[28.948837,46.98135],[28.948956,46.981573],[28.949005,46.981622],[28.949126,46.981711],[28.949252,46.981765]]]}},{"type":"Feature","properties":{"tip":"service","nume":null,"m":212.0},"geometry":{"type":"MultiLineString","coordinates":[[[28.939101,46.976015],[28.936753,46.975959],[28.936328,46.976008]]]}},{"type":"Feature","properties":{"tip":"track","nume":null,"m":883.0},"geometry":{"type":"MultiLineString","coordinates":[[[28.970416,46.998778],[28.97031,46.998856],[28.970227,46.9989],[28.969646,46.999146],[28.968951,46.99959],[28.968696,46.999756],[28.968477,46.999967],[28.968228,47.000316],[28.968028,47.000816],[28.967855,47.001405],[28.967796,47.001922],[28.967597,47.002735],[28.967079,47.003482],[28.966887,47.003714],[28.966528,47.004055],[28.965885,47.004486],[28.965508,47.004736],[28.964998,47.005467]]]}},{"type":"Feature","properties":{"tip":"living_street","nume":null,"m":5.0},"geometry":{"type":"MultiLineString","coordinates":[[[28.953512,47.000355],[28.95352,47.000348],[28.953552,47.000324]]]}},{"type":"Feature","properties":{"tip":"living_street","nume":"Strada Viilor","m":167.0},"geometry":{"type":"MultiLineString","coordinates":[[[28.950746,46.983426],[28.950778,46.983559],[28.95081,46.983709],[28.950847,46.983928],[28.950876,46.984066],[28.950889,46.984237],[28.950896,46.984397],[28.950899,46.984541],[28.950895,46.984663],[28.950846,46.984917]]]}},{"type":"Feature","properties":{"tip":"track","nume":null,"m":353.0},"geometry":{"type":"MultiLineString","coordinates":[[[28.949914,46.998946],[28.947271,46.998458],[28.946451,46.998292],[28.94606,46.998243],[28.945881,46.998211],[28.945424,46.998165]]]}},{"type":"Feature","properties":{"tip":"service","nume":null,"m":363.0},"geometry":{"type":"MultiLineString","coordinates":[[[28.957818,46.96781],[28.958605,46.967949],[28.958784,46.968109],[28.958821,46.968188],[28.958833,46.968454],[28.958825,46.968708],[28.958806,46.969322],[28.958848,46.969355],[28.958926,46.96937],[28.959616,46.969364],[28.959714,46.969319],[28.959745,46.969248],[28.959704,46.968993],[28.959657,46.968824],[28.959544,46.968714]]]}},{"type":"Feature","properties":{"tip":"track","nume":null,"m":1081.0},"geometry":{"type":"MultiLineString","coordinates":[[[28.967506,46.987932],[28.967288,46.987885],[28.964273,46.987289],[28.957318,46.98574],[28.953983,46.98531],[28.953857,46.985287]]]}},{"type":"Feature","properties":{"tip":"footway","nume":null,"m":58.0},"geometry":{"type":"MultiLineString","coordinates":[[[28.94439,46.97839],[28.944866,46.978383],[28.945152,46.978369]]]}},{"type":"Feature","properties":{"tip":"living_street","nume":"Strada Dumbravei","m":5.0},"geometry":{"type":"MultiLineString","coordinates":[[[28.945424,46.998165],[28.945481,46.998188]]]}},{"type":"Feature","properties":{"tip":"track","nume":null,"m":612.0},"geometry":{"type":"MultiLineString","coordinates":[[[28.958048,47.001615],[28.957977,47.001562],[28.957951,47.001543],[28.957936,47.001489],[28.958269,47.001156],[28.958407,47.001054],[28.958478,47.000965],[28.95845,47.000879],[28.958108,47.000888],[28.95785,47.000851],[28.956029,47.000483],[28.955102,47.000353],[28.954587,47.000292],[28.953422,46.999877],[28.953244,46.99971],[28.953104,46.999579],[28.953057,46.999534],[28.952945,46.999482],[28.952823,46.999428],[28.952666,46.999377],[28.95249,46.999324],[28.952336,46.999232]]]}},{"type":"Feature","properties":{"tip":"service","nume":null,"m":159.0},"geometry":{"type":"MultiLineString","coordinates":[[[28.958605,46.967949],[28.958805,46.967927],[28.959323,46.967744],[28.959421,46.967665],[28.959533,46.967467],[28.959526,46.967339],[28.959323,46.966914]]]}},{"type":"Feature","properties":{"tip":"track","nume":null,"m":591.0},"geometry":{"type":"MultiLineString","coordinates":[[[28.955926,46.993263],[28.954919,46.993086],[28.954267,46.992534],[28.953528,46.992169],[28.953393,46.992103],[28.95315,46.991906],[28.951517,46.99102],[28.951167,46.990874],[28.950696,46.99079],[28.950333,46.990596],[28.949991,46.990301],[28.949764,46.990245]]]}},{"type":"Feature","properties":{"tip":"living_street","nume":"Strada Școlii","m":468.0},"geometry":{"type":"MultiLineString","coordinates":[[[28.9473,46.985859],[28.947651,46.985832],[28.94802,46.985763],[28.948066,46.985768],[28.948102,46.985801],[28.948317,46.986126],[28.948667,46.986242],[28.948823,46.986385],[28.948922,46.986664],[28.948982,46.986954],[28.949011,46.987031],[28.94985,46.988001],[28.949875,46.988118],[28.949936,46.988483],[28.949898,46.988526],[28.949793,46.988621],[28.949669,46.98872],[28.949356,46.988864]]]}},{"type":"Feature","properties":{"tip":"residential","nume":"Strada Vadul Bâcului","m":753.0},"geometry":{"type":"MultiLineString","coordinates":[[[28.913715,46.975873],[28.913805,46.97578],[28.914135,46.97539],[28.914206,46.975302],[28.914428,46.975027],[28.914904,46.974436],[28.915686,46.973464],[28.916348,46.972629],[28.917121,46.971703],[28.917674,46.970999],[28.917734,46.970922],[28.917936,46.97069],[28.918024,46.970594],[28.918219,46.970383],[28.918365,46.970262],[28.918706,46.970047]]]}},{"type":"Feature","properties":{"tip":"track","nume":null,"m":337.0},"geometry":{"type":"MultiLineString","coordinates":[[[28.945085,47.006984],[28.945111,47.006881],[28.945176,47.006831],[28.945241,47.006804],[28.945576,47.006687],[28.945677,47.006599],[28.945733,47.006518],[28.945801,47.006403],[28.945831,47.006286],[28.945834,47.006163],[28.945801,47.005995],[28.945747,47.005855],[28.945661,47.005756],[28.945512,47.005616],[28.945413,47.005511],[28.945355,47.005398],[28.945283,47.005197],[28.945257,47.005097],[28.945171,47.004943],[28.945031,47.00478],[28.944835,47.004556],[28.944797,47.004484],[28.94481,47.004393],[28.944832,47.004347]]]}},{"type":"Feature","properties":{"tip":"tertiary","nume":"Drum de acces spre satul Humulești","m":1075.0},"geometry":{"type":"MultiLineString","coordinates":[[[28.945185,47.006979],[28.945409,47.00689],[28.945661,47.006819],[28.945913,47.006761],[28.946163,47.006721],[28.946467,47.006678],[28.94682,47.00664],[28.947162,47.006589],[28.947517,47.006507],[28.948096,47.006349],[28.948497,47.006272],[28.949552,47.00612],[28.950187,47.005981],[28.950537,47.005869],[28.950895,47.005708],[28.951832,47.005234],[28.952544,47.004886],[28.953035,47.004678],[28.953462,47.00447],[28.954199,47.004091],[28.955007,47.003597],[28.95565,47.003211],[28.956613,47.002594],[28.957169,47.002232]]]}},{"type":"Feature","properties":{"tip":"track","nume":null,"m":111.0},"geometry":{"type":"MultiLineString","coordinates":[[[28.945747,47.005855],[28.94589,47.005969],[28.946065,47.006159],[28.946208,47.00633],[28.946338,47.006391],[28.94655,47.0064],[28.946799,47.006365]]]}},{"type":"Feature","properties":{"tip":"track","nume":null,"m":138.0},"geometry":{"type":"MultiLineString","coordinates":[[[28.993966,46.966892],[28.993956,46.967052],[28.993917,46.967324],[28.993886,46.967621],[28.99387,46.967855],[28.993921,46.967997],[28.993946,46.968029]],[[28.993816,46.968954],[28.993781,46.968981],[28.993743,46.969031]]]}},{"type":"Feature","properties":{"tip":"track","nume":null,"m":392.0},"geometry":{"type":"MultiLineString","coordinates":[[[28.990088,46.980219],[28.989593,46.980343],[28.989094,46.980454],[28.987298,46.980948],[28.9865,46.981166],[28.986,46.981309],[28.98563,46.981424],[28.985322,46.981541]]]}},{"type":"Feature","properties":{"tip":"track","nume":null,"m":427.0},"geometry":{"type":"MultiLineString","coordinates":[[[28.975385,47.001683],[28.975139,47.001753],[28.973491,47.002084],[28.972006,47.002384],[28.971182,47.002553],[28.970168,47.002757],[28.970006,47.002781]]]}},{"type":"Feature","properties":{"tip":"track","nume":null,"m":928.0},"geometry":{"type":"MultiLineString","coordinates":[[[28.969306,47.007639],[28.969309,47.007554],[28.969324,47.007196],[28.969342,47.007004],[28.969364,47.006844],[28.969424,47.006546],[28.969461,47.006302],[28.969469,47.006172],[28.969471,47.006062],[28.969452,47.005893],[28.969441,47.005542],[28.969442,47.005447],[28.969459,47.005337],[28.969495,47.005176],[28.969557,47.004973],[28.969664,47.004647],[28.969723,47.004481],[28.969753,47.004375],[28.969762,47.004301],[28.969755,47.004211],[28.969704,47.00404],[28.969648,47.003796],[28.969635,47.003701],[28.96966,47.003523],[28.969691,47.003428],[28.969908,47.002927],[28.970006,47.002781],[28.970068,47.002688],[28.970071,47.002658],[28.970064,47.00258],[28.970045,47.002516],[28.970006,47.002429],[28.969931,47.002315],[28.969807,47.002154],[28.969706,47.002014],[28.969594,47.001872],[28.969535,47.001783],[28.969513,47.001723],[28.969506,47.001642],[28.969508,47.001608],[28.969511,47.001572],[28.969521,47.001522],[28.969581,47.001331],[28.969622,47.001186],[28.969622,47.001125],[28.969614,47.001089],[28.969576,47.00097],[28.969568,47.000945],[28.969551,47.00086],[28.969555,47.000786],[28.969561,47.000761],[28.969585,47.000701],[28.96962,47.000636],[28.969709,47.000496],[28.969814,47.00034],[28.969931,47.000169],[28.970062,47.00001],[28.970191,46.999893],[28.970414,46.999743],[28.970481,46.999718],[28.970548,46.999711]]]}},{"type":"Feature","properties":{"tip":"service","nume":"Strada Dragoș-Vodă","m":117.0},"geometry":{"type":"MultiLineString","coordinates":[[[28.980264,46.995973],[28.980114,46.99611],[28.979979,46.996229],[28.979724,46.996505],[28.979505,46.996716],[28.97944,46.996757],[28.979379,46.996743],[28.979318,46.996729]]]}},{"type":"Feature","properties":{"tip":"track","nume":null,"m":553.0},"geometry":{"type":"MultiLineString","coordinates":[[[28.983647,46.993433],[28.98368,46.993509],[28.983929,46.993992],[28.984542,46.995078],[28.985257,46.996226],[28.985885,46.997255],[28.986173,46.997697],[28.986252,46.997787],[28.986322,46.997855],[28.986414,46.997915],[28.986528,46.997974]]]}},{"type":"Feature","properties":{"tip":"track","nume":null,"m":2836.0},"geometry":{"type":"MultiLineString","coordinates":[[[28.990904,46.979976],[28.990782,46.980006],[28.990471,46.980095],[28.990088,46.980219],[28.989592,46.980384],[28.989088,46.980553],[28.988266,46.980775],[28.987152,46.981078],[28.986234,46.981333],[28.985983,46.981409],[28.985841,46.981457],[28.985626,46.981499],[28.985322,46.981541],[28.985161,46.981556],[28.984903,46.981532],[28.984069,46.981392],[28.981034,46.98082],[28.979401,46.980509],[28.977907,46.980224],[28.97617,46.97995],[28.974579,46.979733],[28.971976,46.979397],[28.971806,46.979375],[28.965809,46.978525],[28.963865,46.978198],[28.960483,46.97773],[28.956821,46.977198],[28.955163,46.97694],[28.954858,46.97692]]]}},{"type":"Feature","properties":{"tip":"track","nume":null,"m":1001.0},"geometry":{"type":"MultiLineString","coordinates":[[[28.952403,46.999161],[28.952356,46.999166],[28.952309,46.999169],[28.952254,46.999166],[28.952209,46.999156],[28.952159,46.999141],[28.952095,46.999115],[28.952038,46.999085],[28.951751,46.998864],[28.951088,46.997945],[28.95096,46.997681],[28.950502,46.996735],[28.950327,46.996432],[28.949907,46.995912],[28.949855,46.995797],[28.949709,46.995473],[28.949654,46.995221],[28.949561,46.9951],[28.949365,46.994798],[28.949055,46.993471],[28.948606,46.992234],[28.948179,46.991855],[28.948123,46.991613],[28.948059,46.99109],[28.948085,46.990972],[28.948108,46.990928]]]}},{"type":"Feature","properties":{"tip":"track","nume":null,"m":10.0},"geometry":{"type":"MultiLineString","coordinates":[[[28.952336,46.999232],[28.952296,46.999187],[28.952254,46.999166]]]}},{"type":"Feature","properties":{"tip":"track","nume":null,"m":155.0},"geometry":{"type":"MultiLineString","coordinates":[[[28.970915,46.997555],[28.97092,46.997599],[28.970975,46.997744],[28.971001,46.997825],[28.971069,46.997957],[28.971087,46.998074],[28.971072,46.99817],[28.971002,46.998259],[28.970857,46.99835],[28.970697,46.998475],[28.970525,46.998683],[28.970416,46.998778]]]}},{"type":"Feature","properties":{"tip":"track","nume":null,"m":1637.0},"geometry":{"type":"MultiLineString","coordinates":[[[28.986461,46.96676],[28.986417,46.967339],[28.985611,46.971933],[28.985088,46.975144],[28.984514,46.978502],[28.984145,46.980814],[28.984069,46.981392]]]}},{"type":"Feature","properties":{"tip":"living_street","nume":"Strada Ion Creangă","m":264.0},"geometry":{"type":"MultiLineString","coordinates":[[[28.939835,46.982234],[28.93971,46.982292],[28.939558,46.982369],[28.939391,46.982472],[28.939262,46.982566],[28.939121,46.982668],[28.93897,46.982819],[28.938822,46.982978],[28.938658,46.983137],[28.93828,46.983485],[28.938243,46.983545],[28.938332,46.983683],[28.938352,46.983766],[28.938352,46.983836],[28.93834,46.983896],[28.938335,46.983921],[28.938331,46.983943],[28.938283,46.984185]]]}},{"type":"Feature","properties":{"tip":"living_street","nume":"Stradela 1 Școlii","m":386.0},"geometry":{"type":"MultiLineString","coordinates":[[[28.943835,46.981637],[28.943661,46.981457],[28.943292,46.981055],[28.943241,46.981012],[28.943212,46.980995],[28.943173,46.980974],[28.943143,46.98096],[28.943113,46.980938],[28.943065,46.980894],[28.943012,46.980838],[28.942952,46.980752],[28.942912,46.980683],[28.942842,46.980549],[28.942778,46.980416],[28.942719,46.980319],[28.942567,46.980141],[28.942475,46.980028],[28.942389,46.979927],[28.94235,46.979871],[28.942324,46.979822],[28.942277,46.979719],[28.942236,46.979605],[28.942231,46.97943],[28.94225,46.979352],[28.942264,46.979169],[28.942279,46.978995],[28.942302,46.978881],[28.942322,46.978796],[28.942331,46.978758],[28.942362,46.978594],[28.942378,46.978474]]]}},{"type":"Feature","properties":{"tip":"living_street","nume":"Strada Serghei Lazo","m":336.0},"geometry":{"type":"MultiLineString","coordinates":[[[28.938645,46.980758],[28.938703,46.980851],[28.938716,46.98091],[28.938718,46.981002],[28.9387,46.981215],[28.938689,46.981411],[28.93867,46.98149],[28.938653,46.981561],[28.938623,46.98165],[28.938568,46.981835],[28.938517,46.982029],[28.93845,46.982189],[28.938384,46.982309],[28.938315,46.982452],[28.938249,46.982691],[28.938211,46.982788],[28.938158,46.982861],[28.937975,46.983139],[28.937902,46.983244],[28.937849,46.983334],[28.938195,46.983506],[28.938243,46.983545]]]}},{"type":"Feature","properties":{"tip":"residential","nume":"Strada Toader Bubuiog","m":443.0},"geometry":{"type":"MultiLineString","coordinates":[[[28.938283,46.984185],[28.938431,46.984194],[28.938539,46.984201],[28.938725,46.984212],[28.939197,46.98424],[28.939533,46.98426],[28.940691,46.984306],[28.94147,46.984342],[28.941609,46.984345],[28.941756,46.984346],[28.942018,46.984326],[28.942411,46.984288],[28.942553,46.984278],[28.942816,46.984269],[28.943077,46.984272],[28.943341,46.984284],[28.943516,46.984307],[28.943624,46.984335],[28.943869,46.984408],[28.944031,46.984465]]]}},{"type":"Feature","properties":{"tip":"residential","nume":"Strada Ștefan cel Mare și Sfânt","m":788.0},"geometry":{"type":"MultiLineString","coordinates":[[[28.93796,46.978315],[28.938255,46.978323],[28.938636,46.978334],[28.939324,46.978355],[28.939903,46.978372],[28.940123,46.978378],[28.94035,46.978385],[28.940887,46.978407],[28.941407,46.978429],[28.941884,46.978451],[28.942378,46.978474],[28.942586,46.978482],[28.942996,46.978484],[28.943327,46.978475],[28.943436,46.978466],[28.943645,46.978424],[28.943857,46.978361],[28.944153,46.978252],[28.944357,46.978161],[28.944447,46.978117],[28.94476,46.977935],[28.945242,46.977653],[28.945566,46.977457],[28.946298,46.977012],[28.946503,46.976884],[28.946634,46.976808],[28.946844,46.976724],[28.946978,46.976689],[28.947117,46.976665],[28.94725,46.976648],[28.947349,46.97664],[28.947408,46.976635]]]}},{"type":"Feature","properties":{"tip":"residential","nume":"Strada Ștefan cel Mare și Sfânt","m":300.0},"geometry":{"type":"MultiLineString","coordinates":[[[28.947408,46.976635],[28.94756,46.976631],[28.947895,46.976642],[28.948344,46.976682],[28.948445,46.976693],[28.948905,46.976741],[28.951044,46.976944],[28.951324,46.976963]]]}},{"type":"Feature","properties":{"tip":"residential","nume":"Strada Toader Bubuiog","m":276.0},"geometry":{"type":"MultiLineString","coordinates":[[[28.932728,46.983853],[28.932993,46.983862],[28.933536,46.983883],[28.934266,46.983926],[28.934326,46.98393],[28.934753,46.983958],[28.935198,46.983985],[28.935592,46.984015],[28.93583,46.984033],[28.936127,46.984051],[28.936348,46.984066]]]}},{"type":"Feature","properties":{"tip":"residential","nume":"Strada Ștefan cel Mare și Sfânt","m":265.0},"geometry":{"type":"MultiLineString","coordinates":[[[28.934492,46.978133],[28.934757,46.978176],[28.935771,46.978217],[28.936176,46.978233],[28.936868,46.978275],[28.937013,46.97828],[28.937226,46.978288],[28.937438,46.978295],[28.937734,46.978305],[28.93796,46.978315]]]}},{"type":"Feature","properties":{"tip":"living_street","nume":"Strada Zidarilor","m":357.0},"geometry":{"type":"MultiLineString","coordinates":[[[28.934695,46.999091],[28.934741,46.99904],[28.935595,46.998076],[28.936064,46.997577],[28.936526,46.997107],[28.936922,46.996679],[28.937062,46.996523],[28.937175,46.996364]]]}},{"type":"Feature","properties":{"tip":"living_street","nume":"Strada Grigore Vieru","m":245.0},"geometry":{"type":"MultiLineString","coordinates":[[[28.933487,46.998573],[28.93357,46.99861],[28.933883,46.998747],[28.934695,46.999091],[28.935531,46.999434],[28.936118,46.999684],[28.936233,46.999723]]]}},{"type":"Feature","properties":{"tip":"living_street","nume":"Strada Lemnarilor","m":293.0},"geometry":{"type":"MultiLineString","coordinates":[[[28.936233,46.999723],[28.936314,46.999721],[28.936409,46.99964],[28.937492,46.998507],[28.938233,46.997714],[28.938372,46.99756]]]}},{"type":"Feature","properties":{"tip":"residential","nume":"Strada 27 August 1989","m":801.0},"geometry":{"type":"MultiLineString","coordinates":[[[28.947876,46.990815],[28.94798,46.990726],[28.948026,46.990639],[28.948062,46.990351],[28.948071,46.990176],[28.948084,46.989717],[28.947976,46.989301],[28.947897,46.988896],[28.947803,46.988532],[28.947737,46.988359],[28.947649,46.988166],[28.947525,46.987994],[28.947199,46.987603],[28.946834,46.987116],[28.946576,46.986851],[28.946461,46.986761],[28.94637,46.986715],[28.946206,46.986645],[28.946137,46.986612],[28.946099,46.986593],[28.946021,46.986536],[28.945905,46.98645],[28.945587,46.986086],[28.9453,46.985849],[28.94497,46.985566],[28.944794,46.9854],[28.944721,46.985311],[28.94457,46.98509],[28.944371,46.9848],[28.944273,46.984681],[28.944163,46.984576],[28.944031,46.984465]]]}},{"type":"Feature","properties":{"tip":"residential","nume":"Strada Toader Bubuiog","m":190.0},"geometry":{"type":"MultiLineString","coordinates":[[[28.944031,46.984465],[28.944163,46.984514],[28.944329,46.984542],[28.944688,46.984558],[28.944999,46.984562],[28.945304,46.984539],[28.945493,46.984525],[28.94576,46.984486],[28.945888,46.984479],[28.946005,46.984496],[28.946468,46.984602]]]}},{"type":"Feature","properties":{"tip":"residential","nume":"Strada Mihai Eminescu","m":138.0},"geometry":{"type":"MultiLineString","coordinates":[[[28.946072,46.990785],[28.946859,46.990811],[28.947272,46.990823],[28.94771,46.990834],[28.947811,46.990823],[28.947876,46.990815]]]}},{"type":"Feature","properties":{"tip":"service","nume":"Strada Mihai Eminescu","m":144.0},"geometry":{"type":"MultiLineString","coordinates":[[[28.947876,46.990815],[28.947977,46.990835],[28.948063,46.990869],[28.948108,46.990928],[28.948169,46.990939],[28.948266,46.990945],[28.94907,46.990967],[28.949389,46.990942],[28.949611,46.990898],[28.949671,46.990865]]]}},{"type":"Feature","properties":{"tip":"living_street","nume":"Strada Fierarilor","m":340.0},"geometry":{"type":"MultiLineString","coordinates":[[[28.936232,46.996141],[28.936195,46.996182],[28.934095,46.998512],[28.933926,46.9987],[28.933883,46.998747]]]}},{"type":"Feature","properties":{"tip":"service","nume":null,"m":677.0},"geometry":{"type":"MultiLineString","coordinates":[[[28.932249,46.955313],[28.932625,46.955552],[28.932786,46.955628],[28.932986,46.955705],[28.936585,46.956716],[28.936628,46.956728],[28.938625,46.957254],[28.939304,46.957459],[28.940348,46.957775]]]}},{"type":"Feature","properties":{"tip":"living_street","nume":null,"m":179.0},"geometry":{"type":"MultiLineString","coordinates":[[[28.946711,46.964193],[28.947024,46.963337],[28.947047,46.963127],[28.947086,46.962868],[28.947161,46.962619]]]}},{"type":"Feature","properties":{"tip":"living_street","nume":null,"m":414.0},"geometry":{"type":"MultiLineString","coordinates":[[[28.945386,46.964547],[28.945225,46.965003],[28.94514,46.965711],[28.944917,46.967158],[28.944882,46.967512],[28.945227,46.967836],[28.945715,46.967834]]]}},{"type":"Feature","properties":{"tip":"living_street","nume":null,"m":445.0},"geometry":{"type":"MultiLineString","coordinates":[[[28.947161,46.962619],[28.947589,46.961324],[28.947951,46.960178],[28.948005,46.96008],[28.948053,46.960031],[28.948123,46.959866],[28.948497,46.958732]]]}},{"type":"Feature","properties":{"tip":"living_street","nume":null,"m":556.0},"geometry":{"type":"MultiLineString","coordinates":[[[28.944689,46.968101],[28.944199,46.969996],[28.944181,46.970145],[28.944118,46.970363],[28.944102,46.970435],[28.943716,46.9721],[28.943464,46.973032]]]}},{"type":"Feature","properties":{"tip":"living_street","nume":null,"m":571.0},"geometry":{"type":"MultiLineString","coordinates":[[[28.940348,46.957775],[28.940626,46.957846],[28.940729,46.957878],[28.940817,46.957917],[28.940894,46.957964],[28.941247,46.958224],[28.941773,46.958601],[28.942346,46.958996],[28.942559,46.95913],[28.942957,46.95935],[28.94333,46.959604],[28.943439,46.959669],[28.944016,46.959807],[28.944405,46.959882],[28.944848,46.959981],[28.945237,46.960075],[28.945698,46.96015],[28.946082,46.960232],[28.946401,46.960301],[28.946614,46.960301]]]}},{"type":"Feature","properties":{"tip":"living_street","nume":null,"m":885.0},"geometry":{"type":"MultiLineString","coordinates":[[[28.950636,46.953962],[28.950707,46.953882],[28.950729,46.953781],[28.950488,46.952965],[28.950476,46.952782],[28.951229,46.951873],[28.95196,46.951004],[28.954376,46.948242],[28.954517,46.948077],[28.9546,46.947991],[28.95497,46.947547],[28.955329,46.947117],[28.955412,46.94705],[28.955528,46.946993]]]}},{"type":"Feature","properties":{"tip":"service","nume":"Strada Grădinarilor","m":111.0},"geometry":{"type":"MultiLineString","coordinates":[[[28.951196,46.943724],[28.950758,46.944074],[28.950635,46.94415],[28.95041,46.944258],[28.950247,46.944304],[28.950084,46.944274]]]}},{"type":"Feature","properties":{"tip":"service","nume":null,"m":60.0},"geometry":{"type":"MultiLineString","coordinates":[[[28.930573,46.96769],[28.930613,46.967712],[28.930649,46.967731],[28.930747,46.967776],[28.930787,46.967783],[28.93101,46.967747],[28.931099,46.967741],[28.931148,46.967757],[28.931293,46.967804]]]}},{"type":"Feature","properties":{"tip":"service","nume":null,"m":834.0},"geometry":{"type":"MultiLineString","coordinates":[[[28.928147,46.970403],[28.923794,46.975649],[28.923173,46.976399],[28.922826,46.976817],[28.922725,46.97692]]]}},{"type":"Feature","properties":{"tip":"living_street","nume":"Strada Grădinarilor","m":203.0},"geometry":{"type":"MultiLineString","coordinates":[[[28.930724,46.970867],[28.92992,46.97068],[28.92911,46.970573],[28.928327,46.970438],[28.928147,46.970403]]]}},{"type":"Feature","properties":{"tip":"living_street","nume":"Strada Grădinarilor","m":115.0},"geometry":{"type":"MultiLineString","coordinates":[[[28.936547,46.964509],[28.936289,46.964391],[28.936023,46.96429],[28.935267,46.963952]]]}},{"type":"Feature","properties":{"tip":"residential","nume":"Strada Sfântul Dumitru","m":234.0},"geometry":{"type":"MultiLineString","coordinates":[[[28.929519,46.968775],[28.929485,46.96876],[28.928993,46.968541],[28.927789,46.968005],[28.926946,46.967627]]]}},{"type":"Feature","properties":{"tip":"living_street","nume":"Stradela Sfânta Treime","m":90.0},"geometry":{"type":"MultiLineString","coordinates":[[[28.938121,46.963507],[28.939194,46.963844]]]}},{"type":"Feature","properties":{"tip":"living_street","nume":"Strada Nicolae Labiș","m":179.0},"geometry":{"type":"MultiLineString","coordinates":[[[28.940799,46.960454],[28.940865,46.960436],[28.940919,46.960405],[28.940991,46.960347],[28.94119,46.960084],[28.941907,46.95905]]]}},{"type":"Feature","properties":{"tip":"path","nume":"Strada Prieteniei","m":64.0},"geometry":{"type":"MultiLineString","coordinates":[[[28.95091,46.945325],[28.95102,46.945436],[28.951452,46.94576]]]}},{"type":"Feature","properties":{"tip":"residential","nume":"Strada Grădinarilor","m":13.0},"geometry":{"type":"MultiLineString","coordinates":[[[28.950084,46.944274],[28.949973,46.944364]]]}},{"type":"Feature","properties":{"tip":"living_street","nume":"Strada Prieteniei","m":126.0},"geometry":{"type":"MultiLineString","coordinates":[[[28.952492,46.944314],[28.952116,46.944605],[28.951818,46.944849],[28.951468,46.945202]]]}},{"type":"Feature","properties":{"tip":"service","nume":"Strada Prieteniei","m":34.0},"geometry":{"type":"MultiLineString","coordinates":[[[28.949437,46.946468],[28.949242,46.946447],[28.949181,46.946507],[28.949111,46.946588]]]}},{"type":"Feature","properties":{"tip":"living_street","nume":"Strada Mihail Frunze","m":59.0},"geometry":{"type":"MultiLineString","coordinates":[[[28.935433,46.98506],[28.935491,46.985086],[28.93579,46.985168],[28.936134,46.985282]]]}},{"type":"Feature","properties":{"tip":"living_street","nume":"Strada Valeriu Cupcea","m":317.0},"geometry":{"type":"MultiLineString","coordinates":[[[28.939637,46.988359],[28.939609,46.988388],[28.938853,46.989182],[28.938031,46.990074],[28.93748,46.990689],[28.93746,46.99074],[28.937455,46.990779]]]}},{"type":"Feature","properties":{"tip":"living_street","nume":"Strada Bucovina de Nord","m":59.0},"geometry":{"type":"MultiLineString","coordinates":[[[28.932576,46.985129],[28.932555,46.985159],[28.932249,46.985605]]]}},{"type":"Feature","properties":{"tip":"living_street","nume":"Strada Traian","m":127.0},"geometry":{"type":"MultiLineString","coordinates":[[[28.946837,46.994459],[28.946804,46.994541],[28.946712,46.995595]]]}},{"type":"Feature","properties":{"tip":"living_street","nume":"Stradela Teilor","m":113.0},"geometry":{"type":"MultiLineString","coordinates":[[[28.941186,46.991311],[28.94137,46.991422],[28.941659,46.991546],[28.942162,46.99175],[28.942435,46.991855]]]}},{"type":"Feature","properties":{"tip":"living_street","nume":"Strada Toamnei","m":160.0},"geometry":{"type":"MultiLineString","coordinates":[[[28.952071,46.981771],[28.952225,46.982474],[28.952228,46.982524],[28.952291,46.982926],[28.952293,46.982957],[28.951962,46.983034]]]}},{"type":"Feature","properties":{"tip":"living_street","nume":"Stradela Cișmelei","m":286.0},"geometry":{"type":"MultiLineString","coordinates":[[[28.945843,46.98443],[28.945911,46.984381],[28.94599,46.984294],[28.946048,46.984087],[28.946061,46.984014],[28.946079,46.983989],[28.946127,46.983967],[28.946219,46.98395],[28.946418,46.983915],[28.946578,46.983876],[28.946679,46.983837],[28.946834,46.983761],[28.94692,46.983695],[28.946955,46.983636],[28.946962,46.98361],[28.946935,46.983556],[28.946905,46.983511],[28.946898,46.983477],[28.946909,46.983433],[28.947039,46.983245],[28.946936,46.982891],[28.94633,46.98247]]]}},{"type":"Feature","properties":{"tip":"living_street","nume":"Strada Veniamin Apostol","m":224.0},"geometry":{"type":"MultiLineString","coordinates":[[[28.93808,46.993704],[28.937974,46.994016],[28.937877,46.994293],[28.937692,46.994803],[28.937528,46.995134],[28.937406,46.995438],[28.937275,46.995637]]]}},{"type":"Feature","properties":{"tip":"living_street","nume":"Strada Pietrarilor","m":374.0},"geometry":{"type":"MultiLineString","coordinates":[[[28.938087,46.996564],[28.936817,46.998039],[28.93669,46.998177],[28.935531,46.999434]]]}},{"type":"Feature","properties":{"tip":"tertiary","nume":"Drumul de acces spre satul Humulești","m":1036.0},"geometry":{"type":"MultiLineString","coordinates":[[[28.996343,46.990065],[28.993536,46.990727],[28.990262,46.991495],[28.987821,46.992126],[28.983541,46.993237]]]}},{"type":"Feature","properties":{"tip":"footway","nume":"Strada Serghei Lazo","m":94.0},"geometry":{"type":"MultiLineString","coordinates":[[[28.937286,46.984084],[28.93739,46.983976],[28.937512,46.983821],[28.937632,46.98364],[28.937849,46.983334]]]}},{"type":"Feature","properties":{"tip":"service","nume":"Strada Serghei Lazo","m":94.0},"geometry":{"type":"MultiLineString","coordinates":[[[28.939341,46.979924],[28.939362,46.979797],[28.939384,46.979657],[28.939365,46.979601],[28.939337,46.979574],[28.939162,46.979463],[28.93876,46.979289]]]}},{"type":"Feature","properties":{"tip":"track","nume":null,"m":45.0},"geometry":{"type":"MultiLineString","coordinates":[[[28.952336,46.999232],[28.952257,46.999249],[28.952207,46.999267],[28.952128,46.99929],[28.952228,46.999291],[28.95233,46.999296],[28.952429,46.99931],[28.95249,46.999324]]]}},{"type":"Feature","properties":{"tip":"service","nume":"Strada Miorița","m":145.0},"geometry":{"type":"MultiLineString","coordinates":[[[28.9337,46.981921],[28.933775,46.981918],[28.933859,46.981915],[28.934327,46.981899],[28.934441,46.981895],[28.93495,46.981872],[28.935478,46.98187],[28.935606,46.98187]]]}},{"type":"Feature","properties":{"tip":"service","nume":"Strada Livezilor","m":131.0},"geometry":{"type":"MultiLineString","coordinates":[[[28.935661,46.983051],[28.935642,46.982714],[28.935614,46.982057],[28.935606,46.98187]]]}},{"type":"Feature","properties":{"tip":"service","nume":"Strada Livezilor","m":76.0},"geometry":{"type":"MultiLineString","coordinates":[[[28.935661,46.983051],[28.93665,46.98314]]]}},{"type":"Feature","properties":{"tip":"track","nume":null,"m":176.0},"geometry":{"type":"MultiLineString","coordinates":[[[28.952128,46.99929],[28.952066,46.999301],[28.951982,46.999313],[28.951873,46.999323],[28.951765,46.99933],[28.951657,46.999328],[28.951495,46.999314],[28.951343,46.999279],[28.951079,46.999215],[28.950782,46.999139],[28.95038,46.999067],[28.950087,46.999004],[28.949914,46.998946]]]}},{"type":"Feature","properties":{"tip":"living_street","nume":"Strada Sfântul David","m":150.0},"geometry":{"type":"MultiLineString","coordinates":[[[28.933885,46.99335],[28.933937,46.99367],[28.934017,46.994054],[28.93415,46.994687]]]}},{"type":"Feature","properties":{"tip":"living_street","nume":"Strada Lalelelor","m":101.0},"geometry":{"type":"MultiLineString","coordinates":[[[28.935278,46.995238],[28.935146,46.995239],[28.935077,46.995239],[28.934735,46.995249],[28.934504,46.995264],[28.934215,46.9953],[28.933967,46.995335]]]}},{"type":"Feature","properties":{"tip":"living_street","nume":"Strada Constantin Chiroșca","m":188.0},"geometry":{"type":"MultiLineString","coordinates":[[[28.935703,46.994668],[28.935894,46.993981],[28.936263,46.994042],[28.936504,46.993331]]]}},{"type":"Feature","properties":{"tip":"living_street","nume":"Strada Independenţei","m":227.0},"geometry":{"type":"MultiLineString","coordinates":[[[28.938176,46.995831],[28.938242,46.995387],[28.938302,46.995148],[28.938397,46.994936],[28.938451,46.994782],[28.938713,46.99418],[28.938839,46.993851]]]}},{"type":"Feature","properties":{"tip":"living_street","nume":"Strada Independenței","m":292.0},"geometry":{"type":"MultiLineString","coordinates":[[[28.938499,46.993789],[28.938537,46.993594],[28.938823,46.991174]]]}},{"type":"Feature","properties":{"tip":"residential","nume":"Strada Toader Bubuiog","m":148.0},"geometry":{"type":"MultiLineString","coordinates":[[[28.936348,46.984066],[28.937232,46.984123],[28.937466,46.984138],[28.937609,46.984146],[28.938018,46.98417],[28.938283,46.984185]]]}},{"type":"Feature","properties":{"tip":"track","nume":null,"m":3.0},"geometry":{"type":"MultiLineString","coordinates":[[[28.954817,46.946266],[28.954787,46.946255]]]}},{"type":"Feature","properties":{"tip":"track","nume":null,"m":20.0},"geometry":{"type":"MultiLineString","coordinates":[[[28.957143,46.947734],[28.957294,46.947876]]]}},{"type":"Feature","properties":{"tip":"unclassified","nume":"Drumul de acces spre IP \"Maloharuza\"","m":604.0},"geometry":{"type":"MultiLineString","coordinates":[[[28.970288,46.997088],[28.97034,46.997048],[28.970408,46.997025],[28.970587,46.99696],[28.970736,46.996901],[28.970824,46.99686],[28.97101,46.996764],[28.971165,46.996667],[28.971354,46.996504],[28.971484,46.996386],[28.971708,46.996122],[28.971954,46.995834],[28.972028,46.995702],[28.972019,46.995573],[28.971948,46.995429],[28.971783,46.995252],[28.971119,46.994447],[28.970978,46.994225],[28.97074,46.993867],[28.970636,46.993763],[28.970473,46.993668],[28.970381,46.993597],[28.970302,46.993524],[28.970202,46.993486],[28.969904,46.993444],[28.969801,46.993411],[28.969725,46.993387],[28.969498,46.993333],[28.969365,46.99328],[28.968985,46.993178],[28.96887,46.993167]]]}},{"type":"Feature","properties":{"tip":"tertiary","nume":"Drum de acces spre satul Humulești","m":48.0},"geometry":{"type":"MultiLineString","coordinates":[[[28.970848,46.997285],[28.970802,46.997273],[28.970731,46.997245],[28.970651,46.997215],[28.970534,46.99717],[28.970447,46.997134],[28.970288,46.997088]]]}},{"type":"Feature","properties":{"tip":"footway","nume":null,"m":476.0},"geometry":{"type":"MultiLineString","coordinates":[[[28.934423,46.978077],[28.934156,46.978217],[28.934064,46.97829],[28.933987,46.978386],[28.933804,46.978743],[28.933768,46.978817],[28.933628,46.979103],[28.933621,46.979143],[28.933615,46.97917],[28.933614,46.979273],[28.933628,46.979293],[28.933632,46.979337],[28.933639,46.979529],[28.933651,46.97985],[28.933668,46.979888],[28.933674,46.979902],[28.933693,46.980244],[28.933704,46.980416],[28.933727,46.980811],[28.933728,46.980843],[28.933726,46.98087],[28.933727,46.981325],[28.933718,46.981526],[28.933708,46.981597],[28.933692,46.981651],[28.933596,46.981879],[28.933473,46.982166]]]}},{"type":"Feature","properties":{"tip":"service","nume":"Strada Ștefan cel Mare și Sfânt","m":66.0},"geometry":{"type":"MultiLineString","coordinates":[[[28.932887,46.979861],[28.933668,46.979888],[28.933748,46.979891]]]}},{"type":"Feature","properties":{"tip":"service","nume":"Strada Ștefan cel Mare și Sfânt","m":82.0},"geometry":{"type":"MultiLineString","coordinates":[[[28.933773,46.980244],[28.933693,46.980244],[28.932696,46.980246]]]}},{"type":"Feature","properties":{"tip":"track","nume":null,"m":351.0},"geometry":{"type":"MultiLineString","coordinates":[[[28.946799,47.006365],[28.94716,47.006186],[28.94738,47.006076],[28.947897,47.005854],[28.948047,47.005708],[28.948071,47.005396],[28.947939,47.005057],[28.947945,47.005016],[28.948009,47.004981],[28.948093,47.004952],[28.948321,47.00492],[28.948482,47.004865],[28.948876,47.004667],[28.949588,47.004273]]]}},{"type":"Feature","properties":{"tip":"service","nume":null,"m":7.0},"geometry":{"type":"MultiLineString","coordinates":[[[28.963854,46.948912],[28.963762,46.948898]]]}},{"type":"Feature","properties":{"tip":"track","nume":null,"m":482.0},"geometry":{"type":"MultiLineString","coordinates":[[[28.949169,46.964505],[28.949446,46.964575],[28.949643,46.964688],[28.949851,46.964734],[28.954385,46.965397],[28.954481,46.965391],[28.95457,46.965359],[28.954653,46.965245],[28.954779,46.964992],[28.954834,46.964967],[28.954908,46.964946]]]}},{"type":"Feature","properties":{"tip":"living_street","nume":null,"m":52.0},"geometry":{"type":"MultiLineString","coordinates":[[[28.942807,46.963309],[28.94347,46.963422]]]}},{"type":"Feature","properties":{"tip":"living_street","nume":null,"m":148.0},"geometry":{"type":"MultiLineString","coordinates":[[[28.946313,46.969185],[28.946592,46.968463],[28.946776,46.967889]]]}},{"type":"Feature","properties":{"tip":"living_street","nume":null,"m":1033.0},"geometry":{"type":"MultiLineString","coordinates":[[[28.947251,46.964283],[28.947223,46.964208],[28.948452,46.960498],[28.948992,46.959003],[28.949084,46.95878],[28.949118,46.958638],[28.949401,46.957785],[28.950209,46.955227]]]}},{"type":"Feature","properties":{"tip":"living_street","nume":null,"m":400.0},"geometry":{"type":"MultiLineString","coordinates":[[[28.94347,46.963422],[28.943872,46.961935],[28.944405,46.959882]]]}},{"type":"Feature","properties":{"tip":"living_street","nume":null,"m":452.0},"geometry":{"type":"MultiLineString","coordinates":[[[28.94347,46.963422],[28.944358,46.963578],[28.945179,46.963788],[28.945986,46.963999],[28.946711,46.964193],[28.947053,46.964275],[28.947251,46.964283],[28.948626,46.964437],[28.949169,46.964505]]]}},{"type":"Feature","properties":{"tip":"residential","nume":"Strada Grădinarilor","m":518.0},"geometry":{"type":"MultiLineString","coordinates":[[[28.931928,46.966537],[28.931751,46.966683],[28.930955,46.967339],[28.930573,46.96769],[28.930194,46.968062],[28.929664,46.968619],[28.929519,46.968775],[28.928147,46.970403]]]}},{"type":"Feature","properties":{"tip":"service","nume":null,"m":186.0},"geometry":{"type":"MultiLineString","coordinates":[[[28.916877,46.968959],[28.916909,46.968992],[28.917314,46.96919],[28.917603,46.969331],[28.918271,46.969706],[28.918363,46.969767],[28.918459,46.969832],[28.918542,46.969893],[28.918627,46.969973],[28.918677,46.970017],[28.918706,46.970047]]]}},{"type":"Feature","properties":{"tip":"service","nume":null,"m":106.0},"geometry":{"type":"MultiLineString","coordinates":[[[28.918677,46.970017],[28.918763,46.969927],[28.918966,46.969702],[28.919306,46.969373],[28.919329,46.96928],[28.919318,46.969195]]]}},{"type":"Feature","properties":{"tip":"service","nume":null,"m":26.0},"geometry":{"type":"MultiLineString","coordinates":[[[28.942852,46.995899],[28.942973,46.995906],[28.943193,46.995919]]]}},{"type":"Feature","properties":{"tip":"living_street","nume":"Strada Sfântul Arhanghel Mihail","m":163.0},"geometry":{"type":"MultiLineString","coordinates":[[[28.929999,46.985573],[28.930061,46.985588],[28.930199,46.985622],[28.931959,46.986049],[28.932021,46.986064]]]}},{"type":"Feature","properties":{"tip":"service","nume":null,"m":447.0},"geometry":{"type":"MultiLineString","coordinates":[[[28.914989,46.976861],[28.915069,46.976924],[28.915303,46.977112],[28.915562,46.97732],[28.915794,46.977506],[28.915803,46.977513],[28.916043,46.977709],[28.916292,46.977912],[28.916545,46.978118],[28.91678,46.978311],[28.917028,46.978513],[28.917266,46.978707],[28.917517,46.978912],[28.917759,46.97911],[28.918004,46.979309],[28.918245,46.979506],[28.918492,46.979708],[28.918758,46.97994]]]}},{"type":"Feature","properties":{"tip":"service","nume":null,"m":435.0},"geometry":{"type":"MultiLineString","coordinates":[[[28.919619,46.978957],[28.919447,46.978815],[28.919207,46.978618],[28.918963,46.978417],[28.918723,46.978219],[28.918483,46.978022],[28.918352,46.977914],[28.918221,46.977806],[28.917984,46.977611],[28.917744,46.977413],[28.9175,46.977213],[28.917262,46.977017],[28.917007,46.976807],[28.916776,46.976617],[28.91653,46.976414],[28.916276,46.976219],[28.916026,46.976026],[28.91594,46.975959]]]}},{"type":"Feature","properties":{"tip":"service","nume":null,"m":361.0},"geometry":{"type":"MultiLineString","coordinates":[[[28.91692,46.975057],[28.916999,46.975107],[28.917034,46.975128],[28.917241,46.975299],[28.917486,46.9755],[28.917723,46.975695],[28.917977,46.975904],[28.918215,46.976101],[28.918469,46.976309],[28.918606,46.976421],[28.91871,46.976506],[28.918967,46.976715],[28.919203,46.976906],[28.919274,46.976964],[28.919466,46.977123],[28.919714,46.977329],[28.919816,46.977414],[28.919916,46.977512],[28.919952,46.977548]]]}},{"type":"Feature","properties":{"tip":"service","nume":null,"m":830.0},"geometry":{"type":"MultiLineString","coordinates":[[[28.917632,46.974471],[28.918201,46.974694],[28.918584,46.974844],[28.918942,46.974984],[28.919265,46.97511],[28.919633,46.975254],[28.919759,46.975304],[28.919947,46.975391],[28.92001,46.975422],[28.920049,46.975453],[28.920088,46.975491],[28.920109,46.975535],[28.92012,46.975581],[28.920127,46.97567],[28.920125,46.975704],[28.920102,46.976013],[28.920099,46.976038],[28.920096,46.976053],[28.920078,46.976172],[28.920042,46.976535],[28.920017,46.976844],[28.919978,46.977264],[28.919952,46.977548],[28.91994,46.977863],[28.919929,46.978085],[28.919929,46.978297],[28.919925,46.978454],[28.919904,46.978563],[28.919872,46.978648],[28.919837,46.978715],[28.919766,46.978809],[28.919695,46.978884],[28.919619,46.978957],[28.919534,46.979067],[28.919444,46.979176],[28.91919,46.979436],[28.919011,46.97967],[28.918758,46.97994],[28.918709,46.98004],[28.91865,46.980156],[28.918542,46.980344],[28.918499,46.980424],[28.918457,46.980504],[28.918414,46.980562],[28.918362,46.980606],[28.918347,46.98062],[28.918257,46.980673]]]}},{"type":"Feature","properties":{"tip":"proposed","nume":"Centura Chișinăului","m":5854.0},"geometry":{"type":"MultiLineString","coordinates":[[[28.930664,46.957824],[28.931186,46.958069],[28.932753,46.958706],[28.934576,46.959409],[28.937452,46.960375],[28.940789,46.961467],[28.942537,46.962045],[28.94346,46.962353],[28.944297,46.962733],[28.945091,46.963202],[28.94581,46.963758],[28.946507,46.964447],[28.947043,46.965193],[28.947537,46.966189],[28.947998,46.967456],[28.949618,46.971702],[28.95215,46.978261],[28.954618,46.986005],[28.955562,46.989284],[28.956056,46.990953],[28.956227,46.99186],[28.956227,46.992731],[28.956142,46.993748],[28.955938,46.994634],[28.955562,46.995541],[28.954897,46.996646],[28.954232,46.997714],[28.953867,46.998402],[28.953524,46.99909],[28.953249,47.000128]],[[28.952982,47.001644],[28.952944,47.002295],[28.95303,47.003231],[28.953223,47.004153],[28.953337,47.004581]]]}},{"type":"Feature","properties":{"tip":"living_street","nume":"Strada Dumitru Matcovschi","m":584.0},"geometry":{"type":"MultiLineString","coordinates":[[[28.930605,46.986712],[28.929722,46.988504],[28.928857,46.990278],[28.928164,46.991691]]]}},{"type":"Feature","properties":{"tip":"living_street","nume":"Strada Podgorenilor","m":596.0},"geometry":{"type":"MultiLineString","coordinates":[[[28.931548,46.986922],[28.930662,46.988717],[28.929795,46.990492],[28.929055,46.992008]]]}},{"type":"Feature","properties":{"tip":"living_street","nume":"Strada Unirii","m":602.0},"geometry":{"type":"MultiLineString","coordinates":[[[28.929974,46.992336],[28.930756,46.99071],[28.931634,46.988938],[28.932387,46.987331],[28.932496,46.987248],[28.932529,46.987224]]]}},{"type":"Feature","properties":{"tip":"living_street","nume":"Strada Ciocârliei","m":410.0},"geometry":{"type":"MultiLineString","coordinates":[[[28.9325,46.989134],[28.931638,46.990911],[28.930803,46.992631]]]}},{"type":"Feature","properties":{"tip":"living_street","nume":"Stradela Maria Bieșu","m":166.0},"geometry":{"type":"MultiLineString","coordinates":[[[28.932216,46.99171],[28.932849,46.991849],[28.93293,46.991846],[28.93432,46.991581]]]}},{"type":"Feature","properties":{"tip":"living_street","nume":"Strada Petru Rareș","m":410.0},"geometry":{"type":"MultiLineString","coordinates":[[[28.931835,46.992998],[28.931953,46.992526],[28.932044,46.992116],[28.932098,46.991943],[28.932216,46.99171],[28.932495,46.991106],[28.93301,46.989939],[28.933737,46.989796]]]}},{"type":"Feature","properties":{"tip":"living_street","nume":"Strada București","m":447.0},"geometry":{"type":"MultiLineString","coordinates":[[[28.927856,46.98808],[28.928788,46.988291],[28.929722,46.988504],[28.930662,46.988717],[28.931634,46.988938],[28.9325,46.989134],[28.933057,46.989257],[28.933174,46.989236],[28.933432,46.989156]]]}},{"type":"Feature","properties":{"tip":"living_street","nume":"Strada Maria Bieșu","m":574.0},"geometry":{"type":"MultiLineString","coordinates":[[[28.92698,46.989851],[28.92792,46.990066],[28.928857,46.990278],[28.929795,46.990492],[28.930756,46.99071],[28.931638,46.990911],[28.932495,46.991106],[28.932914,46.991191],[28.932994,46.991194],[28.933107,46.991176],[28.934163,46.990961]]]}},{"type":"Feature","properties":{"tip":"living_street","nume":"Strada Chișinău","m":546.0},"geometry":{"type":"MultiLineString","coordinates":[[[28.928737,46.986297],[28.927856,46.98808],[28.92698,46.989851],[28.926464,46.990922],[28.926455,46.990942],[28.926455,46.990956]]]}},{"type":"Feature","properties":{"tip":"living_street","nume":"Strada Soarelui","m":574.0},"geometry":{"type":"MultiLineString","coordinates":[[[28.926822,46.991213],[28.927279,46.991376],[28.928164,46.991691],[28.929055,46.992008],[28.929974,46.992336],[28.930803,46.992631],[28.931835,46.992998],[28.932688,46.99332],[28.932946,46.993404],[28.933214,46.993481],[28.933536,46.993572]]]}},{"type":"Feature","properties":{"tip":"living_street","nume":"Strada Adrian Păunescu","m":571.0},"geometry":{"type":"MultiLineString","coordinates":[[[28.929663,46.986503],[28.928788,46.988291],[28.92792,46.990066],[28.927279,46.991376]]]}},{"type":"Feature","properties":{"tip":"living_street","nume":"Stradela Sfântul Arhanghel Mihail","m":124.0},"geometry":{"type":"MultiLineString","coordinates":[[[28.930771,46.986269],[28.930832,46.98615],[28.932143,46.986443],[28.932202,46.986457]]]}},{"type":"Feature","properties":{"tip":"living_street","nume":"Strada Sfântul Ilie","m":324.0},"geometry":{"type":"MultiLineString","coordinates":[[[28.928681,46.986188],[28.928701,46.986226],[28.928737,46.986297],[28.929663,46.986503],[28.930605,46.986712],[28.931548,46.986922],[28.932289,46.987099],[28.932387,46.987331]]]}},{"type":"Feature","properties":{"tip":"service","nume":"Strada Petru Rareș","m":56.0},"geometry":{"type":"MultiLineString","coordinates":[[[28.932949,46.989713],[28.933173,46.989324],[28.933174,46.989236]]]}},{"type":"Feature","properties":{"tip":"living_street","nume":"Strada Lidia Istrati","m":297.0},"geometry":{"type":"MultiLineString","coordinates":[[[28.972752,47.001305],[28.973591,47.000704],[28.974179,47.00028],[28.975444,46.999371]]]}},{"type":"Feature","properties":{"tip":"living_street","nume":"Strada Nicolae Iorga","m":142.0},"geometry":{"type":"MultiLineString","coordinates":[[[28.973989,46.999076],[28.973905,46.999039],[28.973621,46.998854],[28.973399,46.998742],[28.972984,46.998602],[28.972723,46.998486],[28.972451,46.998364]]]}},{"type":"Feature","properties":{"tip":"tertiary","nume":"Strada Chișinău","m":508.0},"geometry":{"type":"MultiLineString","coordinates":[[[28.983541,46.993237],[28.981628,46.993689],[28.980955,46.993848],[28.979167,46.994276],[28.978356,46.994458],[28.977228,46.994724]]]}},{"type":"Feature","properties":{"tip":"service","nume":"Strada Dragoș-Vodă","m":142.0},"geometry":{"type":"MultiLineString","coordinates":[[[28.98187,46.995412],[28.981778,46.995514],[28.981689,46.995588],[28.98161,46.995631],[28.981533,46.995661],[28.980954,46.995805],[28.980611,46.995903],[28.980311,46.995987],[28.980264,46.995973]]]}},{"type":"Feature","properties":{"tip":"living_street","nume":"Strada Bubuieci","m":100.0},"geometry":{"type":"MultiLineString","coordinates":[[[28.977709,46.995953],[28.978052,46.995994],[28.978245,46.995983],[28.978701,46.995858],[28.978976,46.995808]]]}},{"type":"Feature","properties":{"tip":"service","nume":"Strada Amintirilor","m":67.0},"geometry":{"type":"MultiLineString","coordinates":[[[28.974941,46.997516],[28.97576,46.997728]]]}},{"type":"Feature","properties":{"tip":"service","nume":"Strada George Coșbuc","m":57.0},"geometry":{"type":"MultiLineString","coordinates":[[[28.974844,46.996601],[28.974123,46.996447]]]}},{"type":"Feature","properties":{"tip":"living_street","nume":"Strada Nicolae Iorga","m":181.0},"geometry":{"type":"MultiLineString","coordinates":[[[28.970848,46.997285],[28.970841,46.997351],[28.970855,46.997422],[28.970885,46.997497],[28.970915,46.997555],[28.971126,46.997661],[28.97136,46.997752],[28.972081,46.99801],[28.972409,46.998152],[28.97258,46.998264]]]}},{"type":"Feature","properties":{"tip":"service","nume":"Strada 31 August 1989","m":106.0},"geometry":{"type":"MultiLineString","coordinates":[[[28.976075,46.998552],[28.97606,46.998683],[28.976023,46.998857],[28.976029,46.998977],[28.976077,46.99927],[28.976006,46.999497]]]}},{"type":"Feature","properties":{"tip":"living_street","nume":null,"m":280.0},"geometry":{"type":"MultiLineString","coordinates":[[[28.973331,47.001468],[28.973487,47.00141],[28.973929,47.001159],[28.974173,47.001035],[28.974436,47.000955],[28.974699,47.000867],[28.975091,47.000637],[28.975874,47.000066],[28.976152,46.999886]]]}},{"type":"Feature","properties":{"tip":"living_street","nume":"Strada George Coșbuc","m":21.0},"geometry":{"type":"MultiLineString","coordinates":[[[28.973464,46.997919],[28.973337,46.997955],[28.973216,46.998002]]]}},{"type":"Feature","properties":{"tip":"service","nume":null,"m":156.0},"geometry":{"type":"MultiLineString","coordinates":[[[28.971842,47.000637],[28.971921,47.000726],[28.972015,47.000966],[28.972127,47.001069],[28.972256,47.001139],[28.972752,47.001305],[28.972849,47.001333],[28.973219,47.001451],[28.973331,47.001468]]]}},{"type":"Feature","properties":{"tip":"living_street","nume":null,"m":407.0},"geometry":{"type":"MultiLineString","coordinates":[[[28.965564,46.993727],[28.96581,46.993712],[28.966889,46.993608],[28.96738,46.993556],[28.967674,46.993489],[28.968387,46.993308],[28.96887,46.993167],[28.969593,46.992955],[28.96991,46.992838],[28.970105,46.992749],[28.970256,46.992693],[28.97059,46.992586]]]}},{"type":"Feature","properties":{"tip":"track","nume":null,"m":65.0},"geometry":{"type":"MultiLineString","coordinates":[[[28.96991,46.992838],[28.969893,46.992916],[28.96978,46.993206],[28.969763,46.993295],[28.969773,46.993358],[28.969801,46.993411]]]}},{"type":"Feature","properties":{"tip":"living_street","nume":null,"m":436.0},"geometry":{"type":"MultiLineString","coordinates":[[[28.970105,46.992749],[28.97015,46.992661],[28.97015,46.992611],[28.970118,46.992545],[28.969998,46.992435],[28.969835,46.992309],[28.969776,46.99227],[28.96971,46.992252],[28.969603,46.992266],[28.969401,46.992322],[28.968965,46.992464],[28.968276,46.992674],[28.96777,46.99283],[28.967602,46.992879],[28.967531,46.992892],[28.967408,46.992915],[28.967164,46.992949],[28.966443,46.993001],[28.965905,46.993046],[28.965593,46.993054],[28.965105,46.993107]]]}},{"type":"Feature","properties":{"tip":"living_street","nume":null,"m":312.0},"geometry":{"type":"MultiLineString","coordinates":[[[28.967531,46.992892],[28.96745,46.99283],[28.966856,46.992311],[28.966562,46.992044],[28.966411,46.991858],[28.966383,46.991798],[28.966343,46.991776],[28.966251,46.991783],[28.966024,46.991854],[28.965358,46.992062],[28.965195,46.992112],[28.964455,46.992362]]]}},{"type":"Feature","properties":{"tip":"living_street","nume":null,"m":133.0},"geometry":{"type":"MultiLineString","coordinates":[[[28.965358,46.992062],[28.966173,46.992783],[28.966443,46.993001]]]}},{"type":"Feature","properties":{"tip":"living_street","nume":null,"m":210.0},"geometry":{"type":"MultiLineString","coordinates":[[[28.965564,46.993727],[28.965105,46.993107],[28.964784,46.992688],[28.964455,46.992362],[28.964189,46.992092]]]}},{"type":"Feature","properties":{"tip":"track","nume":null,"m":356.0},"geometry":{"type":"MultiLineString","coordinates":[[[28.972202,46.991599],[28.97217,46.991543],[28.972083,46.991539],[28.971981,46.991584],[28.97171,46.99159],[28.971512,46.991584],[28.970787,46.99151],[28.970213,46.991436],[28.969795,46.991453],[28.969374,46.991477],[28.96898,46.991446],[28.968761,46.991397],[28.968635,46.991284],[28.968412,46.991116],[28.968307,46.991061],[28.968159,46.990962],[28.968042,46.990962],[28.967916,46.990973]]]}},{"type":"Feature","properties":{"tip":"service","nume":null,"m":85.0},"geometry":{"type":"MultiLineString","coordinates":[[[28.927354,46.957528],[28.927805,46.956957],[28.927884,46.956857]]]}},{"type":"Feature","properties":{"tip":"service","nume":null,"m":142.0},"geometry":{"type":"MultiLineString","coordinates":[[[28.927101,46.957434],[28.927354,46.957528],[28.927791,46.957686],[28.927852,46.957694],[28.927892,46.957679],[28.927909,46.957659],[28.928301,46.957141],[28.928341,46.957089]]]}},{"type":"Feature","properties":{"tip":"service","nume":null,"m":104.0},"geometry":{"type":"MultiLineString","coordinates":[[[28.933283,46.982814],[28.933236,46.982796],[28.933067,46.982766],[28.932933,46.982761],[28.93278,46.982764],[28.932706,46.982778],[28.932681,46.982796],[28.932671,46.98281],[28.93266,46.982824],[28.932615,46.982927],[28.932585,46.982996],[28.932564,46.983046],[28.932561,46.983088],[28.932565,46.983137],[28.932571,46.983224],[28.932576,46.983291]]]}},{"type":"Feature","properties":{"tip":"service","nume":null,"m":163.0},"geometry":{"type":"MultiLineString","coordinates":[[[28.932979,46.981994],[28.932912,46.981947],[28.93286,46.981924],[28.932793,46.981906],[28.932746,46.981899],[28.932679,46.981897],[28.932502,46.9819],[28.932286,46.981912],[28.932169,46.981929],[28.932078,46.981943],[28.93202,46.981947],[28.932003,46.981948],[28.931917,46.981946],[28.931108,46.98186],[28.931091,46.981845],[28.931088,46.981825],[28.931098,46.981716]]]}},{"type":"Feature","properties":{"tip":"service","nume":null,"m":168.0},"geometry":{"type":"MultiLineString","coordinates":[[[28.932482,46.982713],[28.932476,46.982641],[28.932475,46.982618],[28.932464,46.982444],[28.932454,46.982297],[28.932443,46.982126],[28.932439,46.982062],[28.932441,46.982042],[28.932455,46.982024],[28.932482,46.982007],[28.932514,46.982003],[28.932895,46.981994],[28.932938,46.981993],[28.932979,46.981994],[28.933011,46.981998],[28.933072,46.98201],[28.933159,46.982036],[28.933199,46.982053],[28.933245,46.982073],[28.933343,46.982118],[28.933388,46.98214],[28.93343,46.982155],[28.933473,46.982166],[28.933571,46.982184]]]}},{"type":"Feature","properties":{"tip":"service","nume":null,"m":102.0},"geometry":{"type":"MultiLineString","coordinates":[[[28.932079,46.983296],[28.932069,46.983077],[28.932057,46.982824],[28.932051,46.982703],[28.932059,46.98268],[28.932075,46.982661],[28.932097,46.982652],[28.932128,46.982648],[28.932476,46.982641]]]}},{"type":"Feature","properties":{"tip":"service","nume":null,"m":74.0},"geometry":{"type":"MultiLineString","coordinates":[[[28.93297,46.983488],[28.932924,46.983454],[28.932889,46.983429],[28.93284,46.983398],[28.932818,46.983384],[28.932786,46.983376],[28.932751,46.983372],[28.932684,46.983369],[28.932663,46.983364],[28.932478,46.983318],[28.932079,46.983296]]]}},{"type":"Feature","properties":{"tip":"track","nume":null,"m":581.0},"geometry":{"type":"MultiLineString","coordinates":[[[28.930879,46.970502],[28.931352,46.970722],[28.931965,46.971036],[28.93266,46.971411],[28.932706,46.97145],[28.932799,46.971515],[28.932892,46.971587],[28.933079,46.971766],[28.933646,46.972178],[28.93398,46.97242],[28.93431,46.97275],[28.935308,46.97348],[28.935499,46.973619],[28.935959,46.973861],[28.93621,46.973993],[28.936321,46.974045],[28.936382,46.974083]]]}},{"type":"Feature","properties":{"tip":"service","nume":null,"m":96.0},"geometry":{"type":"MultiLineString","coordinates":[[[28.937154,46.974142],[28.937164,46.9742],[28.937151,46.974385],[28.937098,46.974599],[28.937047,46.974753],[28.937023,46.974775],[28.936988,46.97479],[28.936937,46.974788],[28.936717,46.974777]]]}},{"type":"Feature","properties":{"tip":"track","nume":null,"m":289.0},"geometry":{"type":"MultiLineString","coordinates":[[[28.932557,46.964835],[28.932232,46.965115],[28.932018,46.965301],[28.93182,46.965429],[28.931459,46.96572],[28.930945,46.96612],[28.93069,46.966317],[28.930475,46.966462],[28.93016,46.96667],[28.929995,46.966747]]]}},{"type":"Feature","properties":{"tip":"living_street","nume":"Strada Grădinarilor","m":233.0},"geometry":{"type":"MultiLineString","coordinates":[[[28.929995,46.966747],[28.929859,46.966798],[28.929766,46.966833],[28.929682,46.966874],[28.929618,46.966909],[28.929555,46.966955],[28.929438,46.967052],[28.929352,46.967131],[28.929275,46.967203],[28.92923,46.967257],[28.929204,46.9673],[28.929185,46.967343],[28.929161,46.967412],[28.929137,46.967492],[28.929129,46.96753],[28.929125,46.967579],[28.929128,46.967601],[28.929132,46.967618],[28.929142,46.96764],[28.929163,46.967661],[28.929212,46.967703],[28.929243,46.967741],[28.929258,46.967772],[28.929259,46.967807],[28.929262,46.967845],[28.929264,46.967984],[28.929262,46.968042],[28.929255,46.968077],[28.929247,46.968111],[28.929232,46.968152],[28.92922,46.968191],[28.929184,46.968244],[28.928993,46.968541]]]}},{"type":"Feature","properties":{"tip":"service","nume":null,"m":81.0},"geometry":{"type":"MultiLineString","coordinates":[[[28.937406,46.962446],[28.937304,46.962418],[28.937251,46.962411],[28.937202,46.962407],[28.937146,46.962404],[28.937055,46.962398],[28.936982,46.962391],[28.936883,46.962376],[28.936602,46.962327],[28.936467,46.962309],[28.936425,46.962307],[28.936366,46.962313]]]}},{"type":"Feature","properties":{"tip":"living_street","nume":"Strada Moldova","m":161.0},"geometry":{"type":"MultiLineString","coordinates":[[[28.93498,46.963401],[28.936366,46.962313]]]}},{"type":"Feature","properties":{"tip":"living_street","nume":"Strada Grădinarilor","m":342.0},"geometry":{"type":"MultiLineString","coordinates":[[[28.935602,46.963739],[28.935571,46.963723],[28.93498,46.963401],[28.934633,46.963213],[28.934601,46.963191],[28.934552,46.963182],[28.934517,46.963176],[28.934483,46.963189],[28.934459,46.963207],[28.934434,46.963233],[28.93437,46.963317],[28.9343,46.9634],[28.934137,46.963559],[28.933918,46.963733],[28.93364,46.963965],[28.933412,46.964145],[28.933265,46.964255],[28.933182,46.964313],[28.932956,46.964511],[28.932841,46.96461],[28.932731,46.96469],[28.932621,46.964778],[28.932557,46.964835]]]}},{"type":"Feature","properties":{"tip":"footway","nume":null,"m":82.0},"geometry":{"type":"MultiLineString","coordinates":[[[28.945463,46.978345],[28.946537,46.978274]]]}},{"type":"Feature","properties":{"tip":"living_street","nume":"Stradela 2 Ştefan cel Mare şi Sfânt","m":483.0},"geometry":{"type":"MultiLineString","coordinates":[[[28.945499,46.973842],[28.944632,46.977039],[28.944489,46.977632],[28.944442,46.97786],[28.944433,46.978003],[28.944447,46.978117]]]}},{"type":"Feature","properties":{"tip":"living_street","nume":"Strada Câmpiei","m":174.0},"geometry":{"type":"MultiLineString","coordinates":[[[28.946432,46.973963],[28.945724,46.973871],[28.945499,46.973842],[28.944623,46.973739],[28.944187,46.973685]]]}},{"type":"Feature","properties":{"tip":"living_street","nume":null,"m":713.0},"geometry":{"type":"MultiLineString","coordinates":[[[28.94736,46.970779],[28.947432,46.97054],[28.947493,46.970349],[28.947706,46.969646],[28.948158,46.968115],[28.94917,46.964957],[28.949177,46.964926],[28.949219,46.964712],[28.949169,46.964505]]]}},{"type":"Feature","properties":{"tip":"service","nume":null,"m":76.0},"geometry":{"type":"MultiLineString","coordinates":[[[28.94149,46.982738],[28.941346,46.982791],[28.94124,46.982843],[28.940988,46.98301],[28.940675,46.983119]]]}},{"type":"Feature","properties":{"tip":"path","nume":null,"m":57.0},"geometry":{"type":"MultiLineString","coordinates":[[[28.943095,46.982749],[28.943022,46.982823],[28.942891,46.982906],[28.942536,46.983089]]]}},{"type":"Feature","properties":{"tip":"living_street","nume":"Strada Valea Iazului","m":294.0},"geometry":{"type":"MultiLineString","coordinates":[[[28.934905,46.986173],[28.934878,46.986205],[28.933845,46.987426],[28.933541,46.987769],[28.933344,46.988183],[28.933231,46.988444],[28.933169,46.988472],[28.933127,46.98849]]]}},{"type":"Feature","properties":{"tip":"living_street","nume":null,"m":304.0},"geometry":{"type":"MultiLineString","coordinates":[[[28.937563,46.990787],[28.937432,46.991149],[28.937364,46.991188],[28.937248,46.991206],[28.937116,46.991223],[28.937057,46.991264],[28.936389,46.993113],[28.936278,46.99326]]]}},{"type":"Feature","properties":{"tip":"living_street","nume":null,"m":267.0},"geometry":{"type":"MultiLineString","coordinates":[[[28.935725,46.993032],[28.936139,46.991845],[28.936553,46.990693]]]}},{"type":"Feature","properties":{"tip":"living_street","nume":"Strada 27 August 1989","m":224.0},"geometry":{"type":"MultiLineString","coordinates":[[[28.946021,46.986536],[28.945692,46.986625],[28.945411,46.986722],[28.945154,46.986817],[28.945095,46.986831],[28.94489,46.986804],[28.944816,46.986799],[28.944776,46.986812],[28.944774,46.986872],[28.944749,46.986911],[28.944493,46.98704],[28.944335,46.987088],[28.944114,46.98711],[28.943389,46.987149]]]}},{"type":"Feature","properties":{"tip":"service","nume":null,"m":200.0},"geometry":{"type":"MultiLineString","coordinates":[[[28.915823,46.969203],[28.915939,46.969249],[28.915997,46.969246],[28.916163,46.969243],[28.916291,46.969224],[28.916408,46.969193],[28.916522,46.969136],[28.917039,46.968678],[28.917658,46.96812]]]}},{"type":"Feature","properties":{"tip":"track","nume":null,"m":68.0},"geometry":{"type":"MultiLineString","coordinates":[[[28.917936,46.97069],[28.918241,46.970817],[28.918688,46.971013]]]}},{"type":"Feature","properties":{"tip":"path","nume":null,"m":26.0},"geometry":{"type":"MultiLineString","coordinates":[[[28.918867,46.971126],[28.919147,46.971265]]]}},{"type":"Feature","properties":{"tip":"path","nume":null,"m":7.0},"geometry":{"type":"MultiLineString","coordinates":[[[28.919147,46.971265],[28.91921,46.971308]]]}},{"type":"Feature","properties":{"tip":"path","nume":null,"m":19.0},"geometry":{"type":"MultiLineString","coordinates":[[[28.918688,46.971013],[28.918867,46.971126]]]}},{"type":"Feature","properties":{"tip":"track","nume":null,"m":13.0},"geometry":{"type":"MultiLineString","coordinates":[[[28.919356,46.965986],[28.919218,46.96592]]]}},{"type":"Feature","properties":{"tip":"path","nume":null,"m":1.0},"geometry":{"type":"MultiLineString","coordinates":[[[28.921344,46.964195],[28.921353,46.964202]]]}},{"type":"Feature","properties":{"tip":"path","nume":null,"m":11.0},"geometry":{"type":"MultiLineString","coordinates":[[[28.921353,46.964202],[28.921457,46.96427]]]}},{"type":"Feature","properties":{"tip":"living_street","nume":null,"m":70.0},"geometry":{"type":"MultiLineString","coordinates":[[[28.947437,46.94874],[28.947924,46.948202]]]}},{"type":"Feature","properties":{"tip":"service","nume":"Strada Ștefan cel Mare și Sfânt","m":117.0},"geometry":{"type":"MultiLineString","coordinates":[[[28.933047,46.983321],[28.933102,46.983332],[28.933144,46.983341],[28.933439,46.983342],[28.933528,46.983342],[28.934022,46.983338],[28.934118,46.983336],[28.934161,46.98335],[28.934197,46.983361],[28.934302,46.983413],[28.934387,46.983429],[28.934496,46.983435],[28.934542,46.983437]]]}},{"type":"Feature","properties":{"tip":"service","nume":null,"m":211.0},"geometry":{"type":"MultiLineString","coordinates":[[[28.938636,46.978334],[28.938653,46.978225],[28.938786,46.97731],[28.938958,46.976915],[28.939095,46.976618],[28.939085,46.976572],[28.939055,46.976548],[28.938966,46.976524]]]}},{"type":"Feature","properties":{"tip":"service","nume":null,"m":94.0},"geometry":{"type":"MultiLineString","coordinates":[[[28.937734,46.978305],[28.937744,46.978197],[28.937804,46.977459]]]}},{"type":"Feature","properties":{"tip":"service","nume":"Strada Ștefan cel Mare și Sfânt","m":66.0},"geometry":{"type":"MultiLineString","coordinates":[[[28.933708,46.979146],[28.933621,46.979143],[28.932844,46.979112]]]}},{"type":"Feature","properties":{"tip":"service","nume":"Strada Livezilor","m":249.0},"geometry":{"type":"MultiLineString","coordinates":[[[28.936101,46.980719],[28.936122,46.981028],[28.936135,46.981216],[28.936179,46.981864],[28.936197,46.982231],[28.936206,46.982416],[28.936207,46.982446],[28.936199,46.982501],[28.936162,46.98255],[28.936049,46.982611],[28.935839,46.982687],[28.93576,46.982702],[28.935642,46.982714]]]}},{"type":"Feature","properties":{"tip":"service","nume":"Strada Ștefan cel Mare și Sfânt","m":295.0},"geometry":{"type":"MultiLineString","coordinates":[[[28.939903,46.978372],[28.939973,46.978124],[28.940094,46.977846],[28.940111,46.977734],[28.940129,46.977559],[28.940173,46.976878],[28.94017,46.976618],[28.94012,46.976262],[28.940055,46.976116],[28.939961,46.976024],[28.93982,46.975963],[28.939615,46.975925]]]}},{"type":"Feature","properties":{"tip":"residential","nume":null,"m":154.0},"geometry":{"type":"MultiLineString","coordinates":[[[28.951304,46.943256],[28.951177,46.943307],[28.951016,46.943346],[28.950887,46.943371],[28.950789,46.943415],[28.950641,46.943523],[28.95041,46.943743],[28.950352,46.943798],[28.950267,46.94395],[28.950084,46.944274]]]}},{"type":"Feature","properties":{"tip":"living_street","nume":null,"m":170.0},"geometry":{"type":"MultiLineString","coordinates":[[[28.952512,46.945957],[28.952358,46.945908],[28.952007,46.945852],[28.951629,46.945879],[28.951535,46.945897],[28.951483,46.945961],[28.950878,46.946603]]]}},{"type":"Feature","properties":{"tip":"path","nume":null,"m":40.0},"geometry":{"type":"MultiLineString","coordinates":[[[28.951452,46.94576],[28.951926,46.945608]]]}},{"type":"Feature","properties":{"tip":"path","nume":null,"m":57.0},"geometry":{"type":"MultiLineString","coordinates":[[[28.951452,46.94576],[28.951395,46.945818],[28.950997,46.945968],[28.950938,46.945972],[28.950838,46.94591]]]}},{"type":"Feature","properties":{"tip":"path","nume":null,"m":338.0},"geometry":{"type":"MultiLineString","coordinates":[[[28.950938,46.945972],[28.950326,46.946347],[28.949562,46.947028],[28.94876,46.947739],[28.948469,46.947963],[28.947988,46.948089],[28.947884,46.948098]]]}},{"type":"Feature","properties":{"tip":"service","nume":null,"m":28.0},"geometry":{"type":"MultiLineString","coordinates":[[[28.953212,46.945113],[28.953288,46.945268],[28.953298,46.945316],[28.953289,46.945358]]]}},{"type":"Feature","properties":{"tip":"service","nume":null,"m":19.0},"geometry":{"type":"MultiLineString","coordinates":[[[28.950935,46.943205],[28.95091,46.943229],[28.950887,46.943371]]]}},{"type":"Feature","properties":{"tip":"service","nume":null,"m":434.0},"geometry":{"type":"MultiLineString","coordinates":[[[28.951304,46.943256],[28.951432,46.943301],[28.951681,46.943467],[28.951907,46.943667],[28.951975,46.943745],[28.952126,46.943921],[28.952355,46.944181],[28.952492,46.944314],[28.952728,46.944495],[28.952833,46.944594],[28.952938,46.944681],[28.953049,46.944814],[28.953101,46.944933],[28.953212,46.945113],[28.953479,46.94529],[28.953699,46.945464],[28.953837,46.945591],[28.953998,46.945718],[28.954065,46.945771],[28.954224,46.945893],[28.954327,46.945983],[28.954378,46.946059],[28.954456,46.946129],[28.954612,46.946227],[28.954716,46.946252],[28.954787,46.946255]]]}},{"type":"Feature","properties":{"tip":"living_street","nume":null,"m":117.0},"geometry":{"type":"MultiLineString","coordinates":[[[28.953101,46.944933],[28.952665,46.945139],[28.952399,46.945301],[28.952023,46.945545],[28.951926,46.945608]]]}},{"type":"Feature","properties":{"tip":"path","nume":null,"m":11.0},"geometry":{"type":"MultiLineString","coordinates":[[[28.953875,46.945753],[28.953938,46.945718],[28.953998,46.945718]]]}},{"type":"Feature","properties":{"tip":"service","nume":null,"m":255.0},"geometry":{"type":"MultiLineString","coordinates":[[[28.952918,46.94834],[28.951937,46.947972],[28.950939,46.947585],[28.950004,46.947204]]]}},{"type":"Feature","properties":{"tip":"residential","nume":"Strada Grădinarilor","m":617.0},"geometry":{"type":"MultiLineString","coordinates":[[[28.949973,46.944364],[28.948935,46.945235],[28.948442,46.945688],[28.948403,46.945723],[28.947343,46.946839],[28.947104,46.947145],[28.94709,46.947163],[28.946934,46.94733],[28.94679,46.94746],[28.946526,46.947698],[28.945824,46.948477],[28.945609,46.948715],[28.945404,46.948942]]]}},{"type":"Feature","properties":{"tip":"living_street","nume":"Strada Grădinarilor","m":324.0},"geometry":{"type":"MultiLineString","coordinates":[[[28.948735,46.947318],[28.948394,46.947736],[28.947884,46.948098],[28.946786,46.948394],[28.946613,46.948417],[28.946478,46.94849],[28.946151,46.948725],[28.946041,46.948788],[28.945404,46.948942]]]}},{"type":"Feature","properties":{"tip":"path","nume":null,"m":60.0},"geometry":{"type":"MultiLineString","coordinates":[[[28.945889,46.949989],[28.945533,46.950471]]]}},{"type":"Feature","properties":{"tip":"living_street","nume":null,"m":139.0},"geometry":{"type":"MultiLineString","coordinates":[[[28.945533,46.950471],[28.944983,46.951203],[28.944769,46.951469],[28.944624,46.951545]]]}},{"type":"Feature","properties":{"tip":"service","nume":null,"m":48.0},"geometry":{"type":"MultiLineString","coordinates":[[[28.943615,46.951034],[28.943728,46.951123],[28.944125,46.951272]]]}},{"type":"Feature","properties":{"tip":"service","nume":null,"m":13.0},"geometry":{"type":"MultiLineString","coordinates":[[[28.943728,46.951123],[28.943557,46.951119]]]}},{"type":"Feature","properties":{"tip":"living_street","nume":null,"m":144.0},"geometry":{"type":"MultiLineString","coordinates":[[[28.950209,46.955227],[28.950563,46.954112],[28.950636,46.953962]]]}},{"type":"Feature","properties":{"tip":"living_street","nume":null,"m":108.0},"geometry":{"type":"MultiLineString","coordinates":[[[28.947824,46.948935],[28.947132,46.949712],[28.947105,46.949766]]]}},{"type":"Feature","properties":{"tip":"living_street","nume":null,"m":245.0},"geometry":{"type":"MultiLineString","coordinates":[[[28.948502,46.949276],[28.947818,46.950061],[28.947781,46.950112],[28.947729,46.950185],[28.946829,46.951157]]]}},{"type":"Feature","properties":{"tip":"path","nume":null,"m":212.0},"geometry":{"type":"MultiLineString","coordinates":[[[28.949431,46.952761],[28.949274,46.952499],[28.949215,46.952387],[28.949021,46.952278],[28.948901,46.952231],[28.948403,46.952168],[28.948051,46.952078],[28.947571,46.951993],[28.947179,46.951875]]]}},{"type":"Feature","properties":{"tip":"construction","nume":null,"m":211.0},"geometry":{"type":"MultiLineString","coordinates":[[[28.946618,46.950282],[28.945871,46.95097],[28.94514,46.951885]]]}},{"type":"Feature","properties":{"tip":"construction","nume":null,"m":125.0},"geometry":{"type":"MultiLineString","coordinates":[[[28.946829,46.951157],[28.945956,46.952111]]]}},{"type":"Feature","properties":{"tip":"construction","nume":null,"m":62.0},"geometry":{"type":"MultiLineString","coordinates":[[[28.947179,46.951875],[28.946725,46.952336]]]}},{"type":"Feature","properties":{"tip":"construction","nume":null,"m":81.0},"geometry":{"type":"MultiLineString","coordinates":[[[28.948051,46.952078],[28.947515,46.95271]]]}},{"type":"Feature","properties":{"tip":"track","nume":null,"m":233.0},"geometry":{"type":"MultiLineString","coordinates":[[[28.940753,46.949076],[28.940874,46.94912],[28.940967,46.949154],[28.94137,46.949304],[28.941983,46.949477],[28.942683,46.949565],[28.943022,46.94954],[28.943356,46.949551],[28.943646,46.949609]]]}},{"type":"Feature","properties":{"tip":"service","nume":null,"m":67.0},"geometry":{"type":"MultiLineString","coordinates":[[[28.947113,46.956119],[28.947958,46.956273]]]}},{"type":"Feature","properties":{"tip":"service","nume":null,"m":191.0},"geometry":{"type":"MultiLineString","coordinates":[[[28.947081,46.956207],[28.946206,46.956053],[28.945377,46.955916],[28.944657,46.955772]]]}},{"type":"Feature","properties":{"tip":"service","nume":null,"m":174.0},"geometry":{"type":"MultiLineString","coordinates":[[[28.944807,46.955338],[28.943964,46.955186],[28.943144,46.955032],[28.942598,46.954938]]]}},{"type":"Feature","properties":{"tip":"track","nume":null,"m":492.0},"geometry":{"type":"MultiLineString","coordinates":[[[28.94039,46.955796],[28.940241,46.955757],[28.940046,46.955703],[28.939982,46.955662],[28.939964,46.955609],[28.940287,46.954909],[28.940507,46.95444],[28.94099,46.953414],[28.941167,46.953048],[28.941179,46.952975],[28.941157,46.952798],[28.941271,46.952612],[28.941291,46.952519],[28.941302,46.952463],[28.941225,46.95226],[28.941259,46.952056],[28.941191,46.95198],[28.941052,46.951916],[28.940851,46.95187]]]}},{"type":"Feature","properties":{"tip":"path","nume":null,"m":169.0},"geometry":{"type":"MultiLineString","coordinates":[[[28.942033,46.956775],[28.942513,46.956859],[28.943322,46.957003],[28.944183,46.957143]]]}},{"type":"Feature","properties":{"tip":"path","nume":null,"m":125.0},"geometry":{"type":"MultiLineString","coordinates":[[[28.944201,46.95709],[28.944273,46.957087],[28.944953,46.95721],[28.94579,46.95735]]]}},{"type":"Feature","properties":{"tip":"path","nume":null,"m":279.0},"geometry":{"type":"MultiLineString","coordinates":[[[28.945851,46.957158],[28.946688,46.95731],[28.947545,46.957471],[28.948403,46.957609],[28.949401,46.957785]]]}},{"type":"Feature","properties":{"tip":"service","nume":null,"m":61.0},"geometry":{"type":"MultiLineString","coordinates":[[[28.947266,46.95991],[28.947386,46.959902],[28.947577,46.959989],[28.947691,46.960011],[28.947861,46.960033],[28.948005,46.96008]]]}},{"type":"Feature","properties":{"tip":"service","nume":null,"m":178.0},"geometry":{"type":"MultiLineString","coordinates":[[[28.940278,46.957917],[28.940574,46.958034],[28.940908,46.958307],[28.941483,46.958744],[28.941907,46.95905]]]}},{"type":"Feature","properties":{"tip":"path","nume":null,"m":53.0},"geometry":{"type":"MultiLineString","coordinates":[[[28.941907,46.95905],[28.942245,46.959159],[28.942539,46.959251]]]}},{"type":"Feature","properties":{"tip":"service","nume":null,"m":14.0},"geometry":{"type":"MultiLineString","coordinates":[[[28.942559,46.95913],[28.942565,46.959204],[28.942539,46.959251]]]}},{"type":"Feature","properties":{"tip":"service","nume":null,"m":134.0},"geometry":{"type":"MultiLineString","coordinates":[[[28.939699,46.966587],[28.940563,46.966598],[28.941293,46.966641],[28.941451,46.966637]]]}},{"type":"Feature","properties":{"tip":"service","nume":null,"m":65.0},"geometry":{"type":"MultiLineString","coordinates":[[[28.941768,46.962269],[28.941012,46.961995]]]}},{"type":"Feature","properties":{"tip":"path","nume":null,"m":21.0},"geometry":{"type":"MultiLineString","coordinates":[[[28.940457,46.961822],[28.940376,46.962002]]]}},{"type":"Feature","properties":{"tip":"track","nume":null,"m":249.0},"geometry":{"type":"MultiLineString","coordinates":[[[28.937845,46.959873],[28.937788,46.959815],[28.937848,46.959616],[28.938079,46.959314],[28.938356,46.958839],[28.939027,46.957827]]]}},{"type":"Feature","properties":{"tip":"service","nume":null,"m":73.0},"geometry":{"type":"MultiLineString","coordinates":[[[28.938121,46.963507],[28.937708,46.96335],[28.937647,46.963299],[28.937662,46.963238],[28.937807,46.963057]]]}},{"type":"Feature","properties":{"tip":"path","nume":null,"m":74.0},"geometry":{"type":"MultiLineString","coordinates":[[[28.937807,46.963057],[28.938228,46.962458]]]}},{"type":"Feature","properties":{"tip":"service","nume":null,"m":125.0},"geometry":{"type":"MultiLineString","coordinates":[[[28.944561,46.972201],[28.943716,46.9721],[28.942947,46.972013]]]}},{"type":"Feature","properties":{"tip":"living_street","nume":null,"m":148.0},"geometry":{"type":"MultiLineString","coordinates":[[[28.946268,46.967814],[28.946776,46.967889],[28.947647,46.968021],[28.948158,46.968115]]]}},{"type":"Feature","properties":{"tip":"service","nume":"Strada Caștanul Alb","m":48.0},"geometry":{"type":"MultiLineString","coordinates":[[[28.941527,46.967965],[28.942152,46.967967]]]}},{"type":"Feature","properties":{"tip":"service","nume":null,"m":198.0},"geometry":{"type":"MultiLineString","coordinates":[[[28.944102,46.970435],[28.944444,46.970484],[28.944961,46.970534],[28.945834,46.970647],[28.946675,46.970724]]]}},{"type":"Feature","properties":{"tip":"living_street","nume":null,"m":215.0},"geometry":{"type":"MultiLineString","coordinates":[[[28.947647,46.968021],[28.94702,46.969905]]]}},{"type":"Feature","properties":{"tip":"living_street","nume":null,"m":46.0},"geometry":{"type":"MultiLineString","coordinates":[[[28.942406,46.969843],[28.942477,46.970022],[28.942515,46.970245]]]}},{"type":"Feature","properties":{"tip":"construction","nume":null,"m":80.0},"geometry":{"type":"MultiLineString","coordinates":[[[28.942935,46.972044],[28.941904,46.971897]]]}},{"type":"Feature","properties":{"tip":"living_street","nume":"Stradela 1 Ștefan cel Mare și Sfânt","m":386.0},"geometry":{"type":"MultiLineString","coordinates":[[[28.942515,46.970245],[28.942323,46.970764],[28.941904,46.971897],[28.941649,46.972635],[28.941712,46.972838],[28.941398,46.97361]]]}},{"type":"Feature","properties":{"tip":"track","nume":null,"m":199.0},"geometry":{"type":"MultiLineString","coordinates":[[[28.941398,46.97361],[28.941378,46.973767],[28.941337,46.974228],[28.941337,46.974523],[28.941277,46.975062],[28.941294,46.975133],[28.941488,46.975361]]]}},{"type":"Feature","properties":{"tip":"track","nume":null,"m":73.0},"geometry":{"type":"MultiLineString","coordinates":[[[28.941378,46.973767],[28.941679,46.973812],[28.941925,46.973815],[28.942118,46.973797],[28.942294,46.973722]]]}},{"type":"Feature","properties":{"tip":"construction","nume":"Stradela 1 Ștefan cel Mare și Sfânt","m":91.0},"geometry":{"type":"MultiLineString","coordinates":[[[28.943464,46.973032],[28.943418,46.97319],[28.94322,46.973838]]]}},{"type":"Feature","properties":{"tip":"construction","nume":null,"m":209.0},"geometry":{"type":"MultiLineString","coordinates":[[[28.941398,46.97361],[28.942294,46.973722],[28.94322,46.973838],[28.944101,46.973948]]]}},{"type":"Feature","properties":{"tip":"living_street","nume":"Strada Timofei Moșneaga","m":74.0},"geometry":{"type":"MultiLineString","coordinates":[[[28.944187,46.973685],[28.944234,46.973499],[28.944363,46.973032]]]}},{"type":"Feature","properties":{"tip":"living_street","nume":null,"m":30.0},"geometry":{"type":"MultiLineString","coordinates":[[[28.944101,46.973948],[28.944187,46.973685]]]}},{"type":"Feature","properties":{"tip":"construction","nume":null,"m":141.0},"geometry":{"type":"MultiLineString","coordinates":[[[28.942607,46.972885],[28.943418,46.97319],[28.944234,46.973499]]]}},{"type":"Feature","properties":{"tip":"service","nume":"Strada Gospodarilor","m":109.0},"geometry":{"type":"MultiLineString","coordinates":[[[28.939093,46.970643],[28.939411,46.970747],[28.93953,46.970765],[28.939698,46.970767],[28.940287,46.970752],[28.940486,46.970747]]]}},{"type":"Feature","properties":{"tip":"path","nume":"Strada Gospodarilor","m":78.0},"geometry":{"type":"MultiLineString","coordinates":[[[28.940486,46.970747],[28.941514,46.970696]]]}},{"type":"Feature","properties":{"tip":"service","nume":"Strada Gospodarilor","m":63.0},"geometry":{"type":"MultiLineString","coordinates":[[[28.941514,46.970696],[28.941723,46.970752],[28.941929,46.970765],[28.942127,46.970775],[28.942217,46.970772],[28.942323,46.970764]]]}},{"type":"Feature","properties":{"tip":"construction","nume":null,"m":43.0},"geometry":{"type":"MultiLineString","coordinates":[[[28.940486,46.970747],[28.940575,46.970362]]]}},{"type":"Feature","properties":{"tip":"track","nume":null,"m":281.0},"geometry":{"type":"MultiLineString","coordinates":[[[28.940287,46.970752],[28.94019,46.971907],[28.940194,46.972448],[28.940216,46.973085],[28.940265,46.973279]]]}},{"type":"Feature","properties":{"tip":"service","nume":null,"m":124.0},"geometry":{"type":"MultiLineString","coordinates":[[[28.939161,46.974196],[28.939473,46.974178],[28.939663,46.97411],[28.939809,46.973987],[28.939858,46.973396]]]}},{"type":"Feature","properties":{"tip":"service","nume":null,"m":39.0},"geometry":{"type":"MultiLineString","coordinates":[[[28.939473,46.974178],[28.939499,46.973832]]]}},{"type":"Feature","properties":{"tip":"service","nume":"Strada Ștefan cel Mare și Sfânt","m":93.0},"geometry":{"type":"MultiLineString","coordinates":[[[28.936356,46.977404],[28.93628,46.977885],[28.936176,46.978233]]]}},{"type":"Feature","properties":{"tip":"service","nume":null,"m":61.0},"geometry":{"type":"MultiLineString","coordinates":[[[28.93662,46.967606],[28.936582,46.967643],[28.936159,46.968056]]]}},{"type":"Feature","properties":{"tip":"path","nume":"Strada Alba-Iulia","m":65.0},"geometry":{"type":"MultiLineString","coordinates":[[[28.935332,46.965221],[28.935435,46.965066],[28.935516,46.964946],[28.935699,46.964688]]]}},{"type":"Feature","properties":{"tip":"living_street","nume":"Strada Alba-Iulia","m":51.0},"geometry":{"type":"MultiLineString","coordinates":[[[28.935699,46.964688],[28.935807,46.964568],[28.935861,46.964485],[28.935934,46.964392],[28.936023,46.96429]]]}},{"type":"Feature","properties":{"tip":"living_street","nume":"Strada Grădinarilor","m":104.0},"geometry":{"type":"MultiLineString","coordinates":[[[28.930838,46.969054],[28.931315,46.968175]]]}},{"type":"Feature","properties":{"tip":"footway","nume":null,"m":54.0},"geometry":{"type":"MultiLineString","coordinates":[[[28.939955,46.958493],[28.940028,46.958565],[28.940414,46.958695],[28.94035,46.958785]]]}},{"type":"Feature","properties":{"tip":"service","nume":null,"m":20.0},"geometry":{"type":"MultiLineString","coordinates":[[[28.940188,46.95808],[28.940433,46.958149]]]}},{"type":"Feature","properties":{"tip":"service","nume":null,"m":42.0},"geometry":{"type":"MultiLineString","coordinates":[[[28.939525,46.959257],[28.940033,46.959396]]]}},{"type":"Feature","properties":{"tip":"path","nume":null,"m":19.0},"geometry":{"type":"MultiLineString","coordinates":[[[28.940414,46.958695],[28.940527,46.958539]]]}},{"type":"Feature","properties":{"tip":"track","nume":null,"m":211.0},"geometry":{"type":"MultiLineString","coordinates":[[[28.949973,46.944364],[28.949944,46.944214],[28.949873,46.944097],[28.949811,46.944037],[28.949734,46.943989],[28.949515,46.943908],[28.949306,46.943864],[28.949135,46.943854],[28.949023,46.94388],[28.948922,46.943929],[28.948727,46.944075],[28.948352,46.944402],[28.948285,46.944494],[28.948292,46.944538],[28.948324,46.944562],[28.948427,46.944603]]]}},{"type":"Feature","properties":{"tip":"path","nume":null,"m":5.0},"geometry":{"type":"MultiLineString","coordinates":[[[28.940753,46.949076],[28.940698,46.949047]]]}},{"type":"Feature","properties":{"tip":"path","nume":null,"m":24.0},"geometry":{"type":"MultiLineString","coordinates":[[[28.94047,47.009263],[28.940407,47.00935],[28.940407,47.009393],[28.940475,47.009458]]]}},{"type":"Feature","properties":{"tip":"path","nume":null,"m":28.0},"geometry":{"type":"MultiLineString","coordinates":[[[28.942294,47.00835],[28.942345,47.00838],[28.942378,47.008443],[28.942358,47.00858]]]}},{"type":"Feature","properties":{"tip":"track","nume":null,"m":128.0},"geometry":{"type":"MultiLineString","coordinates":[[[28.943622,47.00698],[28.943859,47.006847],[28.943979,47.00679],[28.944046,47.006781],[28.944333,47.006879],[28.94455,47.00693],[28.944728,47.006945],[28.945003,47.006941],[28.945056,47.006961],[28.945085,47.006984],[28.945122,47.007015]]]}},{"type":"Feature","properties":{"tip":"track","nume":null,"m":128.0},"geometry":{"type":"MultiLineString","coordinates":[[[28.942819,47.006555],[28.943016,47.006391],[28.943149,47.006338],[28.943359,47.006341],[28.943698,47.006423],[28.943792,47.006476],[28.943857,47.00657],[28.943921,47.006707],[28.944046,47.006781]]]}},{"type":"Feature","properties":{"tip":"path","nume":null,"m":54.0},"geometry":{"type":"MultiLineString","coordinates":[[[28.953284,47.001354],[28.953741,47.000982]]]}},{"type":"Feature","properties":{"tip":"track","nume":null,"m":92.0},"geometry":{"type":"MultiLineString","coordinates":[[[28.953552,47.000324],[28.953576,47.000257],[28.953533,47.000204],[28.953433,47.000106],[28.953211,46.999784],[28.953104,46.999579]]]}},{"type":"Feature","properties":{"tip":"path","nume":null,"m":3.0},"geometry":{"type":"MultiLineString","coordinates":[[[28.953491,47.000328],[28.95352,47.000348]]]}},{"type":"Feature","properties":{"tip":"track","nume":null,"m":27.0},"geometry":{"type":"MultiLineString","coordinates":[[[28.95238,46.999508],[28.952416,46.999471],[28.952357,46.999414],[28.952312,46.999338],[28.95233,46.999296]]]}},{"type":"Feature","properties":{"tip":"path","nume":null,"m":8.0},"geometry":{"type":"MultiLineString","coordinates":[[[28.949879,46.999015],[28.949914,46.998946]]]}},{"type":"Feature","properties":{"tip":"path","nume":null,"m":4.0},"geometry":{"type":"MultiLineString","coordinates":[[[28.951315,46.999304],[28.951343,46.999279]]]}},{"type":"Feature","properties":{"tip":"living_street","nume":"Strada Dumbravei","m":27.0},"geometry":{"type":"MultiLineString","coordinates":[[[28.945424,46.998165],[28.945195,46.998127],[28.945092,46.99809]]]}},{"type":"Feature","properties":{"tip":"service","nume":null,"m":75.0},"geometry":{"type":"MultiLineString","coordinates":[[[28.933892,46.999424],[28.933474,47.000038]]]}},{"type":"Feature","properties":{"tip":"service","nume":null,"m":75.0},"geometry":{"type":"MultiLineString","coordinates":[[[28.934318,46.999609],[28.933896,47.000221]]]}},{"type":"Feature","properties":{"tip":"service","nume":null,"m":75.0},"geometry":{"type":"MultiLineString","coordinates":[[[28.934745,46.999794],[28.934318,47.000405]]]}},{"type":"Feature","properties":{"tip":"service","nume":null,"m":76.0},"geometry":{"type":"MultiLineString","coordinates":[[[28.933471,46.999241],[28.933066,46.999868]]]}},{"type":"Feature","properties":{"tip":"service","nume":null,"m":75.0},"geometry":{"type":"MultiLineString","coordinates":[[[28.932973,46.999025],[28.93248,46.999611]]]}},{"type":"Feature","properties":{"tip":"path","nume":null,"m":230.0},"geometry":{"type":"MultiLineString","coordinates":[[[28.93248,46.999611],[28.933066,46.999868],[28.933474,47.000038],[28.933896,47.000221],[28.934318,47.000405],[28.934744,47.000583],[28.935039,47.000707]]]}},{"type":"Feature","properties":{"tip":"service","nume":null,"m":75.0},"geometry":{"type":"MultiLineString","coordinates":[[[28.935164,46.999976],[28.934744,47.000583]]]}},{"type":"Feature","properties":{"tip":"service","nume":"Strada Valeriu Dumbravă","m":7.0},"geometry":{"type":"MultiLineString","coordinates":[[[28.932514,46.999149],[28.932599,46.999174]]]}},{"type":"Feature","properties":{"tip":"track","nume":null,"m":1.0},"geometry":{"type":"MultiLineString","coordinates":[[[28.932167,46.999634],[28.932157,46.999642]]]}},{"type":"Feature","properties":{"tip":"service","nume":null,"m":19.0},"geometry":{"type":"MultiLineString","coordinates":[[[28.930883,46.997399],[28.93106,46.997481],[28.93107,46.997505]]]}},{"type":"Feature","properties":{"tip":"service","nume":null,"m":8.0},"geometry":{"type":"MultiLineString","coordinates":[[[28.931067,46.997205],[28.930963,46.997212]]]}},{"type":"Feature","properties":{"tip":"living_street","nume":"Stradela 3 Ştefan cel Mare şi Sfânt","m":756.0},"geometry":{"type":"MultiLineString","coordinates":[[[28.945566,46.977457],[28.945557,46.977432],[28.945547,46.977399],[28.945541,46.977363],[28.945547,46.977335],[28.945552,46.977295],[28.945603,46.976935],[28.945713,46.976468],[28.945785,46.976252],[28.945809,46.976183],[28.94589,46.975948],[28.946075,46.975267],[28.946432,46.973963],[28.946938,46.972194],[28.947013,46.971929],[28.94736,46.970779]]]}},{"type":"Feature","properties":{"tip":"service","nume":null,"m":50.0},"geometry":{"type":"MultiLineString","coordinates":[[[28.942322,46.978796],[28.942451,46.978894],[28.94277,46.979129]]]}},{"type":"Feature","properties":{"tip":"track","nume":null,"m":475.0},"geometry":{"type":"MultiLineString","coordinates":[[[28.949936,46.988483],[28.950274,46.988188],[28.951708,46.987049],[28.953171,46.985589],[28.953359,46.985467],[28.954006,46.985402]]]}},{"type":"Feature","properties":{"tip":"living_street","nume":"Strada Toamnei","m":58.0},"geometry":{"type":"MultiLineString","coordinates":[[[28.951825,46.984467],[28.951713,46.984702],[28.951548,46.984955]]]}},{"type":"Feature","properties":{"tip":"path","nume":null,"m":87.0},"geometry":{"type":"MultiLineString","coordinates":[[[28.947939,46.98111],[28.947794,46.981025],[28.947424,46.981032],[28.946853,46.981086]]]}},{"type":"Feature","properties":{"tip":"living_street","nume":"Stradela 2 Școlii","m":236.0},"geometry":{"type":"MultiLineString","coordinates":[[[28.943327,46.978475],[28.943413,46.979322],[28.943478,46.979786],[28.943499,46.980121],[28.943512,46.980215],[28.943529,46.980293],[28.943606,46.980444],[28.943682,46.980536],[28.94372,46.980556]]]}},{"type":"Feature","properties":{"tip":"service","nume":null,"m":71.0},"geometry":{"type":"MultiLineString","coordinates":[[[28.943316,46.982525],[28.943692,46.982319],[28.943908,46.982176],[28.943953,46.982125],[28.943953,46.982079]]]}},{"type":"Feature","properties":{"tip":"service","nume":null,"m":33.0},"geometry":{"type":"MultiLineString","coordinates":[[[28.944502,46.982703],[28.944178,46.982903]]]}},{"type":"Feature","properties":{"tip":"service","nume":null,"m":98.0},"geometry":{"type":"MultiLineString","coordinates":[[[28.945571,46.982647],[28.945429,46.98277],[28.945261,46.982905],[28.944625,46.983233]]]}},{"type":"Feature","properties":{"tip":"service","nume":null,"m":68.0},"geometry":{"type":"MultiLineString","coordinates":[[[28.94578,46.983415],[28.945833,46.983588],[28.946079,46.983989]]]}},{"type":"Feature","properties":{"tip":"service","nume":"Strada Bubuiog","m":68.0},"geometry":{"type":"MultiLineString","coordinates":[[[28.950524,46.984303],[28.950524,46.984418],[28.950553,46.984602],[28.95057,46.984913]]]}},{"type":"Feature","properties":{"tip":"service","nume":null,"m":50.0},"geometry":{"type":"MultiLineString","coordinates":[[[28.95193,46.985011],[28.951945,46.985243],[28.951936,46.98535],[28.95188,46.985454]]]}},{"type":"Feature","properties":{"tip":"construction","nume":"Strada Cotul Morii","m":131.0},"geometry":{"type":"MultiLineString","coordinates":[[[28.952967,46.985161],[28.953486,46.984035]]]}},{"type":"Feature","properties":{"tip":"construction","nume":"Strada Toamnei","m":166.0},"geometry":{"type":"MultiLineString","coordinates":[[[28.951825,46.984467],[28.95217,46.983894],[28.952118,46.983566],[28.951962,46.983034]]]}},{"type":"Feature","properties":{"tip":"service","nume":null,"m":55.0},"geometry":{"type":"MultiLineString","coordinates":[[[28.951758,46.983986],[28.951803,46.984026],[28.951829,46.984192],[28.951825,46.984467]]]}},{"type":"Feature","properties":{"tip":"living_street","nume":"Strada Viilor","m":103.0},"geometry":{"type":"MultiLineString","coordinates":[[[28.951962,46.983034],[28.951509,46.983142],[28.950746,46.983426]]]}},{"type":"Feature","properties":{"tip":"service","nume":"Strada Bubuiog","m":81.0},"geometry":{"type":"MultiLineString","coordinates":[[[28.949578,46.984952],[28.949613,46.984769],[28.9496,46.984365],[28.949659,46.984227]]]}},{"type":"Feature","properties":{"tip":"living_street","nume":"Strada Cotul Morii","m":329.0},"geometry":{"type":"MultiLineString","coordinates":[[[28.953857,46.985287],[28.953814,46.984989],[28.953486,46.984035],[28.953368,46.983661],[28.953382,46.983465],[28.953317,46.983253],[28.95318,46.982899],[28.95306,46.982384]]]}},{"type":"Feature","properties":{"tip":"track","nume":null,"m":102.0},"geometry":{"type":"MultiLineString","coordinates":[[[28.95306,46.982384],[28.952254,46.981866],[28.952071,46.981771]]]}},{"type":"Feature","properties":{"tip":"service","nume":null,"m":269.0},"geometry":{"type":"MultiLineString","coordinates":[[[28.951324,46.976963],[28.951702,46.976972],[28.953589,46.976932],[28.954858,46.97692]]]}},{"type":"Feature","properties":{"tip":"service","nume":null,"m":203.0},"geometry":{"type":"MultiLineString","coordinates":[[[28.947964,46.98128],[28.947752,46.981405],[28.947322,46.981774],[28.947161,46.982019],[28.946937,46.98249],[28.946915,46.982684],[28.946936,46.982891]]]}},{"type":"Feature","properties":{"tip":"path","nume":null,"m":275.0},"geometry":{"type":"MultiLineString","coordinates":[[[28.950746,46.983426],[28.950038,46.98354],[28.949224,46.983637],[28.948738,46.983716],[28.948573,46.983727],[28.948432,46.983719],[28.948286,46.983665],[28.948174,46.983609],[28.947875,46.983357],[28.94777,46.983255],[28.947699,46.983217],[28.947494,46.983189]]]}},{"type":"Feature","properties":{"tip":"track","nume":null,"m":92.0},"geometry":{"type":"MultiLineString","coordinates":[[[28.946936,46.982891],[28.947494,46.983189],[28.947613,46.983306],[28.947729,46.983492]]]}},{"type":"Feature","properties":{"tip":"service","nume":null,"m":40.0},"geometry":{"type":"MultiLineString","coordinates":[[[28.946713,46.985154],[28.946653,46.985309],[28.946758,46.985493]]]}},{"type":"Feature","properties":{"tip":"service","nume":null,"m":67.0},"geometry":{"type":"MultiLineString","coordinates":[[[28.948066,46.985768],[28.948162,46.985692],[28.948435,46.985572],[28.948637,46.985434],[28.948704,46.985365]]]}},{"type":"Feature","properties":{"tip":"track","nume":null,"m":250.0},"geometry":{"type":"MultiLineString","coordinates":[[[28.951017,46.988727],[28.951461,46.988536],[28.951648,46.98847],[28.951779,46.988452],[28.952104,46.988485],[28.952261,46.988464],[28.952365,46.988411],[28.952496,46.98835],[28.952679,46.988286],[28.952795,46.98825],[28.952844,46.988199],[28.952892,46.988062],[28.952866,46.987988],[28.952803,46.987888],[28.952657,46.987781],[28.95225,46.987557]]]}},{"type":"Feature","properties":{"tip":"service","nume":null,"m":49.0},"geometry":{"type":"MultiLineString","coordinates":[[[28.949898,46.988526],[28.949814,46.988299],[28.949713,46.9881]]]}},{"type":"Feature","properties":{"tip":"track","nume":null,"m":313.0},"geometry":{"type":"MultiLineString","coordinates":[[[28.952071,46.981771],[28.952373,46.981802],[28.952593,46.981846],[28.952844,46.981825],[28.952942,46.981814],[28.953158,46.981789],[28.956104,46.981353]]]}},{"type":"Feature","properties":{"tip":"track","nume":null,"m":420.0},"geometry":{"type":"MultiLineString","coordinates":[[[28.951324,46.976963],[28.951253,46.977044],[28.951233,46.977089],[28.951232,46.977151],[28.951354,46.977881],[28.951406,46.978252],[28.95154,46.979381],[28.951686,46.980327],[28.951718,46.980708]]]}},{"type":"Feature","properties":{"tip":"construction","nume":"Strada Toamnei","m":144.0},"geometry":{"type":"MultiLineString","coordinates":[[[28.951822,46.980485],[28.952071,46.981771]]]}},{"type":"Feature","properties":{"tip":"service","nume":"Strada Toamnei","m":131.0},"geometry":{"type":"MultiLineString","coordinates":[[[28.951822,46.980485],[28.951718,46.980708],[28.951861,46.981569],[28.951847,46.981646]]]}},{"type":"Feature","properties":{"tip":"track","nume":null,"m":222.0},"geometry":{"type":"MultiLineString","coordinates":[[[28.948356,46.976788],[28.951253,46.977044]]]}},{"type":"Feature","properties":{"tip":"path","nume":null,"m":166.0},"geometry":{"type":"MultiLineString","coordinates":[[[28.94372,46.980556],[28.94369,46.980641],[28.9437,46.980736],[28.943657,46.980774],[28.943498,46.980858],[28.943329,46.980885],[28.943262,46.980908],[28.943212,46.980995],[28.943173,46.98108],[28.943062,46.981131],[28.942753,46.981227],[28.942506,46.98132],[28.942255,46.981503]]]}},{"type":"Feature","properties":{"tip":"path","nume":null,"m":331.0},"geometry":{"type":"MultiLineString","coordinates":[[[28.943262,46.980908],[28.943472,46.980992],[28.9437,46.981049],[28.943976,46.98108],[28.94435,46.981382],[28.94463,46.981571],[28.945157,46.981926],[28.945404,46.982006],[28.945723,46.982028],[28.946061,46.982157],[28.946396,46.982101],[28.946383,46.982172],[28.946318,46.982272],[28.94633,46.98247]]]}},{"type":"Feature","properties":{"tip":"path","nume":null,"m":101.0},"geometry":{"type":"MultiLineString","coordinates":[[[28.94463,46.981571],[28.94491,46.981307],[28.945046,46.981262],[28.945245,46.981225],[28.945739,46.981207]]]}},{"type":"Feature","properties":{"tip":"path","nume":null,"m":82.0},"geometry":{"type":"MultiLineString","coordinates":[[[28.94463,46.981571],[28.944581,46.981625],[28.944181,46.981873],[28.944046,46.981992],[28.944023,46.982019],[28.944003,46.982095],[28.943953,46.982125]]]}},{"type":"Feature","properties":{"tip":"path","nume":null,"m":45.0},"geometry":{"type":"MultiLineString","coordinates":[[[28.9437,46.980736],[28.94376,46.980885],[28.943856,46.981001],[28.943976,46.98108]]]}},{"type":"Feature","properties":{"tip":"service","nume":null,"m":29.0},"geometry":{"type":"MultiLineString","coordinates":[[[28.942952,46.980752],[28.943262,46.980908]]]}},{"type":"Feature","properties":{"tip":"path","nume":null,"m":86.0},"geometry":{"type":"MultiLineString","coordinates":[[[28.945739,46.981207],[28.946853,46.981086]]]}},{"type":"Feature","properties":{"tip":"path","nume":null,"m":338.0},"geometry":{"type":"MultiLineString","coordinates":[[[28.948954,46.981811],[28.949004,46.981915],[28.949113,46.982703],[28.952228,46.982524]]]}},{"type":"Feature","properties":{"tip":"service","nume":null,"m":31.0},"geometry":{"type":"MultiLineString","coordinates":[[[28.945344,46.9837],[28.945013,46.983862]]]}},{"type":"Feature","properties":{"tip":"path","nume":null,"m":18.0},"geometry":{"type":"MultiLineString","coordinates":[[[28.945013,46.983862],[28.944904,46.983939],[28.944845,46.98397]]]}},{"type":"Feature","properties":{"tip":"path","nume":null,"m":3.0},"geometry":{"type":"MultiLineString","coordinates":[[[28.944749,46.984019],[28.944719,46.984035]]]}},{"type":"Feature","properties":{"tip":"path","nume":null,"m":9.0},"geometry":{"type":"MultiLineString","coordinates":[[[28.944845,46.98397],[28.944749,46.984019]]]}},{"type":"Feature","properties":{"tip":"service","nume":"Strada 27 August 1989","m":70.0},"geometry":{"type":"MultiLineString","coordinates":[[[28.944003,46.984434],[28.944719,46.984035]]]}},{"type":"Feature","properties":{"tip":"path","nume":null,"m":21.0},"geometry":{"type":"MultiLineString","coordinates":[[[28.943316,46.982525],[28.943165,46.982678]]]}},{"type":"Feature","properties":{"tip":"path","nume":null,"m":10.0},"geometry":{"type":"MultiLineString","coordinates":[[[28.943165,46.982678],[28.943095,46.982749]]]}},{"type":"Feature","properties":{"tip":"service","nume":null,"m":107.0},"geometry":{"type":"MultiLineString","coordinates":[[[28.947172,46.989868],[28.947191,46.989977],[28.94724,46.990243],[28.947279,46.990578],[28.947273,46.990784],[28.947272,46.990823]]]}},{"type":"Feature","properties":{"tip":"service","nume":null,"m":18.0},"geometry":{"type":"MultiLineString","coordinates":[[[28.945695,46.98928],[28.945733,46.989435]]]}},{"type":"Feature","properties":{"tip":"service","nume":"Strada Alexandru Donici","m":195.0},"geometry":{"type":"MultiLineString","coordinates":[[[28.942979,46.995006],[28.943042,46.995012],[28.943137,46.99502],[28.943243,46.995028],[28.943496,46.995044],[28.943881,46.995063],[28.944351,46.995097],[28.94553,46.995151]]]}},{"type":"Feature","properties":{"tip":"living_street","nume":"Strada Constructorilor","m":212.0},"geometry":{"type":"MultiLineString","coordinates":[[[28.941206,46.994787],[28.941087,46.995659],[28.94103,46.996147],[28.940992,46.996427],[28.940952,46.996581],[28.940927,46.996632],[28.940887,46.996672]]]}},{"type":"Feature","properties":{"tip":"track","nume":null,"m":290.0},"geometry":{"type":"MultiLineString","coordinates":[[[28.946837,46.994459],[28.947135,46.994627],[28.94727,46.994762],[28.947662,46.995394],[28.947759,46.995457],[28.947871,46.995514],[28.948032,46.995549],[28.948223,46.995557],[28.948383,46.99547],[28.948623,46.995364],[28.948903,46.995241],[28.949299,46.995096],[28.949444,46.995073],[28.949561,46.9951]]]}},{"type":"Feature","properties":{"tip":"service","nume":"Strada Grigore Vieru","m":74.0},"geometry":{"type":"MultiLineString","coordinates":[[[28.934433,46.992024],[28.934375,46.992036],[28.933501,46.992216]]]}},{"type":"Feature","properties":{"tip":"living_street","nume":null,"m":84.0},"geometry":{"type":"MultiLineString","coordinates":[[[28.933049,46.994759],[28.93415,46.994687]]]}},{"type":"Feature","properties":{"tip":"track","nume":null,"m":307.0},"geometry":{"type":"MultiLineString","coordinates":[[[28.946712,46.995595],[28.946617,46.996837],[28.946596,46.997253],[28.946583,46.997461],[28.946403,46.997645],[28.946138,46.997828],[28.946118,46.997972],[28.94606,46.998243]]]}},{"type":"Feature","properties":{"tip":"track","nume":null,"m":393.0},"geometry":{"type":"MultiLineString","coordinates":[[[28.948179,46.991855],[28.948361,46.992469],[28.948271,46.992878],[28.948271,46.993086],[28.948447,46.994193],[28.948623,46.995364]]]}},{"type":"Feature","properties":{"tip":"track","nume":null,"m":337.0},"geometry":{"type":"MultiLineString","coordinates":[[[28.948223,46.995557],[28.948187,46.995609],[28.948094,46.995745],[28.94793,46.996158],[28.947505,46.996614],[28.947231,46.997036],[28.947078,46.99743],[28.946936,46.99784],[28.946625,46.998059],[28.946451,46.998292]]]}},{"type":"Feature","properties":{"tip":"track","nume":null,"m":394.0},"geometry":{"type":"MultiLineString","coordinates":[[[28.948187,46.995609],[28.948573,46.996174],[28.94905,46.997034],[28.949914,46.998946]]]}},{"type":"Feature","properties":{"tip":"track","nume":null,"m":262.0},"geometry":{"type":"MultiLineString","coordinates":[[[28.949855,46.995797],[28.950048,46.995872],[28.950397,46.995928],[28.950522,46.996112],[28.950595,46.99637],[28.95065,46.996443],[28.950955,46.99654],[28.951024,46.996572],[28.951032,46.996871],[28.951083,46.997328],[28.951057,46.997562],[28.95096,46.997681]]]}},{"type":"Feature","properties":{"tip":"track","nume":null,"m":448.0},"geometry":{"type":"MultiLineString","coordinates":[[[28.953983,46.98531],[28.954006,46.985402],[28.953965,46.985968],[28.953943,46.986463],[28.954059,46.986635],[28.954179,46.98682],[28.954239,46.987168],[28.954346,46.98737],[28.954681,46.987707],[28.954702,46.987836],[28.954617,46.98809],[28.954569,46.98872],[28.954548,46.988918],[28.954518,46.989209]]]}},{"type":"Feature","properties":{"tip":"track","nume":null,"m":277.0},"geometry":{"type":"MultiLineString","coordinates":[[[28.954548,46.988918],[28.956084,46.989139],[28.956333,46.989226],[28.957011,46.989355],[28.958068,46.989534]]]}},{"type":"Feature","properties":{"tip":"path","nume":null,"m":160.0},"geometry":{"type":"MultiLineString","coordinates":[[[28.952679,46.988286],[28.953354,46.988486],[28.953764,46.988557],[28.954074,46.988715],[28.95433,46.988802],[28.954548,46.988918]]]}},{"type":"Feature","properties":{"tip":"track","nume":null,"m":113.0},"geometry":{"type":"MultiLineString","coordinates":[[[28.955002,46.995895],[28.953557,46.995671]]]}},{"type":"Feature","properties":{"tip":"track","nume":null,"m":152.0},"geometry":{"type":"MultiLineString","coordinates":[[[28.955376,46.99496],[28.953429,46.994662]]]}},{"type":"Feature","properties":{"tip":"track","nume":null,"m":189.0},"geometry":{"type":"MultiLineString","coordinates":[[[28.95564,46.994231],[28.953207,46.993872]]]}},{"type":"Feature","properties":{"tip":"track","nume":null,"m":663.0},"geometry":{"type":"MultiLineString","coordinates":[[[28.953528,46.992169],[28.953454,46.99244],[28.953138,46.993203],[28.953148,46.993583],[28.953207,46.993872],[28.953429,46.994662],[28.953513,46.995254],[28.953557,46.995671],[28.953611,46.9963],[28.953503,46.99676],[28.953515,46.996809],[28.953685,46.99747],[28.953592,46.997594],[28.953429,46.997799],[28.953501,46.998008]]]}},{"type":"Feature","properties":{"tip":"track","nume":null,"m":66.0},"geometry":{"type":"MultiLineString","coordinates":[[[28.954329,46.99701],[28.953515,46.996809]]]}},{"type":"Feature","properties":{"tip":"service","nume":null,"m":239.0},"geometry":{"type":"MultiLineString","coordinates":[[[28.933277,46.993191],[28.93322,46.993145],[28.933067,46.993019],[28.933028,46.992911],[28.933029,46.992887],[28.933048,46.992868],[28.934026,46.992674],[28.934069,46.992793],[28.934095,46.992866],[28.933903,46.992959],[28.933659,46.993077],[28.933448,46.99318],[28.933439,46.99321],[28.933536,46.993306],[28.933662,46.993431],[28.93369,46.993456]]]}},{"type":"Feature","properties":{"tip":"living_street","nume":null,"m":144.0},"geometry":{"type":"MultiLineString","coordinates":[[[28.970548,46.999711],[28.970554,46.999746],[28.970576,46.999771],[28.970736,46.999889],[28.970961,47.000062],[28.971147,47.000205],[28.971546,47.000478],[28.971621,47.000518],[28.971842,47.000637]]]}},{"type":"Feature","properties":{"tip":"construction","nume":null,"m":112.0},"geometry":{"type":"MultiLineString","coordinates":[[[28.970977,47.000661],[28.969576,47.00097]]]}},{"type":"Feature","properties":{"tip":"construction","nume":null,"m":93.0},"geometry":{"type":"MultiLineString","coordinates":[[[28.970961,47.000062],[28.969814,47.00034]]]}},{"type":"Feature","properties":{"tip":"construction","nume":null,"m":204.0},"geometry":{"type":"MultiLineString","coordinates":[[[28.972015,47.000966],[28.969508,47.001608]]]}},{"type":"Feature","properties":{"tip":"construction","nume":null,"m":251.0},"geometry":{"type":"MultiLineString","coordinates":[[[28.972849,47.001333],[28.97099,47.001725],[28.969706,47.002014]]]}},{"type":"Feature","properties":{"tip":"service","nume":null,"m":74.0},"geometry":{"type":"MultiLineString","coordinates":[[[28.979485,46.994456],[28.979707,46.994537],[28.979833,46.994633],[28.979907,46.994704],[28.980038,46.994858],[28.980121,46.99494]]]}},{"type":"Feature","properties":{"tip":"track","nume":null,"m":809.0},"geometry":{"type":"MultiLineString","coordinates":[[[28.940874,46.94912],[28.940902,46.948938],[28.941037,46.94881],[28.941661,46.948351],[28.942367,46.947772],[28.942968,46.947339],[28.943394,46.94705],[28.943794,46.94679],[28.944205,46.946619],[28.944414,46.946466],[28.944836,46.946255],[28.945154,46.946107],[28.945202,46.94603],[28.945303,46.945936],[28.945483,46.945801],[28.945647,46.945658],[28.946024,46.945426],[28.946379,46.945219],[28.946521,46.945166],[28.946734,46.945268],[28.946992,46.945375],[28.94707,46.945377],[28.947209,46.945308],[28.947257,46.94527],[28.947369,46.945273],[28.947481,46.945247],[28.947623,46.945107],[28.947706,46.944921],[28.947709,46.944735],[28.947806,46.94449],[28.947874,46.944406]]]}},{"type":"Feature","properties":{"tip":"track","nume":null,"m":131.0},"geometry":{"type":"MultiLineString","coordinates":[[[28.945154,46.946107],[28.945176,46.946186],[28.945232,46.946239],[28.945342,46.946319],[28.945508,46.946508],[28.945651,46.946639],[28.945882,46.946752],[28.946012,46.946814],[28.946149,46.946796],[28.946269,46.94677],[28.946347,46.946774]]]}},{"type":"Feature","properties":{"tip":"service","nume":null,"m":71.0},"geometry":{"type":"MultiLineString","coordinates":[[[28.946347,46.946774],[28.94651,46.946821],[28.946612,46.946866],[28.946715,46.946912],[28.946936,46.947049],[28.947104,46.947145]]]}},{"type":"Feature","properties":{"tip":"service","nume":null,"m":43.0},"geometry":{"type":"MultiLineString","coordinates":[[[28.927805,46.956957],[28.928301,46.957141]]]}},{"type":"Feature","properties":{"tip":"service","nume":null,"m":22.0},"geometry":{"type":"MultiLineString","coordinates":[[[28.927631,46.956767],[28.927636,46.956769],[28.927884,46.956857]]]}},{"type":"Feature","properties":{"tip":"service","nume":null,"m":48.0},"geometry":{"type":"MultiLineString","coordinates":[[[28.926194,46.958565],[28.926253,46.958597],[28.926307,46.958661],[28.926313,46.958723],[28.926277,46.958772],[28.926236,46.958796],[28.926199,46.958803],[28.926163,46.9588],[28.926035,46.958758]]]}},{"type":"Feature","properties":{"tip":"service","nume":null,"m":49.0},"geometry":{"type":"MultiLineString","coordinates":[[[28.92562,46.959392],[28.925698,46.959437],[28.926201,46.959584]]]}},{"type":"Feature","properties":{"tip":"service","nume":null,"m":132.0},"geometry":{"type":"MultiLineString","coordinates":[[[28.926313,46.958723],[28.926846,46.958837],[28.926913,46.958871],[28.926935,46.958921],[28.926908,46.958993],[28.926856,46.959039],[28.926762,46.959062],[28.926647,46.959061],[28.926509,46.959014],[28.926265,46.958908],[28.926199,46.958803]]]}},{"type":"Feature","properties":{"tip":"service","nume":null,"m":134.0},"geometry":{"type":"MultiLineString","coordinates":[[[28.928815,46.95722],[28.928364,46.957793],[28.928035,46.958298]]]}},{"type":"Feature","properties":{"tip":"service","nume":null,"m":132.0},"geometry":{"type":"MultiLineString","coordinates":[[[28.929684,46.957543],[28.92897,46.958247],[28.928723,46.958536]]]}},{"type":"Feature","properties":{"tip":"track","nume":null,"m":373.0},"geometry":{"type":"MultiLineString","coordinates":[[[28.92988,46.957616],[28.92961,46.95795],[28.929379,46.958146],[28.929171,46.958357],[28.929001,46.958561],[28.928891,46.958741],[28.928683,46.959091],[28.928484,46.959344],[28.928048,46.959711],[28.927863,46.959826],[28.927749,46.959857],[28.927486,46.959859],[28.927108,46.959853],[28.926806,46.959868]]]}},{"type":"Feature","properties":{"tip":"track","nume":null,"m":1447.0},"geometry":{"type":"MultiLineString","coordinates":[[[28.928484,46.959344],[28.92853,46.959558],[28.928624,46.959791],[28.928748,46.959895],[28.928874,46.959997],[28.928988,46.960095],[28.929053,46.960121],[28.92919,46.960139],[28.929379,46.96015],[28.929554,46.960179],[28.929665,46.960232],[28.929746,46.960305],[28.929831,46.96045],[28.92986,46.960632],[28.929876,46.960792],[28.929809,46.960999],[28.929766,46.961205],[28.929704,46.9613],[28.929619,46.961356],[28.929561,46.961418],[28.929587,46.961484],[28.929665,46.961569],[28.92978,46.961689],[28.929819,46.96178],[28.929624,46.961953],[28.928034,46.963345],[28.926515,46.964737],[28.924882,46.966206],[28.924648,46.966386],[28.924509,46.966388],[28.924358,46.966337],[28.924085,46.96653],[28.923184,46.967227],[28.921939,46.968304],[28.921564,46.968626],[28.921116,46.969012],[28.920641,46.969387]]]}},{"type":"Feature","properties":{"tip":"path","nume":null,"m":16.0},"geometry":{"type":"MultiLineString","coordinates":[[[28.930457,46.961227],[28.930667,46.961249]]]}},{"type":"Feature","properties":{"tip":"path","nume":null,"m":56.0},"geometry":{"type":"MultiLineString","coordinates":[[[28.930457,46.961227],[28.930257,46.961198],[28.930045,46.961109],[28.929809,46.960999]]]}},{"type":"Feature","properties":{"tip":"path","nume":null,"m":48.0},"geometry":{"type":"MultiLineString","coordinates":[[[28.930667,46.961249],[28.930688,46.96124],[28.930975,46.961125],[28.931242,46.961167]]]}},{"type":"Feature","properties":{"tip":"path","nume":null,"m":6.0},"geometry":{"type":"MultiLineString","coordinates":[[[28.924104,46.966219],[28.924165,46.966245]]]}},{"type":"Feature","properties":{"tip":"track","nume":null,"m":95.0},"geometry":{"type":"MultiLineString","coordinates":[[[28.941291,46.952519],[28.941092,46.952461],[28.940883,46.952328],[28.940622,46.95218],[28.94051,46.95214],[28.940304,46.952113],[28.940248,46.952089]]]}},{"type":"Feature","properties":{"tip":"track","nume":null,"m":515.0},"geometry":{"type":"MultiLineString","coordinates":[[[28.938568,46.951348],[28.939197,46.951799],[28.939919,46.952346],[28.939941,46.952403],[28.939902,46.952459],[28.939367,46.952869],[28.939337,46.952959],[28.939256,46.953036],[28.938519,46.95362],[28.93853,46.953685],[28.938699,46.953783],[28.938937,46.953891],[28.939025,46.953954],[28.939138,46.954047],[28.939275,46.954111],[28.940507,46.95444]]]}},{"type":"Feature","properties":{"tip":"track","nume":null,"m":38.0},"geometry":{"type":"MultiLineString","coordinates":[[[28.939919,46.952346],[28.94003,46.952257],[28.940248,46.952089]]]}},{"type":"Feature","properties":{"tip":"track","nume":null,"m":175.0},"geometry":{"type":"MultiLineString","coordinates":[[[28.936585,46.956716],[28.936577,46.956543],[28.936697,46.956351],[28.936711,46.956328],[28.937124,46.955839],[28.93739,46.955489],[28.937508,46.955298]]]}},{"type":"Feature","properties":{"tip":"track","nume":null,"m":84.0},"geometry":{"type":"MultiLineString","coordinates":[[[28.936724,46.954791],[28.936958,46.954867],[28.937124,46.954965],[28.937508,46.955298]]]}},{"type":"Feature","properties":{"tip":"track","nume":null,"m":104.0},"geometry":{"type":"MultiLineString","coordinates":[[[28.937508,46.955298],[28.937738,46.955233],[28.937943,46.955227],[28.938099,46.955193],[28.938223,46.955147],[28.938438,46.955038],[28.938698,46.954882]]]}},{"type":"Feature","properties":{"tip":"track","nume":null,"m":136.0},"geometry":{"type":"MultiLineString","coordinates":[[[28.939953,46.956324],[28.939661,46.956752],[28.939625,46.956868],[28.939558,46.957077],[28.939449,46.957256],[28.939304,46.957459]]]}},{"type":"Feature","properties":{"tip":"track","nume":null,"m":150.0},"geometry":{"type":"MultiLineString","coordinates":[[[28.936697,46.956351],[28.935723,46.956014],[28.934994,46.95579],[28.934919,46.955781]]]}},{"type":"Feature","properties":{"tip":"track","nume":null,"m":20.0},"geometry":{"type":"MultiLineString","coordinates":[[[28.936366,46.962313],[28.936363,46.962285],[28.936355,46.962227],[28.936347,46.96213]]]}},{"type":"Feature","properties":{"tip":"track","nume":null,"m":232.0},"geometry":{"type":"MultiLineString","coordinates":[[[28.936363,46.962285],[28.935544,46.962148],[28.935379,46.962162],[28.935233,46.962225],[28.934943,46.962471],[28.934431,46.96288],[28.934278,46.963022],[28.934285,46.963101],[28.934319,46.963144],[28.934459,46.963207]]]}},{"type":"Feature","properties":{"tip":"track","nume":null,"m":836.0},"geometry":{"type":"MultiLineString","coordinates":[[[28.926779,46.967656],[28.926795,46.967551],[28.926801,46.967444],[28.926858,46.967245],[28.92696,46.96705],[28.927138,46.966791],[28.927376,46.966368],[28.927427,46.966248],[28.927478,46.966047],[28.927475,46.965919],[28.927317,46.965693],[28.92715,46.965564],[28.927085,46.965425],[28.927102,46.965313],[28.927359,46.965023],[28.92741,46.964948],[28.927424,46.964847],[28.927512,46.964746],[28.927784,46.964575],[28.928458,46.963929],[28.928681,46.963794],[28.929585,46.962967],[28.930825,46.961964],[28.93091,46.961811],[28.930938,46.96172],[28.930876,46.961579],[28.930748,46.961491],[28.930688,46.96124]]]}},{"type":"Feature","properties":{"tip":"path","nume":null,"m":19.0},"geometry":{"type":"MultiLineString","coordinates":[[[28.924992,46.966645],[28.925181,46.96676]]]}},{"type":"Feature","properties":{"tip":"track","nume":null,"m":158.0},"geometry":{"type":"MultiLineString","coordinates":[[[28.925181,46.96676],[28.925033,46.966758],[28.924959,46.966785],[28.924781,46.966884],[28.924446,46.967175],[28.923928,46.967606],[28.923741,46.967734]]]}},{"type":"Feature","properties":{"tip":"path","nume":null,"m":18.0},"geometry":{"type":"MultiLineString","coordinates":[[[28.924165,46.966245],[28.924358,46.966337]]]}},{"type":"Feature","properties":{"tip":"path","nume":null,"m":17.0},"geometry":{"type":"MultiLineString","coordinates":[[[28.924509,46.966388],[28.924696,46.966479]]]}},{"type":"Feature","properties":{"tip":"service","nume":null,"m":178.0},"geometry":{"type":"MultiLineString","coordinates":[[[28.918268,46.973847],[28.918528,46.973988],[28.918599,46.97406],[28.918695,46.974127],[28.918752,46.97415],[28.918797,46.97415],[28.918857,46.974133],[28.919103,46.973969],[28.919313,46.973835],[28.919485,46.973741],[28.920038,46.974047]]]}},{"type":"Feature","properties":{"tip":"service","nume":null,"m":73.0},"geometry":{"type":"MultiLineString","coordinates":[[[28.91878,46.973296],[28.919063,46.973459],[28.919485,46.973741]]]}},{"type":"Feature","properties":{"tip":"service","nume":null,"m":56.0},"geometry":{"type":"MultiLineString","coordinates":[[[28.920315,46.972711],[28.920439,46.9728],[28.920883,46.973036]]]}},{"type":"Feature","properties":{"tip":"service","nume":null,"m":104.0},"geometry":{"type":"MultiLineString","coordinates":[[[28.922436,46.969527],[28.922772,46.969701],[28.923578,46.970043]]]}},{"type":"Feature","properties":{"tip":"track","nume":null,"m":86.0},"geometry":{"type":"MultiLineString","coordinates":[[[28.921122,46.976351],[28.920367,46.976082],[28.920223,46.976037],[28.920099,46.976038]]]}},{"type":"Feature","properties":{"tip":"construction","nume":null,"m":153.0},"geometry":{"type":"MultiLineString","coordinates":[[[28.930724,46.970867],[28.932337,46.971692]]]}},{"type":"Feature","properties":{"tip":"service","nume":null,"m":246.0},"geometry":{"type":"MultiLineString","coordinates":[[[28.916877,46.968959],[28.916885,46.968924],[28.917669,46.968221],[28.917701,46.968219],[28.917757,46.968249],[28.918063,46.968421],[28.918088,46.968451],[28.918083,46.968498],[28.917314,46.96919]]]}},{"type":"Feature","properties":{"tip":"service","nume":null,"m":122.0},"geometry":{"type":"MultiLineString","coordinates":[[[28.918365,46.970262],[28.918292,46.97021],[28.918103,46.970142],[28.917898,46.970055],[28.917247,46.969679],[28.917108,46.969584]]]}},{"type":"Feature","properties":{"tip":"service","nume":null,"m":251.0},"geometry":{"type":"MultiLineString","coordinates":[[[28.917674,46.970999],[28.917564,46.970952],[28.917365,46.970873],[28.91697,46.970715],[28.916421,46.970496],[28.916027,46.970338],[28.915849,46.970267],[28.916138,46.969905],[28.916132,46.969854],[28.916083,46.969823],[28.915686,46.969686]]]}},{"type":"Feature","properties":{"tip":"service","nume":null,"m":480.0},"geometry":{"type":"MultiLineString","coordinates":[[[28.916421,46.970496],[28.916107,46.970883],[28.915884,46.971159],[28.915657,46.971438],[28.915543,46.971579],[28.915563,46.971665],[28.915543,46.971719],[28.915249,46.972079],[28.91498,46.972409],[28.914818,46.972606],[28.914766,46.972631],[28.914584,46.972646],[28.914434,46.972646],[28.914343,46.972622],[28.914089,46.972487],[28.914044,46.972409],[28.914037,46.972324],[28.91407,46.972234],[28.91434,46.971905],[28.914366,46.97185],[28.914327,46.971801],[28.914034,46.971674],[28.914285,46.971341]]]}},{"type":"Feature","properties":{"tip":"service","nume":null,"m":135.0},"geometry":{"type":"MultiLineString","coordinates":[[[28.915657,46.971438],[28.914925,46.971166],[28.914896,46.971126],[28.914916,46.971055],[28.915241,46.97058]]]}},{"type":"Feature","properties":{"tip":"service","nume":null,"m":74.0},"geometry":{"type":"MultiLineString","coordinates":[[[28.915241,46.97058],[28.915674,46.970732],[28.916107,46.970883]]]}},{"type":"Feature","properties":{"tip":"service","nume":null,"m":51.0},"geometry":{"type":"MultiLineString","coordinates":[[[28.916027,46.970338],[28.915674,46.970732]]]}},{"type":"Feature","properties":{"tip":"service","nume":null,"m":152.0},"geometry":{"type":"MultiLineString","coordinates":[[[28.915241,46.97058],[28.914873,46.970449],[28.914376,46.971053],[28.914616,46.971146],[28.914756,46.971157],[28.914896,46.971126]]]}},{"type":"Feature","properties":{"tip":"service","nume":null,"m":61.0},"geometry":{"type":"MultiLineString","coordinates":[[[28.915884,46.971159],[28.916418,46.971361],[28.916587,46.971426]]]}},{"type":"Feature","properties":{"tip":"service","nume":null,"m":41.0},"geometry":{"type":"MultiLineString","coordinates":[[[28.91697,46.970715],[28.916701,46.971033]]]}},{"type":"Feature","properties":{"tip":"service","nume":null,"m":59.0},"geometry":{"type":"MultiLineString","coordinates":[[[28.916418,46.971361],[28.916038,46.971825]]]}},{"type":"Feature","properties":{"tip":"service","nume":null,"m":19.0},"geometry":{"type":"MultiLineString","coordinates":[[[28.915249,46.972079],[28.915465,46.972158]]]}},{"type":"Feature","properties":{"tip":"service","nume":null,"m":130.0},"geometry":{"type":"MultiLineString","coordinates":[[[28.916348,46.972629],[28.916227,46.972588],[28.916077,46.972538],[28.916028,46.972535],[28.915986,46.972564],[28.915361,46.973339]]]}},{"type":"Feature","properties":{"tip":"service","nume":null,"m":192.0},"geometry":{"type":"MultiLineString","coordinates":[[[28.914428,46.975027],[28.914228,46.974839],[28.914189,46.974791],[28.914176,46.974729],[28.914181,46.974673],[28.914222,46.974618]],[[28.914222,46.974618],[28.914444,46.974323],[28.914453,46.974277],[28.91438,46.974217],[28.914262,46.974179],[28.91418,46.974155],[28.91414,46.974164],[28.914064,46.974223],[28.913901,46.974429],[28.913901,46.974471],[28.913925,46.974508],[28.914222,46.974618]]]}},{"type":"Feature","properties":{"tip":"service","nume":null,"m":12.0},"geometry":{"type":"MultiLineString","coordinates":[[[28.914771,46.974377],[28.914904,46.974436]]]}},{"type":"Feature","properties":{"tip":"service","nume":null,"m":27.0},"geometry":{"type":"MultiLineString","coordinates":[[[28.91498,46.972409],[28.91488,46.972349],[28.914991,46.972222]]]}},{"type":"Feature","properties":{"tip":"track","nume":null,"m":127.0},"geometry":{"type":"MultiLineString","coordinates":[[[28.914206,46.975302],[28.914432,46.97538],[28.914552,46.975406],[28.914644,46.975382],[28.914744,46.975273],[28.914956,46.975093],[28.915297,46.974852],[28.915414,46.974758]]]}},{"type":"Feature","properties":{"tip":"service","nume":null,"m":86.0},"geometry":{"type":"MultiLineString","coordinates":[[[28.915543,46.971579],[28.91544,46.971542],[28.914784,46.971362],[28.914604,46.971313],[28.91455,46.97138]]]}},{"type":"Feature","properties":{"tip":"service","nume":null,"m":45.0},"geometry":{"type":"MultiLineString","coordinates":[[[28.914784,46.971362],[28.91449,46.971719]]]}},{"type":"Feature","properties":{"tip":"service","nume":null,"m":17.0},"geometry":{"type":"MultiLineString","coordinates":[[[28.917365,46.970873],[28.917457,46.970737]]]}},{"type":"Feature","properties":{"tip":"service","nume":null,"m":180.0},"geometry":{"type":"MultiLineString","coordinates":[[[28.914228,46.974839],[28.914099,46.974807],[28.913807,46.974752],[28.913403,46.974647],[28.913228,46.974647],[28.913091,46.97468],[28.912977,46.974767],[28.912502,46.975371]]]}},{"type":"Feature","properties":{"tip":"service","nume":null,"m":86.0},"geometry":{"type":"MultiLineString","coordinates":[[[28.917318,46.970041],[28.917328,46.97017],[28.917381,46.970233],[28.917946,46.970528],[28.918024,46.970594]]]}},{"type":"Feature","properties":{"tip":"service","nume":null,"m":116.0},"geometry":{"type":"MultiLineString","coordinates":[[[28.915939,46.969249],[28.915893,46.969305],[28.915889,46.969351],[28.915917,46.969377],[28.916168,46.969503],[28.916231,46.969505],[28.91649,46.969471],[28.916701,46.969473],[28.916908,46.969474],[28.916989,46.969503],[28.917108,46.969584]]]}},{"type":"Feature","properties":{"tip":"path","nume":null,"m":23.0},"geometry":{"type":"MultiLineString","coordinates":[[[28.915647,46.969398],[28.915661,46.9694],[28.915754,46.96942],[28.915777,46.969425],[28.915843,46.969411],[28.915889,46.969351]]]}},{"type":"Feature","properties":{"tip":"track","nume":null,"m":470.0},"geometry":{"type":"MultiLineString","coordinates":[[[28.917632,46.974471],[28.917291,46.974351],[28.917177,46.974343],[28.917031,46.9744],[28.916774,46.974573],[28.91668,46.974673],[28.916478,46.974904],[28.916211,46.975104],[28.916091,46.975221],[28.916042,46.975232],[28.915987,46.975201],[28.915873,46.975184],[28.915795,46.97521],[28.914966,46.976173],[28.914611,46.976518],[28.913935,46.977174],[28.913791,46.977302]]]}},{"type":"Feature","properties":{"tip":"track","nume":null,"m":48.0},"geometry":{"type":"MultiLineString","coordinates":[[[28.914989,46.976861],[28.914611,46.976518]]]}},{"type":"Feature","properties":{"tip":"track","nume":null,"m":132.0},"geometry":{"type":"MultiLineString","coordinates":[[[28.91594,46.975959],[28.915925,46.975916],[28.915951,46.975863],[28.916543,46.975261],[28.916722,46.975079],[28.916797,46.975048],[28.91692,46.975057]]]}},{"type":"Feature","properties":{"tip":"service","nume":null,"m":549.0},"geometry":{"type":"MultiLineString","coordinates":[[[28.918635,46.980984],[28.91881,46.980789],[28.919027,46.980629],[28.919995,46.979657],[28.921915,46.977747],[28.922136,46.977554],[28.922725,46.97692]]]}},{"type":"Feature","properties":{"tip":"track","nume":null,"m":309.0},"geometry":{"type":"MultiLineString","coordinates":[[[28.926715,46.977689],[28.927019,46.976702],[28.927181,46.976371],[28.927452,46.975411],[28.927556,46.97497]]]}},{"type":"Feature","properties":{"tip":"track","nume":null,"m":157.0},"geometry":{"type":"MultiLineString","coordinates":[[[28.923794,46.975649],[28.924112,46.975773],[28.924301,46.97586],[28.924816,46.976171],[28.925139,46.976255],[28.925372,46.976353],[28.925483,46.976433]]]}},{"type":"Feature","properties":{"tip":"track","nume":null,"m":179.0},"geometry":{"type":"MultiLineString","coordinates":[[[28.923173,46.976399],[28.923815,46.976596],[28.92415,46.976663],[28.924455,46.976697],[28.924865,46.976789],[28.925424,46.976808]]]}},{"type":"Feature","properties":{"tip":"service","nume":null,"m":34.0},"geometry":{"type":"MultiLineString","coordinates":[[[28.918201,46.974694],[28.917875,46.974904]]]}},{"type":"Feature","properties":{"tip":"service","nume":null,"m":42.0},"geometry":{"type":"MultiLineString","coordinates":[[[28.918584,46.974844],[28.918164,46.97509]]]}},{"type":"Feature","properties":{"tip":"service","nume":null,"m":56.0},"geometry":{"type":"MultiLineString","coordinates":[[[28.918942,46.974984],[28.918825,46.975066],[28.918377,46.975305]]]}},{"type":"Feature","properties":{"tip":"service","nume":null,"m":65.0},"geometry":{"type":"MultiLineString","coordinates":[[[28.919265,46.97511],[28.918649,46.975515]]]}},{"type":"Feature","properties":{"tip":"service","nume":null,"m":77.0},"geometry":{"type":"MultiLineString","coordinates":[[[28.919633,46.975254],[28.919508,46.975343],[28.918885,46.975722]]]}},{"type":"Feature","properties":{"tip":"service","nume":null,"m":86.0},"geometry":{"type":"MultiLineString","coordinates":[[[28.92001,46.975422],[28.919145,46.975921]]]}},{"type":"Feature","properties":{"tip":"service","nume":null,"m":73.0},"geometry":{"type":"MultiLineString","coordinates":[[[28.920125,46.975704],[28.920011,46.975743],[28.919367,46.976109]]]}},{"type":"Feature","properties":{"tip":"service","nume":null,"m":46.0},"geometry":{"type":"MultiLineString","coordinates":[[[28.920096,46.976053],[28.919639,46.976327]]]}},{"type":"Feature","properties":{"tip":"service","nume":null,"m":53.0},"geometry":{"type":"MultiLineString","coordinates":[[[28.916999,46.975107],[28.917506,46.974782]]]}},{"type":"Feature","properties":{"tip":"service","nume":null,"m":43.0},"geometry":{"type":"MultiLineString","coordinates":[[[28.916999,46.975107],[28.916596,46.975373]]]}},{"type":"Feature","properties":{"tip":"service","nume":null,"m":54.0},"geometry":{"type":"MultiLineString","coordinates":[[[28.917241,46.975299],[28.916718,46.975625]]]}},{"type":"Feature","properties":{"tip":"service","nume":null,"m":53.0},"geometry":{"type":"MultiLineString","coordinates":[[[28.917241,46.975299],[28.917771,46.974986]]]}},{"type":"Feature","properties":{"tip":"service","nume":null,"m":51.0},"geometry":{"type":"MultiLineString","coordinates":[[[28.917486,46.9755],[28.917972,46.975183]]]}},{"type":"Feature","properties":{"tip":"service","nume":null,"m":53.0},"geometry":{"type":"MultiLineString","coordinates":[[[28.917486,46.9755],[28.916956,46.975816]]]}},{"type":"Feature","properties":{"tip":"service","nume":null,"m":108.0},"geometry":{"type":"MultiLineString","coordinates":[[[28.918248,46.975379],[28.917723,46.975695],[28.917192,46.976022]]]}},{"type":"Feature","properties":{"tip":"service","nume":null,"m":107.0},"geometry":{"type":"MultiLineString","coordinates":[[[28.917433,46.976213],[28.917977,46.975904],[28.918501,46.975584]]]}},{"type":"Feature","properties":{"tip":"service","nume":null,"m":105.0},"geometry":{"type":"MultiLineString","coordinates":[[[28.917672,46.976413],[28.918215,46.976101],[28.918725,46.975796]]]}},{"type":"Feature","properties":{"tip":"service","nume":null,"m":108.0},"geometry":{"type":"MultiLineString","coordinates":[[[28.919001,46.975991],[28.918469,46.976309],[28.917931,46.976628]]]}},{"type":"Feature","properties":{"tip":"service","nume":null,"m":106.0},"geometry":{"type":"MultiLineString","coordinates":[[[28.919251,46.976215],[28.91871,46.976506],[28.918178,46.976824]]]}},{"type":"Feature","properties":{"tip":"service","nume":null,"m":107.0},"geometry":{"type":"MultiLineString","coordinates":[[[28.918419,46.977025],[28.918967,46.976715],[28.919493,46.976407]]]}},{"type":"Feature","properties":{"tip":"service","nume":null,"m":106.0},"geometry":{"type":"MultiLineString","coordinates":[[[28.918667,46.977207],[28.919203,46.976906],[28.919714,46.976582]]]}},{"type":"Feature","properties":{"tip":"service","nume":null,"m":95.0},"geometry":{"type":"MultiLineString","coordinates":[[[28.918928,46.977435],[28.919466,46.977123],[28.919863,46.976862]]]}},{"type":"Feature","properties":{"tip":"service","nume":null,"m":55.0},"geometry":{"type":"MultiLineString","coordinates":[[[28.919714,46.977329],[28.919158,46.977638]]]}},{"type":"Feature","properties":{"tip":"service","nume":null,"m":50.0},"geometry":{"type":"MultiLineString","coordinates":[[[28.919916,46.977512],[28.919426,46.977807]]]}},{"type":"Feature","properties":{"tip":"service","nume":null,"m":30.0},"geometry":{"type":"MultiLineString","coordinates":[[[28.91994,46.977863],[28.91963,46.978031]]]}},{"type":"Feature","properties":{"tip":"service","nume":null,"m":55.0},"geometry":{"type":"MultiLineString","coordinates":[[[28.916026,46.976026],[28.916571,46.975707]]]}},{"type":"Feature","properties":{"tip":"service","nume":null,"m":109.0},"geometry":{"type":"MultiLineString","coordinates":[[[28.915732,46.976537],[28.916276,46.976219],[28.916825,46.975899]]]}},{"type":"Feature","properties":{"tip":"service","nume":null,"m":107.0},"geometry":{"type":"MultiLineString","coordinates":[[[28.916003,46.976728],[28.91653,46.976414],[28.917062,46.976097]]]}},{"type":"Feature","properties":{"tip":"service","nume":null,"m":106.0},"geometry":{"type":"MultiLineString","coordinates":[[[28.916244,46.976929],[28.916776,46.976617],[28.917306,46.976307]]]}},{"type":"Feature","properties":{"tip":"service","nume":null,"m":106.0},"geometry":{"type":"MultiLineString","coordinates":[[[28.916491,46.977116],[28.917007,46.976807],[28.91754,46.976489]]]}},{"type":"Feature","properties":{"tip":"service","nume":null,"m":104.0},"geometry":{"type":"MultiLineString","coordinates":[[[28.916752,46.977317],[28.917262,46.977017],[28.917784,46.97671]]]}},{"type":"Feature","properties":{"tip":"service","nume":null,"m":103.0},"geometry":{"type":"MultiLineString","coordinates":[[[28.917005,46.977506],[28.9175,46.977213],[28.918025,46.976902]]]}},{"type":"Feature","properties":{"tip":"service","nume":null,"m":104.0},"geometry":{"type":"MultiLineString","coordinates":[[[28.917236,46.977718],[28.917744,46.977413],[28.918262,46.977102]]]}},{"type":"Feature","properties":{"tip":"service","nume":null,"m":108.0},"geometry":{"type":"MultiLineString","coordinates":[[[28.917457,46.977914],[28.917984,46.977611],[28.918546,46.977289]]]}},{"type":"Feature","properties":{"tip":"service","nume":null,"m":109.0},"geometry":{"type":"MultiLineString","coordinates":[[[28.917697,46.978105],[28.918221,46.977806],[28.9188,46.977476]]]}},{"type":"Feature","properties":{"tip":"service","nume":null,"m":107.0},"geometry":{"type":"MultiLineString","coordinates":[[[28.917834,46.978215],[28.918352,46.977914],[28.918903,46.977595]]]}},{"type":"Feature","properties":{"tip":"service","nume":null,"m":107.0},"geometry":{"type":"MultiLineString","coordinates":[[[28.917968,46.978322],[28.918483,46.978022],[28.91854,46.977989],[28.919045,46.977705]]]}},{"type":"Feature","properties":{"tip":"service","nume":null,"m":107.0},"geometry":{"type":"MultiLineString","coordinates":[[[28.918205,46.978525],[28.918723,46.978219],[28.919268,46.977898]]]}},{"type":"Feature","properties":{"tip":"service","nume":null,"m":108.0},"geometry":{"type":"MultiLineString","coordinates":[[[28.918446,46.978726],[28.918963,46.978417],[28.919051,46.978364],[28.919528,46.978101]]]}},{"type":"Feature","properties":{"tip":"service","nume":null,"m":107.0},"geometry":{"type":"MultiLineString","coordinates":[[[28.91869,46.978919],[28.919207,46.978618],[28.919762,46.978295]]]}},{"type":"Feature","properties":{"tip":"service","nume":null,"m":78.0},"geometry":{"type":"MultiLineString","coordinates":[[[28.91894,46.979113],[28.919447,46.978815],[28.919725,46.978655]]]}},{"type":"Feature","properties":{"tip":"service","nume":null,"m":56.0},"geometry":{"type":"MultiLineString","coordinates":[[[28.918758,46.97994],[28.918661,46.979959],[28.918177,46.980245]]]}},{"type":"Feature","properties":{"tip":"service","nume":null,"m":111.0},"geometry":{"type":"MultiLineString","coordinates":[[[28.919034,46.979387],[28.918492,46.979708],[28.917931,46.980041]]]}},{"type":"Feature","properties":{"tip":"service","nume":null,"m":110.0},"geometry":{"type":"MultiLineString","coordinates":[[[28.918786,46.979197],[28.918245,46.979506],[28.917677,46.979831]]]}},{"type":"Feature","properties":{"tip":"service","nume":null,"m":111.0},"geometry":{"type":"MultiLineString","coordinates":[[[28.918563,46.978985],[28.918004,46.979309],[28.91745,46.979631]]]}},{"type":"Feature","properties":{"tip":"service","nume":null,"m":113.0},"geometry":{"type":"MultiLineString","coordinates":[[[28.918325,46.978787],[28.917759,46.97911],[28.917186,46.979437]]]}},{"type":"Feature","properties":{"tip":"service","nume":null,"m":114.0},"geometry":{"type":"MultiLineString","coordinates":[[[28.918058,46.978614],[28.917517,46.978912],[28.916895,46.979254]]]}},{"type":"Feature","properties":{"tip":"service","nume":null,"m":107.0},"geometry":{"type":"MultiLineString","coordinates":[[[28.917797,46.978404],[28.917266,46.978707],[28.916715,46.979022]]]}},{"type":"Feature","properties":{"tip":"service","nume":null,"m":111.0},"geometry":{"type":"MultiLineString","coordinates":[[[28.91758,46.978197],[28.917028,46.978513],[28.916457,46.978839]]]}},{"type":"Feature","properties":{"tip":"service","nume":null,"m":110.0},"geometry":{"type":"MultiLineString","coordinates":[[[28.91734,46.977994],[28.91678,46.978311],[28.91623,46.978623]]]}},{"type":"Feature","properties":{"tip":"service","nume":null,"m":109.0},"geometry":{"type":"MultiLineString","coordinates":[[[28.917082,46.977802],[28.916545,46.978118],[28.915996,46.978441]]]}},{"type":"Feature","properties":{"tip":"service","nume":null,"m":111.0},"geometry":{"type":"MultiLineString","coordinates":[[[28.916865,46.977593],[28.916292,46.977912],[28.915736,46.978222]]]}},{"type":"Feature","properties":{"tip":"service","nume":null,"m":109.0},"geometry":{"type":"MultiLineString","coordinates":[[[28.916588,46.977387],[28.916043,46.977709],[28.915509,46.978026]]]}},{"type":"Feature","properties":{"tip":"service","nume":null,"m":109.0},"geometry":{"type":"MultiLineString","coordinates":[[[28.916361,46.977191],[28.915803,46.977513],[28.915265,46.977823]]]}},{"type":"Feature","properties":{"tip":"service","nume":null,"m":107.0},"geometry":{"type":"MultiLineString","coordinates":[[[28.916107,46.977004],[28.915562,46.97732],[28.915024,46.977622]]]}},{"type":"Feature","properties":{"tip":"service","nume":null,"m":108.0},"geometry":{"type":"MultiLineString","coordinates":[[[28.915866,46.976808],[28.915303,46.977112],[28.915211,46.977162],[28.914763,46.977426]]]}},{"type":"Feature","properties":{"tip":"service","nume":null,"m":49.0},"geometry":{"type":"MultiLineString","coordinates":[[[28.915069,46.976924],[28.915542,46.97663]]]}},{"type":"Feature","properties":{"tip":"track","nume":null,"m":24.0},"geometry":{"type":"MultiLineString","coordinates":[[[28.916895,46.979254],[28.916647,46.979381]]]}},{"type":"Feature","properties":{"tip":"track","nume":null,"m":429.0},"geometry":{"type":"MultiLineString","coordinates":[[[28.932604,46.977916],[28.932698,46.977611],[28.933102,46.97673],[28.933561,46.975919],[28.93464,46.974332]]]}},{"type":"Feature","properties":{"tip":"track","nume":null,"m":409.0},"geometry":{"type":"MultiLineString","coordinates":[[[28.93096,46.977896],[28.931129,46.977412],[28.931326,46.976653],[28.931318,46.976398],[28.931657,46.975514],[28.93206,46.974305]]]}},{"type":"Feature","properties":{"tip":"track","nume":null,"m":24.0},"geometry":{"type":"MultiLineString","coordinates":[[[28.933534,46.977982],[28.933528,46.978007],[28.933515,46.978062],[28.933543,46.978193]]]}},{"type":"Feature","properties":{"tip":"track","nume":null,"m":400.0},"geometry":{"type":"MultiLineString","coordinates":[[[28.93396,46.977962],[28.934105,46.977622],[28.934456,46.977029],[28.93492,46.976339],[28.935515,46.975481],[28.936055,46.97467]]]}},{"type":"Feature","properties":{"tip":"track","nume":null,"m":275.0},"geometry":{"type":"MultiLineString","coordinates":[[[28.931626,46.974292],[28.931986,46.973998],[28.932621,46.973386],[28.93398,46.97242]]]}},{"type":"Feature","properties":{"tip":"path","nume":null,"m":103.0},"geometry":{"type":"MultiLineString","coordinates":[[[28.932706,46.97145],[28.931901,46.972191]]]}},{"type":"Feature","properties":{"tip":"path","nume":null,"m":240.0},"geometry":{"type":"MultiLineString","coordinates":[[[28.930494,46.972123],[28.931901,46.972191],[28.932999,46.972206],[28.933646,46.972178]]]}},{"type":"Feature","properties":{"tip":"track","nume":null,"m":114.0},"geometry":{"type":"MultiLineString","coordinates":[[[28.934466,46.974329],[28.935308,46.97348]]]}},{"type":"Feature","properties":{"tip":"path","nume":null,"m":15.0},"geometry":{"type":"MultiLineString","coordinates":[[[28.936055,46.97467],[28.936241,46.974623]]]}},{"type":"Feature","properties":{"tip":"track","nume":null,"m":33.0},"geometry":{"type":"MultiLineString","coordinates":[[[28.936055,46.97467],[28.936066,46.974569],[28.936052,46.97446],[28.936059,46.974375]]]}},{"type":"Feature","properties":{"tip":"track","nume":null,"m":57.0},"geometry":{"type":"MultiLineString","coordinates":[[[28.933528,46.978007],[28.933432,46.978017],[28.933253,46.978041],[28.932783,46.97802]]]}},{"type":"Feature","properties":{"tip":"track","nume":null,"m":974.0},"geometry":{"type":"MultiLineString","coordinates":[[[28.931715,46.977905],[28.930916,46.978972],[28.929821,46.980356],[28.928689,46.981906],[28.927508,46.983596],[28.926451,46.984962],[28.925904,46.985714]]]}},{"type":"Feature","properties":{"tip":"track","nume":null,"m":833.0},"geometry":{"type":"MultiLineString","coordinates":[[[28.928861,46.977794],[28.928577,46.978176],[28.927834,46.97914],[28.927122,46.980033],[28.926504,46.980938],[28.925311,46.982466],[28.923865,46.984465]]]}},{"type":"Feature","properties":{"tip":"track","nume":null,"m":754.0},"geometry":{"type":"MultiLineString","coordinates":[[[28.922839,46.983849],[28.923534,46.982923],[28.923921,46.982407],[28.925009,46.980903],[28.925058,46.980836],[28.925685,46.979988],[28.926058,46.979555],[28.92617,46.979407],[28.926345,46.978955],[28.926706,46.978336],[28.927091,46.977739]]]}},{"type":"Feature","properties":{"tip":"track","nume":null,"m":154.0},"geometry":{"type":"MultiLineString","coordinates":[[[28.925058,46.980836],[28.923298,46.980151]]]}},{"type":"Feature","properties":{"tip":"track","nume":null,"m":52.0},"geometry":{"type":"MultiLineString","coordinates":[[[28.923534,46.982923],[28.923572,46.982935],[28.924145,46.98313]]]}},{"type":"Feature","properties":{"tip":"service","nume":null,"m":176.0},"geometry":{"type":"MultiLineString","coordinates":[[[28.931953,46.981196],[28.931976,46.981504],[28.931991,46.981709],[28.932009,46.981722],[28.932035,46.981723],[28.932306,46.981716],[28.93233,46.981709],[28.932337,46.981692],[28.932326,46.98149],[28.932317,46.981336],[28.932305,46.981112],[28.932296,46.980947],[28.932292,46.980876]]]}},{"type":"Feature","properties":{"tip":"living_street","nume":"Stradela Aleea Parcului","m":49.0},"geometry":{"type":"MultiLineString","coordinates":[[[28.932292,46.980876],[28.932262,46.980432]]]}},{"type":"Feature","properties":{"tip":"service","nume":null,"m":71.0},"geometry":{"type":"MultiLineString","coordinates":[[[28.941409,46.98178],[28.941112,46.98193],[28.941037,46.982009],[28.941019,46.982146],[28.941101,46.982289]]]}},{"type":"Feature","properties":{"tip":"path","nume":null,"m":46.0},"geometry":{"type":"MultiLineString","coordinates":[[[28.942051,46.982584],[28.94149,46.982738]]]}},{"type":"Feature","properties":{"tip":"service","nume":null,"m":91.0},"geometry":{"type":"MultiLineString","coordinates":[[[28.930364,46.983402],[28.930249,46.983379],[28.929685,46.983234],[28.929569,46.983215],[28.929471,46.983234],[28.929359,46.98329],[28.929298,46.983351]]]}},{"type":"Feature","properties":{"tip":"service","nume":null,"m":73.0},"geometry":{"type":"MultiLineString","coordinates":[[[28.930053,46.983954],[28.929743,46.983862],[28.929529,46.983848],[28.929335,46.98386],[28.929168,46.983904],[28.929135,46.983917]]]}},{"type":"Feature","properties":{"tip":"service","nume":null,"m":81.0},"geometry":{"type":"MultiLineString","coordinates":[[[28.929707,46.984438],[28.92964,46.984416],[28.928753,46.984114]]]}},{"type":"Feature","properties":{"tip":"service","nume":null,"m":90.0},"geometry":{"type":"MultiLineString","coordinates":[[[28.930628,46.982044],[28.930445,46.982046],[28.930378,46.982073],[28.930342,46.982114],[28.930037,46.982663]]]}},{"type":"Feature","properties":{"tip":"service","nume":null,"m":11.0},"geometry":{"type":"MultiLineString","coordinates":[[[28.926772,46.986375],[28.926795,46.986359],[28.92687,46.986301]]]}},{"type":"Feature","properties":{"tip":"service","nume":null,"m":49.0},"geometry":{"type":"MultiLineString","coordinates":[[[28.926687,46.986189],[28.92687,46.986301],[28.927168,46.986484]]]}},{"type":"Feature","properties":{"tip":"path","nume":null,"m":5.0},"geometry":{"type":"MultiLineString","coordinates":[[[28.926416,46.990897],[28.926464,46.990922]]]}},{"type":"Feature","properties":{"tip":"service","nume":null,"m":49.0},"geometry":{"type":"MultiLineString","coordinates":[[[28.934542,46.992433],[28.934481,46.992442],[28.934376,46.992457],[28.934162,46.992549],[28.934026,46.992674]]]}},{"type":"Feature","properties":{"tip":"path","nume":null,"m":21.0},"geometry":{"type":"MultiLineString","coordinates":[[[28.921906,46.968827],[28.922111,46.968953]]]}},{"type":"Feature","properties":{"tip":"path","nume":null,"m":92.0},"geometry":{"type":"MultiLineString","coordinates":[[[28.922111,46.968953],[28.92215,46.969023],[28.922173,46.969047],[28.922693,46.969311],[28.922436,46.969527]]]}},{"type":"Feature","properties":{"tip":"path","nume":null,"m":34.0},"geometry":{"type":"MultiLineString","coordinates":[[[28.921906,46.968827],[28.921564,46.968626]]]}},{"type":"Feature","properties":{"tip":"path","nume":null,"m":322.0},"geometry":{"type":"MultiLineString","coordinates":[[[28.922436,46.969527],[28.922081,46.969742],[28.921857,46.969955],[28.92166,46.970135],[28.921549,46.970213],[28.921337,46.970421],[28.920945,46.97067],[28.920713,46.970779],[28.919925,46.971092],[28.919281,46.971306],[28.91921,46.971308]]]}},{"type":"Feature","properties":{"tip":"path","nume":null,"m":285.0},"geometry":{"type":"MultiLineString","coordinates":[[[28.91921,46.971308],[28.919173,46.971358],[28.919023,46.971462],[28.918505,46.971974],[28.917968,46.972542],[28.917923,46.972655],[28.917869,46.972712],[28.917869,46.972766],[28.91815,46.972934],[28.918281,46.973],[28.91878,46.973296]]]}},{"type":"Feature","properties":{"tip":"path","nume":null,"m":96.0},"geometry":{"type":"MultiLineString","coordinates":[[[28.918281,46.973],[28.918046,46.973188],[28.91745,46.97365]]]}},{"type":"Feature","properties":{"tip":"service","nume":null,"m":60.0},"geometry":{"type":"MultiLineString","coordinates":[[[28.932634,46.999133],[28.932561,46.999104],[28.932503,46.999079],[28.932112,46.998879],[28.932191,46.998789]]]}},{"type":"Feature","properties":{"tip":"service","nume":null,"m":76.0},"geometry":{"type":"MultiLineString","coordinates":[[[28.933078,46.998419],[28.933024,46.998407],[28.932921,46.998379],[28.93222,46.998079]]]}},{"type":"Feature","properties":{"tip":"service","nume":"Strada Ștefan cel Mare și Sfânt","m":97.0},"geometry":{"type":"MultiLineString","coordinates":[[[28.933851,46.978808],[28.933919,46.978812],[28.93451,46.978843],[28.934457,46.979259]]]}},{"type":"Feature","properties":{"tip":"service","nume":"Strada Ștefan cel Mare și Sfânt","m":16.0},"geometry":{"type":"MultiLineString","coordinates":[[[28.93451,46.978843],[28.934533,46.978697]]]}},{"type":"Feature","properties":{"tip":"service","nume":"Strada Iuri Gagarin","m":48.0},"geometry":{"type":"MultiLineString","coordinates":[[[28.942699,46.985916],[28.943307,46.985797]]]}},{"type":"Feature","properties":{"tip":"living_street","nume":"Strada 27 August 1989","m":126.0},"geometry":{"type":"MultiLineString","coordinates":[[[28.941461,46.98399],[28.941605,46.983922],[28.942531,46.983617],[28.942938,46.983479]]]}},{"type":"Feature","properties":{"tip":"path","nume":null,"m":40.0},"geometry":{"type":"MultiLineString","coordinates":[[[28.935422,46.986392],[28.935398,46.986273],[28.935399,46.986176],[28.935487,46.986046]]]}},{"type":"Feature","properties":{"tip":"service","nume":"Strada Sfântul David","m":48.0},"geometry":{"type":"MultiLineString","coordinates":[[[28.934017,46.994054],[28.934644,46.994016]]]}},{"type":"Feature","properties":{"tip":"service","nume":null,"m":102.0},"geometry":{"type":"MultiLineString","coordinates":[[[28.930199,46.985622],[28.930181,46.985658],[28.930169,46.985684],[28.930058,46.985935],[28.929965,46.986145],[28.929969,46.986165],[28.929986,46.986178],[28.930128,46.986207],[28.930227,46.986226],[28.930257,46.986221],[28.930272,46.986196],[28.930322,46.986089]]]}},{"type":"Feature","properties":{"tip":"service","nume":null,"m":22.0},"geometry":{"type":"MultiLineString","coordinates":[[[28.930322,46.986089],[28.930411,46.985903]]]}},{"type":"Feature","properties":{"tip":"service","nume":null,"m":80.0},"geometry":{"type":"MultiLineString","coordinates":[[[28.930169,46.985684],[28.930364,46.985731],[28.930425,46.985746],[28.930472,46.98578],[28.930491,46.985832],[28.930485,46.985887],[28.930321,46.986202],[28.930257,46.986221]]]}},{"type":"Feature","properties":{"tip":"service","nume":null,"m":15.0},"geometry":{"type":"MultiLineString","coordinates":[[[28.930411,46.985903],[28.930431,46.985853],[28.930423,46.985838],[28.930329,46.985812]]]}},{"type":"Feature","properties":{"tip":"service","nume":null,"m":44.0},"geometry":{"type":"MultiLineString","coordinates":[[[28.930364,46.985731],[28.930329,46.985812],[28.930262,46.985965],[28.93025,46.985973],[28.930232,46.985973],[28.930058,46.985935]]]}},{"type":"Feature","properties":{"tip":"service","nume":null,"m":17.0},"geometry":{"type":"MultiLineString","coordinates":[[[28.930128,46.986207],[28.93019,46.986057]]]}},{"type":"Feature","properties":{"tip":"service","nume":null,"m":28.0},"geometry":{"type":"MultiLineString","coordinates":[[[28.931074,46.984755],[28.931368,46.98479],[28.931434,46.984797]]]}},{"type":"Feature","properties":{"tip":"service","nume":null,"m":15.0},"geometry":{"type":"MultiLineString","coordinates":[[[28.931309,46.984527],[28.931265,46.984571],[28.9312,46.984637]]]}},{"type":"Feature","properties":{"tip":"footway","nume":null,"m":16.0},"geometry":{"type":"MultiLineString","coordinates":[[[28.931424,46.984536],[28.931425,46.984583],[28.931428,46.98468]]]}},{"type":"Feature","properties":{"tip":"footway","nume":null,"m":12.0},"geometry":{"type":"MultiLineString","coordinates":[[[28.930866,46.984386],[28.930932,46.984412],[28.931001,46.984439]]]}},{"type":"Feature","properties":{"tip":"footway","nume":null,"m":15.0},"geometry":{"type":"MultiLineString","coordinates":[[[28.931312,46.984208],[28.931236,46.984156],[28.93117,46.984112]]]}},{"type":"Feature","properties":{"tip":"service","nume":null,"m":52.0},"geometry":{"type":"MultiLineString","coordinates":[[[28.931684,46.983941],[28.931691,46.983886],[28.931699,46.983832],[28.931713,46.983812],[28.931774,46.9838],[28.931989,46.983793],[28.932028,46.983799],[28.932079,46.983854],[28.932117,46.983895]]]}},{"type":"Feature","properties":{"tip":"service","nume":null,"m":41.0},"geometry":{"type":"MultiLineString","coordinates":[[[28.930532,46.984169],[28.930655,46.984214],[28.930935,46.98432],[28.931002,46.984345]]]}},{"type":"Feature","properties":{"tip":"footway","nume":null,"m":273.0},"geometry":{"type":"MultiLineString","coordinates":[[[28.928701,46.986226],[28.929682,46.985828],[28.929867,46.985737],[28.929913,46.98571],[28.930028,46.985625],[28.930061,46.985588],[28.930116,46.985526],[28.930121,46.98552],[28.930212,46.985407],[28.930351,46.985237],[28.930466,46.985095],[28.930553,46.984988],[28.93056,46.984979],[28.930673,46.984844],[28.930917,46.984542],[28.931001,46.984439]]]}},{"type":"Feature","properties":{"tip":"path","nume":null,"m":174.0},"geometry":{"type":"MultiLineString","coordinates":[[[28.920315,46.972711],[28.920013,46.972547],[28.919535,46.972186],[28.919487,46.972085],[28.919471,46.971957],[28.919385,46.971851],[28.91916,46.971619],[28.919079,46.971535],[28.919023,46.971462]]]}},{"type":"Feature","properties":{"tip":"service","nume":null,"m":39.0},"geometry":{"type":"MultiLineString","coordinates":[[[28.951975,46.943745],[28.951927,46.943787],[28.951653,46.944018]]]}},{"type":"Feature","properties":{"tip":"track","nume":null,"m":4.0},"geometry":{"type":"MultiLineString","coordinates":[[[28.969825,46.949801],[28.969818,46.949832]]]}},{"type":"Feature","properties":{"tip":"track","nume":null,"m":135.0},"geometry":{"type":"MultiLineString","coordinates":[[[28.972814,46.94918],[28.97263,46.949343],[28.972466,46.949516],[28.972252,46.949897],[28.972232,46.950141],[28.972161,46.950285]]]}},{"type":"Feature","properties":{"tip":"track","nume":null,"m":97.0},"geometry":{"type":"MultiLineString","coordinates":[[[28.970663,46.960913],[28.971336,46.960874],[28.971757,46.960798],[28.971917,46.960782]]]}},{"type":"Feature","properties":{"tip":"track","nume":null,"m":113.0},"geometry":{"type":"MultiLineString","coordinates":[[[28.969987,46.966255],[28.970196,46.966254],[28.970467,46.966279],[28.970668,46.966297],[28.970817,46.966299],[28.970905,46.966283],[28.971032,46.966221],[28.97111,46.966075],[28.971158,46.965963]]]}},{"type":"Feature","properties":{"tip":"track","nume":null,"m":476.0},"geometry":{"type":"MultiLineString","coordinates":[[[28.971158,46.965963],[28.977393,46.966314]]]}},{"type":"Feature","properties":{"tip":"track","nume":null,"m":1608.0},"geometry":{"type":"MultiLineString","coordinates":[[[28.979401,46.980509],[28.979726,46.978566],[28.980055,46.976599],[28.980321,46.975011],[28.980301,46.974833],[28.980134,46.9743],[28.979011,46.971048],[28.977617,46.966962],[28.977393,46.966314]]]}},{"type":"Feature","properties":{"tip":"track","nume":null,"m":4.0},"geometry":{"type":"MultiLineString","coordinates":[[[28.977393,46.966314],[28.97738,46.966276]]]}},{"type":"Feature","properties":{"tip":"track","nume":null,"m":33.0},"geometry":{"type":"MultiLineString","coordinates":[[[28.995082,46.987285],[28.994824,46.987327],[28.994671,46.98737]]]}},{"type":"Feature","properties":{"tip":"track","nume":null,"m":139.0},"geometry":{"type":"MultiLineString","coordinates":[[[28.996198,46.98913],[28.996168,46.989137],[28.996006,46.989178],[28.995592,46.989266],[28.994492,46.989567]]]}},{"type":"Feature","properties":{"tip":"track","nume":null,"m":359.0},"geometry":{"type":"MultiLineString","coordinates":[[[28.996525,46.989875],[28.996295,46.989461],[28.996235,46.989249],[28.996168,46.989137],[28.995842,46.988916],[28.995587,46.988743],[28.995117,46.988075],[28.994936,46.987972],[28.994414,46.987689],[28.994431,46.987662],[28.994766,46.987559],[28.994805,46.987528],[28.994853,46.987439],[28.994824,46.987327]]]}},{"type":"Feature","properties":{"tip":"track","nume":null,"m":527.0},"geometry":{"type":"MultiLineString","coordinates":[[[28.973373,46.975356],[28.980055,46.976599]]]}},{"type":"Feature","properties":{"tip":"track","nume":null,"m":552.0},"geometry":{"type":"MultiLineString","coordinates":[[[28.972718,46.977299],[28.979726,46.978566]]]}},{"type":"Feature","properties":{"tip":"track","nume":null,"m":470.0},"geometry":{"type":"MultiLineString","coordinates":[[[28.967967,46.971851],[28.973987,46.972797]]]}},{"type":"Feature","properties":{"tip":"track","nume":null,"m":856.0},"geometry":{"type":"MultiLineString","coordinates":[[[28.968095,46.971417],[28.965528,46.970814],[28.963587,46.970443],[28.962891,46.970349],[28.961907,46.970336],[28.961804,46.970335],[28.961426,46.97033],[28.960899,46.970255],[28.960014,46.970123],[28.959246,46.970008],[28.958724,46.969908],[28.958381,46.969796],[28.958152,46.969758],[28.957515,46.969702],[28.957415,46.969674],[28.957234,46.969609]]]}},{"type":"Feature","properties":{"tip":"track","nume":null,"m":109.0},"geometry":{"type":"MultiLineString","coordinates":[[[28.96194,46.95481],[28.963333,46.955026]]]}},{"type":"Feature","properties":{"tip":"track","nume":null,"m":431.0},"geometry":{"type":"MultiLineString","coordinates":[[[28.964338,46.965474],[28.958817,46.96463]]]}},{"type":"Feature","properties":{"tip":"track","nume":null,"m":621.0},"geometry":{"type":"MultiLineString","coordinates":[[[28.961804,46.970335],[28.961856,46.970054],[28.961824,46.969991],[28.961711,46.969963],[28.960504,46.969773],[28.960354,46.969696],[28.960302,46.969531],[28.960237,46.969407],[28.960217,46.968495],[28.960189,46.968423],[28.960128,46.968409],[28.959951,46.96842],[28.959725,46.968407],[28.95964,46.968371],[28.959624,46.968313],[28.960068,46.966867],[28.960031,46.966814],[28.959854,46.966768],[28.958764,46.966555]]]}},{"type":"Feature","properties":{"tip":"track","nume":null,"m":613.0},"geometry":{"type":"MultiLineString","coordinates":[[[28.970467,46.966279],[28.970618,46.966167],[28.970641,46.966054],[28.970623,46.965873],[28.970615,46.965834],[28.970554,46.965532],[28.970582,46.965082],[28.970527,46.964764],[28.97054,46.964489],[28.970476,46.964189],[28.970563,46.963757],[28.970701,46.96351],[28.970902,46.962851],[28.971039,46.962514],[28.97109,46.96217],[28.971213,46.961295],[28.971336,46.960874]]]}},{"type":"Feature","properties":{"tip":"track","nume":null,"m":45.0},"geometry":{"type":"MultiLineString","coordinates":[[[28.970615,46.965834],[28.970742,46.96591],[28.970925,46.965942],[28.971158,46.965963]]]}},{"type":"Feature","properties":{"tip":"track","nume":null,"m":731.0},"geometry":{"type":"MultiLineString","coordinates":[[[28.971336,46.960874],[28.971377,46.960583],[28.971466,46.95968],[28.971744,46.958313],[28.971792,46.957613],[28.97178,46.957481],[28.971696,46.956988],[28.971722,46.956584],[28.971566,46.955407],[28.971623,46.955006],[28.971452,46.954552],[28.971238,46.954399]]]}},{"type":"Feature","properties":{"tip":"track","nume":null,"m":195.0},"geometry":{"type":"MultiLineString","coordinates":[[[28.974079,46.949134],[28.973837,46.949241],[28.973159,46.949616],[28.972678,46.94995],[28.972426,46.950144],[28.972161,46.950285]]]}},{"type":"Feature","properties":{"tip":"service","nume":null,"m":89.0},"geometry":{"type":"MultiLineString","coordinates":[[[28.958825,46.968708],[28.959544,46.968714],[28.959999,46.968717]]]}},{"type":"Feature","properties":{"tip":"track","nume":null,"m":82.0},"geometry":{"type":"MultiLineString","coordinates":[[[28.960237,46.969407],[28.960199,46.969741],[28.960133,46.969939],[28.960064,46.970068],[28.960014,46.970123]]]}},{"type":"Feature","properties":{"tip":"living_street","nume":"Strada Sergiu Rădăuțanu","m":229.0},"geometry":{"type":"MultiLineString","coordinates":[[[28.94736,46.970779],[28.948386,46.970909],[28.949342,46.971029],[28.950323,46.971153]]]}},{"type":"Feature","properties":{"tip":"track","nume":null,"m":196.0},"geometry":{"type":"MultiLineString","coordinates":[[[28.950323,46.971153],[28.950362,46.971159],[28.952843,46.97153]]]}},{"type":"Feature","properties":{"tip":"construction","nume":"Strada Ștefan Petrache","m":594.0},"geometry":{"type":"MultiLineString","coordinates":[[[28.950323,46.971153],[28.949782,46.972818],[28.949213,46.97459],[28.948638,46.97637]]]}},{"type":"Feature","properties":{"tip":"construction","nume":null,"m":216.0},"geometry":{"type":"MultiLineString","coordinates":[[[28.945809,46.976183],[28.946676,46.976226],[28.947673,46.976284],[28.948638,46.97637]]]}},{"type":"Feature","properties":{"tip":"construction","nume":"Strada Mihai Volontir","m":598.0},"geometry":{"type":"MultiLineString","coordinates":[[[28.947673,46.976284],[28.947896,46.975582],[28.949342,46.971029]]]}},{"type":"Feature","properties":{"tip":"construction","nume":"Strada Mitropolit Gavriil Bănulescu Bodoni","m":605.0},"geometry":{"type":"MultiLineString","coordinates":[[[28.948386,46.970909],[28.94826,46.9713],[28.946676,46.976226]]]}},{"type":"Feature","properties":{"tip":"construction","nume":"Stardela Sfânta Cuvioasa Agafia","m":212.0},"geometry":{"type":"MultiLineString","coordinates":[[[28.946432,46.973963],[28.947896,46.975582]]]}},{"type":"Feature","properties":{"tip":"construction","nume":"Stradela Matei Basarab","m":318.0},"geometry":{"type":"MultiLineString","coordinates":[[[28.946938,46.972194],[28.949213,46.97459]]]}},{"type":"Feature","properties":{"tip":"living_street","nume":null,"m":41.0},"geometry":{"type":"MultiLineString","coordinates":[[[28.944118,46.970363],[28.943591,46.970308]]]}},{"type":"Feature","properties":{"tip":"living_street","nume":"Stradela 2 Profesorilor","m":88.0},"geometry":{"type":"MultiLineString","coordinates":[[[28.945184,46.972682],[28.944957,46.97346]]]}},{"type":"Feature","properties":{"tip":"living_street","nume":"Stradela 1 Profesorilor","m":192.0},"geometry":{"type":"MultiLineString","coordinates":[[[28.945724,46.973871],[28.946258,46.972183]]]}},{"type":"Feature","properties":{"tip":"track","nume":null,"m":23.0},"geometry":{"type":"MultiLineString","coordinates":[[[28.950475,46.970964],[28.950362,46.971159]]]}},{"type":"Feature","properties":{"tip":"track","nume":null,"m":431.0},"geometry":{"type":"MultiLineString","coordinates":[[[28.949177,46.964926],[28.952196,46.965369],[28.954712,46.965738]]]}},{"type":"Feature","properties":{"tip":"track","nume":null,"m":636.0},"geometry":{"type":"MultiLineString","coordinates":[[[28.95018,46.970923],[28.952196,46.965369]]]}},{"type":"Feature","properties":{"tip":"track","nume":null,"m":35.0},"geometry":{"type":"MultiLineString","coordinates":[[[28.954779,46.964992],[28.954936,46.964698]]]}},{"type":"Feature","properties":{"tip":"track","nume":null,"m":200.0},"geometry":{"type":"MultiLineString","coordinates":[[[28.949782,46.972818],[28.952361,46.973175]]]}},{"type":"Feature","properties":{"tip":"construction","nume":"Stradela Emil Loteanu","m":205.0},"geometry":{"type":"MultiLineString","coordinates":[[[28.94826,46.9713],[28.949782,46.972818]]]}},{"type":"Feature","properties":{"tip":"track","nume":null,"m":406.0},"geometry":{"type":"MultiLineString","coordinates":[[[28.95306,46.982384],[28.95302,46.982246],[28.952942,46.981814],[28.952581,46.97982],[28.952418,46.979265],[28.951686,46.979331]]]}},{"type":"Feature","properties":{"tip":"track","nume":null,"m":1.0},"geometry":{"type":"MultiLineString","coordinates":[[[28.993956,46.967052],[28.993971,46.967048]]]}},{"type":"Feature","properties":{"tip":"service","nume":"Strada Prieteniei","m":57.0},"geometry":{"type":"MultiLineString","coordinates":[[[28.949619,46.945983],[28.949622,46.94607],[28.949603,46.946169],[28.949553,46.946329],[28.949494,46.946426],[28.949437,46.946468]]]}},{"type":"Feature","properties":{"tip":"service","nume":null,"m":35.0},"geometry":{"type":"MultiLineString","coordinates":[[[28.939848,46.958684],[28.940265,46.958811]]]}},{"type":"Feature","properties":{"tip":"service","nume":null,"m":28.0},"geometry":{"type":"MultiLineString","coordinates":[[[28.93187,46.967514],[28.932223,46.96759]]]}},{"type":"Feature","properties":{"tip":"service","nume":null,"m":18.0},"geometry":{"type":"MultiLineString","coordinates":[[[28.940338,46.961411],[28.940437,46.961381],[28.940544,46.961337]]]}},{"type":"Feature","properties":{"tip":"footway","nume":"Strada Tamara Ciobanu","m":103.0},"geometry":{"type":"MultiLineString","coordinates":[[[28.941451,46.966637],[28.941449,46.966692],[28.941311,46.967238],[28.94123,46.967368],[28.941169,46.967535]]]}},{"type":"Feature","properties":{"tip":"living_street","nume":"Stradela Constantin Constantinov","m":72.0},"geometry":{"type":"MultiLineString","coordinates":[[[28.938875,46.969809],[28.938992,46.969783],[28.939078,46.969772],[28.939309,46.96978],[28.939595,46.969802],[28.939809,46.969832]]]}},{"type":"Feature","properties":{"tip":"service","nume":"Stradela Constantin Constantinov","m":43.0},"geometry":{"type":"MultiLineString","coordinates":[[[28.938778,46.9697],[28.938898,46.969548],[28.938964,46.969494],[28.939021,46.969475],[28.939162,46.969481]]]}},{"type":"Feature","properties":{"tip":"service","nume":"Strada Caștanul Alb","m":8.0},"geometry":{"type":"MultiLineString","coordinates":[[[28.941428,46.967964],[28.941527,46.967965]]]}},{"type":"Feature","properties":{"tip":"track","nume":null,"m":261.0},"geometry":{"type":"MultiLineString","coordinates":[[[28.941668,46.976185],[28.941608,46.976437],[28.941659,46.976609],[28.941907,46.977108],[28.942052,46.977639],[28.942092,46.977907],[28.942083,46.9782],[28.942009,46.978308],[28.941884,46.978451]]]}},{"type":"Feature","properties":{"tip":"service","nume":null,"m":29.0},"geometry":{"type":"MultiLineString","coordinates":[[[28.939324,46.978355],[28.93934,46.978281],[28.939358,46.978242],[28.93943,46.978214],[28.939548,46.978185]]]}},{"type":"Feature","properties":{"tip":"service","nume":null,"m":43.0},"geometry":{"type":"MultiLineString","coordinates":[[[28.938255,46.978323],[28.93826,46.978248],[28.938272,46.977934]]]}},{"type":"Feature","properties":{"tip":"service","nume":null,"m":69.0},"geometry":{"type":"MultiLineString","coordinates":[[[28.935883,46.975993],[28.936328,46.976008],[28.936347,46.976067],[28.936337,46.976192],[28.936343,46.976235],[28.93639,46.976289],[28.936413,46.976309]]]}},{"type":"Feature","properties":{"tip":"service","nume":null,"m":142.0},"geometry":{"type":"MultiLineString","coordinates":[[[28.936413,46.976309],[28.936543,46.976323],[28.936606,46.97631],[28.936729,46.976272],[28.936845,46.976259],[28.937213,46.976344],[28.937544,46.976425],[28.937595,46.976475],[28.937597,46.976562],[28.937556,46.97688]]]}},{"type":"Feature","properties":{"tip":"service","nume":null,"m":58.0},"geometry":{"type":"MultiLineString","coordinates":[[[28.936356,46.977404],[28.936353,46.97734],[28.936318,46.977283],[28.936233,46.977225],[28.936173,46.977221],[28.936137,46.977248],[28.936114,46.977285],[28.936092,46.977478]]]}},{"type":"Feature","properties":{"tip":"service","nume":null,"m":22.0},"geometry":{"type":"MultiLineString","coordinates":[[[28.936173,46.977221],[28.936192,46.977021]]]}},{"type":"Feature","properties":{"tip":"service","nume":null,"m":66.0},"geometry":{"type":"MultiLineString","coordinates":[[[28.937013,46.97828],[28.937019,46.97815],[28.937019,46.977683]]]}},{"type":"Feature","properties":{"tip":"service","nume":null,"m":103.0},"geometry":{"type":"MultiLineString","coordinates":[[[28.936022,46.975469],[28.93613,46.975475],[28.936488,46.975477],[28.936654,46.97544],[28.936837,46.975385],[28.93688,46.975318],[28.936932,46.975043]]]}},{"type":"Feature","properties":{"tip":"service","nume":null,"m":63.0},"geometry":{"type":"MultiLineString","coordinates":[[[28.938739,46.974185],[28.938778,46.974256],[28.938783,46.974298],[28.93878,46.974746]]]}},{"type":"Feature","properties":{"tip":"service","nume":null,"m":23.0},"geometry":{"type":"MultiLineString","coordinates":[[[28.937878,46.974156],[28.937947,46.974217],[28.938048,46.974331]]]}},{"type":"Feature","properties":{"tip":"service","nume":null,"m":28.0},"geometry":{"type":"MultiLineString","coordinates":[[[28.93833,46.974171],[28.938353,46.974112],[28.938381,46.97404],[28.938408,46.973998],[28.938488,46.973958]]]}},{"type":"Feature","properties":{"tip":"service","nume":null,"m":220.0},"geometry":{"type":"MultiLineString","coordinates":[[[28.936692,46.973206],[28.937072,46.973152],[28.93726,46.973132],[28.937426,46.97312],[28.937858,46.973101],[28.938448,46.973105],[28.938954,46.973133],[28.939015,46.973162],[28.939031,46.973235],[28.939024,46.973533]]]}},{"type":"Feature","properties":{"tip":"service","nume":null,"m":89.0},"geometry":{"type":"MultiLineString","coordinates":[[[28.937426,46.97312],[28.937436,46.97392]]]}},{"type":"Feature","properties":{"tip":"service","nume":null,"m":217.0},"geometry":{"type":"MultiLineString","coordinates":[[[28.93726,46.973132],[28.937256,46.973175],[28.937201,46.97365],[28.937212,46.973765],[28.937245,46.973814],[28.937436,46.97392],[28.937553,46.973964],[28.937625,46.973975],[28.937695,46.97397],[28.937751,46.973943],[28.937807,46.973876],[28.937849,46.973741],[28.937858,46.973101]]]}},{"type":"Feature","properties":{"tip":"service","nume":null,"m":113.0},"geometry":{"type":"MultiLineString","coordinates":[[[28.937256,46.973175],[28.937023,46.97323],[28.936923,46.973276],[28.936877,46.973342],[28.936685,46.974023]]]}},{"type":"Feature","properties":{"tip":"service","nume":null,"m":154.0},"geometry":{"type":"MultiLineString","coordinates":[[[28.937752,46.972077],[28.937994,46.972186],[28.938158,46.972234],[28.93831,46.972255],[28.93852,46.972258],[28.938883,46.972257],[28.938932,46.972281],[28.938956,46.972328],[28.939014,46.972799]]]}},{"type":"Feature","properties":{"tip":"service","nume":null,"m":46.0},"geometry":{"type":"MultiLineString","coordinates":[[[28.93702,46.972856],[28.937319,46.972875],[28.937626,46.972895]]]}},{"type":"Feature","properties":{"tip":"service","nume":null,"m":40.0},"geometry":{"type":"MultiLineString","coordinates":[[[28.937237,46.972625],[28.937511,46.972681],[28.93762,46.972691],[28.937706,46.972687],[28.937737,46.972663]]]}},{"type":"Feature","properties":{"tip":"service","nume":null,"m":137.0},"geometry":{"type":"MultiLineString","coordinates":[[[28.937789,46.972036],[28.938092,46.972072],[28.938963,46.972136],[28.939075,46.972136],[28.939135,46.972115],[28.939163,46.972065],[28.939187,46.97182]]]}},{"type":"Feature","properties":{"tip":"service","nume":null,"m":86.0},"geometry":{"type":"MultiLineString","coordinates":[[[28.9388,46.970958],[28.939052,46.971045],[28.939187,46.971092],[28.939219,46.971123],[28.939238,46.971187],[28.939208,46.971561]]]}},{"type":"Feature","properties":{"tip":"service","nume":null,"m":48.0},"geometry":{"type":"MultiLineString","coordinates":[[[28.935346,46.980731],[28.935253,46.98082],[28.935173,46.980852],[28.935089,46.980873],[28.935032,46.980879],[28.934994,46.980868],[28.934981,46.980846],[28.934987,46.980739]]]}},{"type":"Feature","properties":{"tip":"steps","nume":null,"m":22.0},"geometry":{"type":"MultiLineString","coordinates":[[[28.935133,46.980739],[28.935124,46.980618],[28.935119,46.980541]]]}},{"type":"Feature","properties":{"tip":"footway","nume":null,"m":13.0},"geometry":{"type":"MultiLineString","coordinates":[[[28.935124,46.980618],[28.93496,46.980625]]]}},{"type":"Feature","properties":{"tip":"service","nume":null,"m":41.0},"geometry":{"type":"MultiLineString","coordinates":[[[28.935346,46.980731],[28.935332,46.980634],[28.935288,46.980428],[28.935254,46.980412],[28.935213,46.980399]]]}},{"type":"Feature","properties":{"tip":"service","nume":null,"m":44.0},"geometry":{"type":"MultiLineString","coordinates":[[[28.936357,46.980057],[28.935782,46.980002]]]}},{"type":"Feature","properties":{"tip":"service","nume":null,"m":48.0},"geometry":{"type":"MultiLineString","coordinates":[[[28.935685,46.980133],[28.936313,46.980198]]]}},{"type":"Feature","properties":{"tip":"footway","nume":null,"m":12.0},"geometry":{"type":"MultiLineString","coordinates":[[[28.9355,46.980619],[28.935518,46.980725]]]}},{"type":"Feature","properties":{"tip":"service","nume":null,"m":33.0},"geometry":{"type":"MultiLineString","coordinates":[[[28.935173,46.980852],[28.935299,46.980908],[28.935426,46.980917],[28.935583,46.980908]]]}},{"type":"Feature","properties":{"tip":"service","nume":null,"m":123.0},"geometry":{"type":"MultiLineString","coordinates":[[[28.935426,46.980917],[28.935433,46.980961],[28.935426,46.981252],[28.935422,46.981412],[28.935422,46.981612],[28.935422,46.981782],[28.935407,46.981805],[28.935378,46.981813],[28.935145,46.981821],[28.935125,46.981813],[28.935115,46.981799]]]}},{"type":"Feature","properties":{"tip":"footway","nume":null,"m":84.0},"geometry":{"type":"MultiLineString","coordinates":[[[28.935115,46.981799],[28.935077,46.981415],[28.935039,46.981043]]]}},{"type":"Feature","properties":{"tip":"footway","nume":null,"m":26.0},"geometry":{"type":"MultiLineString","coordinates":[[[28.935077,46.981415],[28.935422,46.981412]]]}},{"type":"Feature","properties":{"tip":"service","nume":null,"m":33.0},"geometry":{"type":"MultiLineString","coordinates":[[[28.935422,46.981412],[28.935852,46.981405]]]}},{"type":"Feature","properties":{"tip":"service","nume":null,"m":139.0},"geometry":{"type":"MultiLineString","coordinates":[[[28.935407,46.981805],[28.935464,46.981816],[28.935856,46.981798],[28.935871,46.981783],[28.935877,46.981764],[28.935875,46.98173],[28.935852,46.981405],[28.935814,46.980859]]]}},{"type":"Feature","properties":{"tip":"footway","nume":null,"m":19.0},"geometry":{"type":"MultiLineString","coordinates":[[[28.935426,46.981252],[28.935172,46.981262]]]}},{"type":"Feature","properties":{"tip":"service","nume":null,"m":67.0},"geometry":{"type":"MultiLineString","coordinates":[[[28.934441,46.981895],[28.934433,46.981749],[28.934424,46.98158],[28.934415,46.981428],[28.934408,46.981293]]]}},{"type":"Feature","properties":{"tip":"service","nume":null,"m":56.0},"geometry":{"type":"MultiLineString","coordinates":[[[28.93495,46.981872],[28.934937,46.981723],[28.934923,46.981558],[28.934909,46.981399],[28.934906,46.981369]]]}},{"type":"Feature","properties":{"tip":"footway","nume":null,"m":6.0},"geometry":{"type":"MultiLineString","coordinates":[[[28.935349,46.981613],[28.935422,46.981612]]]}},{"type":"Feature","properties":{"tip":"footway","nume":null,"m":7.0},"geometry":{"type":"MultiLineString","coordinates":[[[28.934328,46.981585],[28.934424,46.98158]]]}},{"type":"Feature","properties":{"tip":"footway","nume":null,"m":7.0},"geometry":{"type":"MultiLineString","coordinates":[[[28.934335,46.981755],[28.934433,46.981749]]]}},{"type":"Feature","properties":{"tip":"footway","nume":null,"m":7.0},"geometry":{"type":"MultiLineString","coordinates":[[[28.934321,46.981432],[28.934415,46.981428]]]}},{"type":"Feature","properties":{"tip":"footway","nume":null,"m":8.0},"geometry":{"type":"MultiLineString","coordinates":[[[28.934838,46.981726],[28.934937,46.981723]]]}},{"type":"Feature","properties":{"tip":"footway","nume":null,"m":7.0},"geometry":{"type":"MultiLineString","coordinates":[[[28.934829,46.981563],[28.934923,46.981558]]]}},{"type":"Feature","properties":{"tip":"footway","nume":null,"m":7.0},"geometry":{"type":"MultiLineString","coordinates":[[[28.934819,46.981403],[28.934909,46.981399]]]}},{"type":"Feature","properties":{"tip":"footway","nume":null,"m":1353.0},"geometry":{"type":"MultiLineString","coordinates":[[[28.937948,46.978361],[28.937776,46.978351],[28.937219,46.978324],[28.937002,46.978314],[28.936863,46.978306],[28.935757,46.978246],[28.934505,46.978206],[28.934412,46.978215],[28.934309,46.978244],[28.934217,46.978288],[28.934179,46.978318],[28.934126,46.978412],[28.933919,46.978812],[28.933902,46.978845],[28.933796,46.979073],[28.933779,46.97914],[28.933781,46.979248],[28.933858,46.980495],[28.933874,46.980864],[28.933885,46.981113],[28.933886,46.981286],[28.933886,46.981324],[28.933886,46.981446],[28.933887,46.981595],[28.933858,46.981715],[28.933805,46.981873],[28.933775,46.981918],[28.933733,46.981979],[28.933707,46.982012],[28.933472,46.982524],[28.933102,46.983332],[28.93305,46.983446],[28.932903,46.983768],[28.932892,46.983791],[28.932903,46.983809],[28.932932,46.983819],[28.932998,46.983823],[28.934271,46.983891],[28.934302,46.983893],[28.936244,46.984014],[28.936362,46.984022],[28.937286,46.984084],[28.937476,46.984097],[28.937573,46.984086],[28.937615,46.984086],[28.937829,46.984082],[28.937845,46.984069],[28.937865,46.983896],[28.937898,46.983887],[28.938024,46.98391],[28.938335,46.983921]]]}},{"type":"Feature","properties":{"tip":"footway","nume":null,"m":74.0},"geometry":{"type":"MultiLineString","coordinates":[[[28.933886,46.981286],[28.934406,46.981266],[28.934496,46.981263],[28.934861,46.981249]]]}},{"type":"Feature","properties":{"tip":"footway","nume":null,"m":3.0},"geometry":{"type":"MultiLineString","coordinates":[[[28.934408,46.981293],[28.934406,46.981266]]]}},{"type":"Feature","properties":{"tip":"footway","nume":null,"m":41.0},"geometry":{"type":"MultiLineString","coordinates":[[[28.934496,46.981263],[28.934873,46.980996]]]}},{"type":"Feature","properties":{"tip":"footway","nume":null,"m":61.0},"geometry":{"type":"MultiLineString","coordinates":[[[28.934906,46.981369],[28.934888,46.981313],[28.934869,46.981286],[28.934861,46.981249],[28.934878,46.981107],[28.934873,46.980996],[28.934869,46.98093],[28.93491,46.980902],[28.934994,46.980868]]]}},{"type":"Feature","properties":{"tip":"service","nume":null,"m":140.0},"geometry":{"type":"MultiLineString","coordinates":[[[28.935642,46.982714],[28.935252,46.982739],[28.935209,46.982773],[28.935193,46.982816],[28.935215,46.983235],[28.935259,46.983269],[28.93535,46.983287],[28.935519,46.983276],[28.935576,46.983242],[28.935635,46.983175],[28.935653,46.983091],[28.935661,46.983051]]]}},{"type":"Feature","properties":{"tip":"living_street","nume":"Strada Miorița","m":85.0},"geometry":{"type":"MultiLineString","coordinates":[[[28.936101,46.980719],[28.935688,46.980719],[28.935518,46.980725],[28.935346,46.980731],[28.935133,46.980739],[28.93503,46.980742],[28.934987,46.980739]]]}},{"type":"Feature","properties":{"tip":"living_street","nume":null,"m":92.0},"geometry":{"type":"MultiLineString","coordinates":[[[28.938645,46.980758],[28.938613,46.980778],[28.938549,46.9808],[28.938403,46.980816],[28.938254,46.980811],[28.938167,46.980806],[28.937906,46.98079],[28.937464,46.980756]]]}},{"type":"Feature","properties":{"tip":"service","nume":"Strada Livezilor","m":44.0},"geometry":{"type":"MultiLineString","coordinates":[[[28.935606,46.98187],[28.936179,46.981864]]]}},{"type":"Feature","properties":{"tip":"living_street","nume":"Strada Livezilor","m":6.0},"geometry":{"type":"MultiLineString","coordinates":[[[28.93618,46.980722],[28.936101,46.980719]]]}},{"type":"Feature","properties":{"tip":"service","nume":"Strada Serghei Lazo","m":54.0},"geometry":{"type":"MultiLineString","coordinates":[[[28.938342,46.978904],[28.93797,46.978579],[28.937905,46.978527]]]}},{"type":"Feature","properties":{"tip":"footway","nume":"Strada Serghei Lazo","m":54.0},"geometry":{"type":"MultiLineString","coordinates":[[[28.93876,46.979289],[28.938661,46.979236],[28.938342,46.978904]]]}},{"type":"Feature","properties":{"tip":"service","nume":null,"m":25.0},"geometry":{"type":"MultiLineString","coordinates":[[[28.940123,46.978378],[28.940096,46.978487],[28.940079,46.9786]]]}},{"type":"Feature","properties":{"tip":"service","nume":null,"m":27.0},"geometry":{"type":"MultiLineString","coordinates":[[[28.938944,46.979899],[28.939135,46.980014],[28.939214,46.980061]]]}},{"type":"Feature","properties":{"tip":"service","nume":null,"m":17.0},"geometry":{"type":"MultiLineString","coordinates":[[[28.938731,46.980649],[28.938923,46.980721]]]}},{"type":"Feature","properties":{"tip":"service","nume":null,"m":2.0},"geometry":{"type":"MultiLineString","coordinates":[[[28.938987,46.980745],[28.939005,46.980752]]]}},{"type":"Feature","properties":{"tip":"service","nume":null,"m":6.0},"geometry":{"type":"MultiLineString","coordinates":[[[28.938923,46.980721],[28.938987,46.980745]]]}},{"type":"Feature","properties":{"tip":"footway","nume":null,"m":73.0},"geometry":{"type":"MultiLineString","coordinates":[[[28.938987,46.980745],[28.939161,46.98065],[28.939363,46.980519],[28.939393,46.980518],[28.939753,46.980678]]]}},{"type":"Feature","properties":{"tip":"service","nume":"Strada Serghei Lazo","m":85.0},"geometry":{"type":"MultiLineString","coordinates":[[[28.939654,46.980765],[28.939753,46.980678],[28.939822,46.980592],[28.939911,46.980576],[28.940017,46.980565],[28.940124,46.98057],[28.940224,46.980616],[28.940484,46.980812]]]}},{"type":"Feature","properties":{"tip":"path","nume":null,"m":60.0},"geometry":{"type":"MultiLineString","coordinates":[[[28.942101,46.981528],[28.941409,46.98178]]]}},{"type":"Feature","properties":{"tip":"path","nume":null,"m":9.0},"geometry":{"type":"MultiLineString","coordinates":[[[28.942205,46.98149],[28.942101,46.981528]]]}},{"type":"Feature","properties":{"tip":"path","nume":null,"m":3.0},"geometry":{"type":"MultiLineString","coordinates":[[[28.942236,46.981479],[28.942205,46.98149]]]}},{"type":"Feature","properties":{"tip":"path","nume":null,"m":79.0},"geometry":{"type":"MultiLineString","coordinates":[[[28.941764,46.981079],[28.941743,46.981086],[28.94164,46.981105],[28.941556,46.981103],[28.941296,46.981142],[28.941047,46.981224],[28.940825,46.981342]]]}},{"type":"Feature","properties":{"tip":"path","nume":null,"m":9.0},"geometry":{"type":"MultiLineString","coordinates":[[[28.941871,46.981045],[28.941764,46.981079]]]}},{"type":"Feature","properties":{"tip":"path","nume":null,"m":2.0},"geometry":{"type":"MultiLineString","coordinates":[[[28.941892,46.981038],[28.941871,46.981045]]]}},{"type":"Feature","properties":{"tip":"service","nume":"Strada 27 August 1989","m":62.0},"geometry":{"type":"MultiLineString","coordinates":[[[28.940484,46.980812],[28.940555,46.980884],[28.940597,46.98095],[28.940627,46.981011],[28.940644,46.981078],[28.940669,46.981207],[28.940673,46.981346]]]}},{"type":"Feature","properties":{"tip":"service","nume":"Strada 27 August 1989","m":57.0},"geometry":{"type":"MultiLineString","coordinates":[[[28.940644,46.981078],[28.940188,46.981207],[28.939985,46.981307]]]}},{"type":"Feature","properties":{"tip":"service","nume":null,"m":7.0},"geometry":{"type":"MultiLineString","coordinates":[[[28.940484,46.980812],[28.9404,46.980843]]]}},{"type":"Feature","properties":{"tip":"service","nume":"Strada Mihail Frunze","m":48.0},"geometry":{"type":"MultiLineString","coordinates":[[[28.937596,46.979583],[28.938192,46.979733]]]}},{"type":"Feature","properties":{"tip":"service","nume":null,"m":87.0},"geometry":{"type":"MultiLineString","coordinates":[[[28.938167,46.980806],[28.938171,46.980848],[28.938193,46.980956],[28.938231,46.980977],[28.938324,46.980995],[28.93855,46.980991],[28.938599,46.981008],[28.938618,46.981047],[28.938607,46.981347]]]}},{"type":"Feature","properties":{"tip":"service","nume":"Strada Mihail Frunze","m":52.0},"geometry":{"type":"MultiLineString","coordinates":[[[28.936923,46.982395],[28.937257,46.982458],[28.937594,46.9825]]]}},{"type":"Feature","properties":{"tip":"service","nume":"Strada Mihail Frunze","m":58.0},"geometry":{"type":"MultiLineString","coordinates":[[[28.936603,46.983282],[28.936975,46.983332],[28.937048,46.983329],[28.937114,46.98331],[28.937152,46.983287],[28.937163,46.983259],[28.937189,46.983159]]]}},{"type":"Feature","properties":{"tip":"footway","nume":null,"m":10.0},"geometry":{"type":"MultiLineString","coordinates":[[[28.932998,46.983823],[28.932993,46.983862],[28.932987,46.983908]]]}},{"type":"Feature","properties":{"tip":"footway","nume":null,"m":10.0},"geometry":{"type":"MultiLineString","coordinates":[[[28.932903,46.983768],[28.932844,46.983759],[28.932778,46.983748]]]}},{"type":"Feature","properties":{"tip":"footway","nume":null,"m":993.0},"geometry":{"type":"MultiLineString","coordinates":[[[28.931372,46.984504],[28.931306,46.984445],[28.931262,46.984348],[28.931264,46.984282],[28.931312,46.984208],[28.931412,46.9841],[28.931558,46.984026],[28.931722,46.983973],[28.931866,46.983953],[28.93243,46.983914],[28.932552,46.983911],[28.932631,46.983908],[28.932898,46.983906],[28.932987,46.983908],[28.933197,46.983913],[28.933919,46.983948],[28.935181,46.98403],[28.935585,46.984057],[28.936103,46.984088],[28.936174,46.984092],[28.937298,46.984183],[28.937384,46.984204],[28.937438,46.984218],[28.937522,46.984178],[28.937606,46.984179],[28.937691,46.98418],[28.937969,46.984189],[28.938425,46.984223],[28.938523,46.984231],[28.93865,46.98424],[28.938721,46.984244],[28.93894,46.984256],[28.939518,46.984286],[28.939626,46.984291],[28.940585,46.98433],[28.940675,46.984334],[28.941386,46.984368],[28.941466,46.984372],[28.94155,46.984371],[28.941654,46.984372],[28.941828,46.984365],[28.942353,46.984324],[28.942505,46.984307],[28.942558,46.984303],[28.942817,46.984295],[28.943092,46.984306],[28.9433,46.984309],[28.943478,46.984335],[28.943674,46.984379]]]}},{"type":"Feature","properties":{"tip":"service","nume":null,"m":73.0},"geometry":{"type":"MultiLineString","coordinates":[[[28.934327,46.981899],[28.934335,46.982047],[28.934345,46.982218],[28.934354,46.982388],[28.934364,46.982557]]]}},{"type":"Feature","properties":{"tip":"service","nume":null,"m":71.0},"geometry":{"type":"MultiLineString","coordinates":[[[28.933999,46.982696],[28.933999,46.982709],[28.934005,46.982873],[28.934008,46.982963],[28.934011,46.983034],[28.934017,46.98321],[28.934022,46.983338]]]}},{"type":"Feature","properties":{"tip":"footway","nume":null,"m":17.0},"geometry":{"type":"MultiLineString","coordinates":[[[28.93379,46.983042],[28.934011,46.983034]]]}},{"type":"Feature","properties":{"tip":"footway","nume":null,"m":16.0},"geometry":{"type":"MultiLineString","coordinates":[[[28.933802,46.983211],[28.934017,46.98321]]]}},{"type":"Feature","properties":{"tip":"footway","nume":null,"m":11.0},"geometry":{"type":"MultiLineString","coordinates":[[[28.933857,46.982879],[28.934005,46.982873]]]}},{"type":"Feature","properties":{"tip":"footway","nume":null,"m":12.0},"geometry":{"type":"MultiLineString","coordinates":[[[28.933844,46.982712],[28.933999,46.982709]]]}},{"type":"Feature","properties":{"tip":"service","nume":null,"m":44.0},"geometry":{"type":"MultiLineString","coordinates":[[[28.933859,46.981915],[28.933882,46.982313]]]}},{"type":"Feature","properties":{"tip":"footway","nume":null,"m":11.0},"geometry":{"type":"MultiLineString","coordinates":[[[28.934193,46.98205],[28.934335,46.982047]]]}},{"type":"Feature","properties":{"tip":"footway","nume":null,"m":11.0},"geometry":{"type":"MultiLineString","coordinates":[[[28.934205,46.982222],[28.934345,46.982218]]]}},{"type":"Feature","properties":{"tip":"footway","nume":null,"m":17.0},"geometry":{"type":"MultiLineString","coordinates":[[[28.934127,46.982392],[28.934354,46.982388]]]}},{"type":"Feature","properties":{"tip":"footway","nume":null,"m":17.0},"geometry":{"type":"MultiLineString","coordinates":[[[28.93414,46.982564],[28.934364,46.982557]]]}},{"type":"Feature","properties":{"tip":"path","nume":null,"m":78.0},"geometry":{"type":"MultiLineString","coordinates":[[[28.933528,46.983342],[28.93349,46.983026],[28.933503,46.982992],[28.933525,46.982977],[28.933611,46.982968],[28.934008,46.982963]]]}},{"type":"Feature","properties":{"tip":"footway","nume":null,"m":46.0},"geometry":{"type":"MultiLineString","coordinates":[[[28.933472,46.982524],[28.933765,46.982608],[28.933872,46.98262],[28.933966,46.98265],[28.93399,46.982684],[28.933999,46.982696]]]}},{"type":"Feature","properties":{"tip":"footway","nume":null,"m":78.0},"geometry":{"type":"MultiLineString","coordinates":[[[28.934364,46.982557],[28.934438,46.982556],[28.934494,46.982589],[28.934664,46.982608],[28.934706,46.982612],[28.934757,46.982612],[28.935098,46.982613],[28.935107,46.982627],[28.93512,46.982709],[28.935135,46.982721],[28.935209,46.982773]]]}},{"type":"Feature","properties":{"tip":"footway","nume":null,"m":40.0},"geometry":{"type":"MultiLineString","coordinates":[[[28.934494,46.982589],[28.93399,46.982684]]]}},{"type":"Feature","properties":{"tip":"footway","nume":null,"m":69.0},"geometry":{"type":"MultiLineString","coordinates":[[[28.934496,46.983435],[28.934535,46.98342],[28.935083,46.983401],[28.935214,46.983336],[28.93535,46.983287]]]}},{"type":"Feature","properties":{"tip":"footway","nume":null,"m":15.0},"geometry":{"type":"MultiLineString","coordinates":[[[28.935455,46.983102],[28.935653,46.983091]]]}},{"type":"Feature","properties":{"tip":"service","nume":null,"m":58.0},"geometry":{"type":"MultiLineString","coordinates":[[[28.934161,46.98335],[28.934177,46.983312],[28.934178,46.98312],[28.934219,46.983086],[28.934284,46.983075],[28.934505,46.983079],[28.934572,46.98308]]]}},{"type":"Feature","properties":{"tip":"service","nume":null,"m":117.0},"geometry":{"type":"MultiLineString","coordinates":[[[28.935478,46.98187],[28.935464,46.981942],[28.935443,46.982063],[28.935429,46.982118],[28.935436,46.982503],[28.935425,46.982535],[28.935385,46.982549],[28.9352,46.982555],[28.934868,46.982567]]]}},{"type":"Feature","properties":{"tip":"service","nume":null,"m":73.0},"geometry":{"type":"MultiLineString","coordinates":[[[28.9352,46.982555],[28.935169,46.982119],[28.935175,46.982087],[28.935205,46.982073],[28.935443,46.982063]]]}},{"type":"Feature","properties":{"tip":"footway","nume":null,"m":13.0},"geometry":{"type":"MultiLineString","coordinates":[[[28.935443,46.982063],[28.93557,46.982058],[28.935614,46.982057]]]}},{"type":"Feature","properties":{"tip":"service","nume":null,"m":41.0},"geometry":{"type":"MultiLineString","coordinates":[[[28.934219,46.983086],[28.934295,46.98293],[28.934328,46.982899],[28.934417,46.982876],[28.93456,46.982851]]]}},{"type":"Feature","properties":{"tip":"service","nume":null,"m":97.0},"geometry":{"type":"MultiLineString","coordinates":[[[28.934505,46.983079],[28.934512,46.983333],[28.93453,46.983348],[28.93461,46.983348],[28.934764,46.983339],[28.934814,46.983306],[28.934849,46.983142],[28.934843,46.983021],[28.934727,46.982957]]]}},{"type":"Feature","properties":{"tip":"footway","nume":null,"m":77.0},"geometry":{"type":"MultiLineString","coordinates":[[[28.934843,46.983021],[28.934866,46.982998],[28.93499,46.982994],[28.935006,46.982985],[28.935015,46.982953],[28.935001,46.982843],[28.934973,46.982834],[28.934858,46.982834],[28.934818,46.982823],[28.934772,46.982754],[28.934727,46.982749],[28.934585,46.982766],[28.934572,46.982777],[28.93456,46.982851]]]}},{"type":"Feature","properties":{"tip":"footway","nume":null,"m":16.0},"geometry":{"type":"MultiLineString","coordinates":[[[28.934757,46.982612],[28.934759,46.98265],[28.934772,46.982754]]]}},{"type":"Feature","properties":{"tip":"footway","nume":null,"m":4.0},"geometry":{"type":"MultiLineString","coordinates":[[[28.936086,46.981217],[28.936135,46.981216]]]}},{"type":"Feature","properties":{"tip":"footway","nume":null,"m":4.0},"geometry":{"type":"MultiLineString","coordinates":[[[28.936071,46.981028],[28.936122,46.981028]]]}},{"type":"Feature","properties":{"tip":"footway","nume":null,"m":4.0},"geometry":{"type":"MultiLineString","coordinates":[[[28.93615,46.982232],[28.936197,46.982231]]]}},{"type":"Feature","properties":{"tip":"footway","nume":null,"m":3.0},"geometry":{"type":"MultiLineString","coordinates":[[[28.936164,46.982416],[28.936206,46.982416]]]}},{"type":"Feature","properties":{"tip":"service","nume":"Strada Ștefan cel Mare și Sfânt","m":50.0},"geometry":{"type":"MultiLineString","coordinates":[[[28.933072,46.979511],[28.933639,46.979529],[28.933726,46.979532]]]}},{"type":"Feature","properties":{"tip":"service","nume":null,"m":281.0},"geometry":{"type":"MultiLineString","coordinates":[[[28.933414,46.98085],[28.933418,46.980905],[28.933427,46.981025]],[[28.933427,46.981025],[28.933449,46.981331],[28.933469,46.981594],[28.933455,46.98162],[28.933416,46.981637],[28.933108,46.981643],[28.932793,46.98165],[28.932653,46.981653],[28.932621,46.981646],[28.932597,46.98162],[28.932578,46.981328],[28.932567,46.981156],[28.932564,46.981105],[28.932562,46.98108],[28.932573,46.98106],[28.932609,46.98105],[28.93289,46.981042],[28.933094,46.981035],[28.933427,46.981025]]]}},{"type":"Feature","properties":{"tip":"footway","nume":null,"m":30.0},"geometry":{"type":"MultiLineString","coordinates":[[[28.933328,46.981334],[28.933449,46.981331],[28.933707,46.981325],[28.933727,46.981325]]]}},{"type":"Feature","properties":{"tip":"footway","nume":null,"m":31.0},"geometry":{"type":"MultiLineString","coordinates":[[[28.932175,46.981341],[28.932317,46.981336],[28.932578,46.981328]]]}},{"type":"Feature","properties":{"tip":"footway","nume":null,"m":27.0},"geometry":{"type":"MultiLineString","coordinates":[[[28.931976,46.981504],[28.932326,46.98149]]]}},{"type":"Feature","properties":{"tip":"footway","nume":null,"m":20.0},"geometry":{"type":"MultiLineString","coordinates":[[[28.932564,46.981105],[28.932305,46.981112]]]}},{"type":"Feature","properties":{"tip":"service","nume":null,"m":35.0},"geometry":{"type":"MultiLineString","coordinates":[[[28.932567,46.981156],[28.932852,46.98115],[28.932878,46.981138],[28.932892,46.981116],[28.93289,46.981042]]]}},{"type":"Feature","properties":{"tip":"service","nume":null,"m":28.0},"geometry":{"type":"MultiLineString","coordinates":[[[28.932793,46.98165],[28.932898,46.98158],[28.932975,46.981542],[28.933101,46.981536]]]}},{"type":"Feature","properties":{"tip":"service","nume":null,"m":30.0},"geometry":{"type":"MultiLineString","coordinates":[[[28.933108,46.981643],[28.933101,46.981536],[28.93309,46.981372]]]}},{"type":"Feature","properties":{"tip":"service","nume":null,"m":19.0},"geometry":{"type":"MultiLineString","coordinates":[[[28.932878,46.981138],[28.932959,46.981181],[28.933019,46.981189],[28.933101,46.981185]]]}},{"type":"Feature","properties":{"tip":"service","nume":null,"m":28.0},"geometry":{"type":"MultiLineString","coordinates":[[[28.933094,46.981035],[28.933101,46.981185],[28.933106,46.98129]]]}},{"type":"Feature","properties":{"tip":"service","nume":null,"m":48.0},"geometry":{"type":"MultiLineString","coordinates":[[[28.931149,46.980918],[28.931355,46.980911],[28.931773,46.980893]]]}},{"type":"Feature","properties":{"tip":"service","nume":null,"m":13.0},"geometry":{"type":"MultiLineString","coordinates":[[[28.930906,46.981233],[28.930982,46.981248],[28.931073,46.981269]]]}},{"type":"Feature","properties":{"tip":"service","nume":null,"m":36.0},"geometry":{"type":"MultiLineString","coordinates":[[[28.932169,46.981929],[28.932084,46.9819],[28.93192,46.9819],[28.931894,46.981897],[28.931872,46.981887],[28.931863,46.981869],[28.931868,46.981777]]]}},{"type":"Feature","properties":{"tip":"service","nume":"Strada Ștefan cel Mare și Sfânt","m":36.0},"geometry":{"type":"MultiLineString","coordinates":[[[28.933373,46.978818],[28.933426,46.978803],[28.933768,46.978817],[28.933846,46.978821]]]}},{"type":"Feature","properties":{"tip":"service","nume":null,"m":85.0},"geometry":{"type":"MultiLineString","coordinates":[[[28.928587,46.986007],[28.928476,46.985975],[28.928348,46.98596],[28.928254,46.985971],[28.928152,46.985983],[28.928097,46.98599],[28.928033,46.985986],[28.927704,46.98587],[28.927687,46.985856],[28.927685,46.985838],[28.927746,46.985768]]]}},{"type":"Feature","properties":{"tip":"service","nume":null,"m":65.0},"geometry":{"type":"MultiLineString","coordinates":[[[28.928607,46.985977],[28.928504,46.985942],[28.928194,46.985832],[28.92784,46.985714]]]}},{"type":"Feature","properties":{"tip":"service","nume":null,"m":36.0},"geometry":{"type":"MultiLineString","coordinates":[[[28.928878,46.985598],[28.928793,46.985561],[28.928703,46.985514],[28.928658,46.985479],[28.92864,46.985439],[28.928647,46.985385],[28.928667,46.985348]]]}},{"type":"Feature","properties":{"tip":"service","nume":null,"m":23.0},"geometry":{"type":"MultiLineString","coordinates":[[[28.929342,46.984949],[28.929257,46.98492],[28.929075,46.984859]]]}},{"type":"Feature","properties":{"tip":"service","nume":null,"m":51.0},"geometry":{"type":"MultiLineString","coordinates":[[[28.929126,46.985251],[28.929026,46.985218],[28.928513,46.985061]]]}},{"type":"Feature","properties":{"tip":"service","nume":null,"m":38.0},"geometry":{"type":"MultiLineString","coordinates":[[[28.929524,46.984695],[28.929455,46.984673],[28.929065,46.984551]]]}},{"type":"Feature","properties":{"tip":"service","nume":null,"m":40.0},"geometry":{"type":"MultiLineString","coordinates":[[[28.930717,46.981635],[28.930633,46.981618],[28.930217,46.981517]]]}},{"type":"Feature","properties":{"tip":"service","nume":null,"m":50.0},"geometry":{"type":"MultiLineString","coordinates":[[[28.93082,46.981365],[28.930719,46.981329],[28.930429,46.981236],[28.930368,46.981249],[28.930326,46.981288],[28.930286,46.981341]]]}},{"type":"Feature","properties":{"tip":"service","nume":null,"m":41.0},"geometry":{"type":"MultiLineString","coordinates":[[[28.932617,46.97923],[28.932512,46.979195],[28.932126,46.979069]]]}},{"type":"Feature","properties":{"tip":"service","nume":null,"m":31.0},"geometry":{"type":"MultiLineString","coordinates":[[[28.932477,46.97886],[28.932727,46.978946],[28.932838,46.978981]]]}},{"type":"Feature","properties":{"tip":"service","nume":null,"m":32.0},"geometry":{"type":"MultiLineString","coordinates":[[[28.932072,46.979851],[28.931995,46.979822],[28.931694,46.979723]]]}},{"type":"Feature","properties":{"tip":"service","nume":null,"m":75.0},"geometry":{"type":"MultiLineString","coordinates":[[[28.93189,46.980056],[28.931811,46.980028],[28.93147,46.979916],[28.931421,46.979917],[28.93138,46.979938],[28.931186,46.980187]]]}},{"type":"Feature","properties":{"tip":"service","nume":null,"m":71.0},"geometry":{"type":"MultiLineString","coordinates":[[[28.930628,46.982044],[28.930742,46.982055],[28.931541,46.98218]]]}},{"type":"Feature","properties":{"tip":"service","nume":null,"m":52.0},"geometry":{"type":"MultiLineString","coordinates":[[[28.930532,46.982538],[28.930638,46.982546],[28.931211,46.982602]]]}},{"type":"Feature","properties":{"tip":"service","nume":null,"m":64.0},"geometry":{"type":"MultiLineString","coordinates":[[[28.930487,46.982772],[28.930594,46.982783],[28.931312,46.982865]]]}},{"type":"Feature","properties":{"tip":"service","nume":null,"m":20.0},"geometry":{"type":"MultiLineString","coordinates":[[[28.9304,46.983219],[28.930508,46.983229],[28.930659,46.983242]]]}},{"type":"Feature","properties":{"tip":"footway","nume":null,"m":562.0},"geometry":{"type":"MultiLineString","coordinates":[[[28.932778,46.983748],[28.932752,46.983781],[28.932724,46.9838],[28.932674,46.983816],[28.932079,46.983854],[28.931691,46.983886],[28.931638,46.983896],[28.931486,46.983934],[28.931395,46.98396],[28.931275,46.984036],[28.931254,46.984049],[28.93117,46.984112],[28.931062,46.984204],[28.930995,46.984263],[28.930935,46.98432],[28.930866,46.984386],[28.93068,46.984624],[28.930655,46.984657],[28.930521,46.984837],[28.930494,46.984873],[28.930316,46.985093],[28.930139,46.985323],[28.93011,46.98536],[28.930025,46.985467],[28.929995,46.985505],[28.929917,46.985579],[28.929725,46.985702],[28.929555,46.98578],[28.929057,46.985968],[28.928677,46.986111],[28.928529,46.986168],[28.928471,46.986191],[28.928447,46.98623],[28.927349,46.986669],[28.927272,46.986697]]]}},{"type":"Feature","properties":{"tip":"footway","nume":null,"m":28.0},"geometry":{"type":"MultiLineString","coordinates":[[[28.931062,46.984204],[28.930984,46.984171],[28.930737,46.984081]]]}},{"type":"Feature","properties":{"tip":"service","nume":null,"m":35.0},"geometry":{"type":"MultiLineString","coordinates":[[[28.930203,46.983743],[28.93062,46.983873]]]}},{"type":"Feature","properties":{"tip":"service","nume":null,"m":33.0},"geometry":{"type":"MultiLineString","coordinates":[[[28.930739,46.984644],[28.93068,46.984624],[28.930636,46.984609],[28.930481,46.984557],[28.930471,46.984537],[28.930481,46.9845],[28.93051,46.98446]]]}},{"type":"Feature","properties":{"tip":"service","nume":null,"m":31.0},"geometry":{"type":"MultiLineString","coordinates":[[[28.929791,46.984321],[28.929893,46.984355],[28.929999,46.984391],[28.930049,46.984397],[28.930076,46.984384],[28.930123,46.984331]]]}},{"type":"Feature","properties":{"tip":"footway","nume":null,"m":253.0},"geometry":{"type":"MultiLineString","coordinates":[[[28.931275,46.984036],[28.931143,46.983807],[28.931128,46.98369],[28.931133,46.983619],[28.931155,46.983539],[28.931198,46.983488],[28.931366,46.983475],[28.931534,46.983215],[28.931776,46.982754],[28.931836,46.982465],[28.931854,46.982423],[28.931879,46.982283],[28.931917,46.981946]]]}},{"type":"Feature","properties":{"tip":"service","nume":null,"m":96.0},"geometry":{"type":"MultiLineString","coordinates":[[[28.93057,46.984857],[28.930521,46.984837],[28.930475,46.984817],[28.930419,46.984764],[28.930388,46.984699],[28.930369,46.98464],[28.930325,46.984606],[28.930027,46.984512],[28.929974,46.984524],[28.929891,46.984585],[28.929852,46.984609],[28.929821,46.984609],[28.929727,46.984578],[28.929632,46.984544]]]}},{"type":"Feature","properties":{"tip":"service","nume":null,"m":79.0},"geometry":{"type":"MultiLineString","coordinates":[[[28.929315,46.984987],[28.929393,46.985015],[28.929684,46.985126],[28.929706,46.985151],[28.929726,46.985177],[28.930108,46.985312],[28.930139,46.985323],[28.930194,46.985342]]]}},{"type":"Feature","properties":{"tip":"service","nume":null,"m":37.0},"geometry":{"type":"MultiLineString","coordinates":[[[28.930082,46.985487],[28.930025,46.985467],[28.929982,46.985452],[28.929644,46.985344]]]}},{"type":"Feature","properties":{"tip":"service","nume":null,"m":30.0},"geometry":{"type":"MultiLineString","coordinates":[[[28.929187,46.985166],[28.929262,46.985195],[28.929288,46.985222],[28.929274,46.98527],[28.929283,46.985297],[28.92933,46.985321],[28.92941,46.985352]]]}},{"type":"Feature","properties":{"tip":"service","nume":null,"m":11.0},"geometry":{"type":"MultiLineString","coordinates":[[[28.929107,46.986015],[28.929057,46.985968],[28.929045,46.985956],[28.929022,46.985934]]]}},{"type":"Feature","properties":{"tip":"footway","nume":null,"m":504.0},"geometry":{"type":"MultiLineString","coordinates":[[[28.935422,46.986392],[28.935629,46.986494],[28.935693,46.986526],[28.935704,46.986531],[28.936222,46.986787],[28.936327,46.986838],[28.936424,46.986885],[28.93725,46.987252],[28.937386,46.987312],[28.938104,46.987635],[28.938486,46.987807],[28.938577,46.987847],[28.9388,46.987946],[28.939711,46.988351],[28.939807,46.988394],[28.940431,46.98867],[28.940871,46.988844],[28.940967,46.988873]]]}},{"type":"Feature","properties":{"tip":"footway","nume":null,"m":1216.0},"geometry":{"type":"MultiLineString","coordinates":[[[28.931428,46.98468],[28.931426,46.984695],[28.931527,46.9849],[28.932144,46.986222],[28.932336,46.986656],[28.93248,46.986981],[28.932634,46.987297],[28.932763,46.987583],[28.933149,46.988431],[28.933169,46.988472],[28.933327,46.988799],[28.933384,46.988917],[28.933653,46.989488],[28.933982,46.990225],[28.934088,46.990449],[28.934109,46.99052],[28.934176,46.990747],[28.934212,46.990868],[28.934496,46.992018],[28.934736,46.993],[28.934755,46.993074],[28.934919,46.993727],[28.935048,46.99425],[28.935068,46.994333],[28.935135,46.994604],[28.935266,46.995135],[28.935337,46.995184],[28.935352,46.995247]]]}},{"type":"Feature","properties":{"tip":"footway","nume":null,"m":803.0},"geometry":{"type":"MultiLineString","coordinates":[[[28.931428,46.98468],[28.931451,46.984673],[28.931485,46.984669],[28.931517,46.984676],[28.931956,46.984894],[28.932555,46.985159],[28.932663,46.985207],[28.933151,46.98541],[28.933354,46.985494],[28.933758,46.985672],[28.933845,46.98571],[28.934118,46.985824],[28.934832,46.986182],[28.934878,46.986205],[28.935502,46.986518],[28.935566,46.98655],[28.935865,46.986701],[28.936284,46.986899],[28.936406,46.986957],[28.937328,46.987368],[28.937453,46.987424],[28.937894,46.98762],[28.93846,46.98787],[28.938568,46.987918],[28.939035,46.988129],[28.93956,46.988366],[28.939609,46.988388],[28.940208,46.988658]]]}},{"type":"Feature","properties":{"tip":"footway","nume":null,"m":373.0},"geometry":{"type":"MultiLineString","coordinates":[[[28.931372,46.984504],[28.931424,46.984536],[28.93169,46.98468],[28.931784,46.984726],[28.931854,46.98476],[28.932505,46.98506],[28.93314,46.985323],[28.934123,46.985745],[28.934174,46.98577],[28.934738,46.986053],[28.935422,46.986392]]]}},{"type":"Feature","properties":{"tip":"footway","nume":null,"m":355.0},"geometry":{"type":"MultiLineString","coordinates":[[[28.942869,46.989883],[28.942932,46.989917],[28.943244,46.990058],[28.943484,46.990152],[28.943658,46.990207],[28.943693,46.990215],[28.944176,46.990325],[28.94425,46.990344],[28.944657,46.990446],[28.945182,46.990577],[28.945285,46.990605],[28.945523,46.990669],[28.945832,46.990733],[28.946175,46.990755],[28.946576,46.990774],[28.946856,46.990778],[28.947273,46.990784]]]}},{"type":"Feature","properties":{"tip":"footway","nume":null,"m":185.0},"geometry":{"type":"MultiLineString","coordinates":[[[28.932778,46.983748],[28.932924,46.983454],[28.932939,46.983424],[28.932982,46.983334],[28.933236,46.982796],[28.93326,46.982745],[28.9333,46.982653],[28.933365,46.982511],[28.933469,46.98227],[28.933464,46.982237],[28.933443,46.982216],[28.933473,46.982166]]]}},{"type":"Feature","properties":{"tip":"footway","nume":null,"m":28.0},"geometry":{"type":"MultiLineString","coordinates":[[[28.933443,46.982216],[28.933359,46.982158],[28.933347,46.982152],[28.933286,46.982121],[28.933181,46.982073],[28.933199,46.982053]]]}},{"type":"Feature","properties":{"tip":"footway","nume":null,"m":8.0},"geometry":{"type":"MultiLineString","coordinates":[[[28.932161,46.982822],[28.932057,46.982824]]]}},{"type":"Feature","properties":{"tip":"footway","nume":null,"m":8.0},"geometry":{"type":"MultiLineString","coordinates":[[[28.932175,46.983074],[28.932069,46.983077]]]}},{"type":"Feature","properties":{"tip":"footway","nume":null,"m":14.0},"geometry":{"type":"MultiLineString","coordinates":[[[28.932797,46.982925],[28.932615,46.982927]]]}},{"type":"Feature","properties":{"tip":"service","nume":null,"m":33.0},"geometry":{"type":"MultiLineString","coordinates":[[[28.93202,46.981947],[28.931982,46.982243]]]}},{"type":"Feature","properties":{"tip":"path","nume":null,"m":118.0},"geometry":{"type":"MultiLineString","coordinates":[[[28.931982,46.982243],[28.932021,46.982283],[28.932039,46.982383],[28.932025,46.982433],[28.931979,46.982475],[28.931925,46.982618],[28.931818,46.982787],[28.931644,46.983125],[28.931534,46.983215]]]}},{"type":"Feature","properties":{"tip":"footway","nume":null,"m":60.0},"geometry":{"type":"MultiLineString","coordinates":[[[28.931366,46.983475],[28.931395,46.983473],[28.931452,46.983461],[28.931643,46.983459],[28.931768,46.983388],[28.931915,46.983334],[28.932079,46.983296]]]}},{"type":"Feature","properties":{"tip":"footway","nume":null,"m":7.0},"geometry":{"type":"MultiLineString","coordinates":[[[28.932568,46.982614],[28.932475,46.982618]]]}},{"type":"Feature","properties":{"tip":"footway","nume":null,"m":7.0},"geometry":{"type":"MultiLineString","coordinates":[[[28.932556,46.982442],[28.932464,46.982444]]]}},{"type":"Feature","properties":{"tip":"footway","nume":null,"m":7.0},"geometry":{"type":"MultiLineString","coordinates":[[[28.932545,46.982294],[28.932454,46.982297]]]}},{"type":"Feature","properties":{"tip":"footway","nume":null,"m":7.0},"geometry":{"type":"MultiLineString","coordinates":[[[28.932533,46.982122],[28.932443,46.982126]]]}},{"type":"Feature","properties":{"tip":"footway","nume":null,"m":60.0},"geometry":{"type":"MultiLineString","coordinates":[[[28.932482,46.982713],[28.932905,46.982701],[28.933032,46.982707],[28.933141,46.982714],[28.93326,46.982745]]]}},{"type":"Feature","properties":{"tip":"footway","nume":null,"m":7.0},"geometry":{"type":"MultiLineString","coordinates":[[[28.932662,46.983132],[28.932565,46.983137]]]}},{"type":"Feature","properties":{"tip":"footway","nume":null,"m":8.0},"geometry":{"type":"MultiLineString","coordinates":[[[28.93267,46.983219],[28.932571,46.983224]]]}},{"type":"Feature","properties":{"tip":"footway","nume":null,"m":32.0},"geometry":{"type":"MultiLineString","coordinates":[[[28.932576,46.983291],[28.932689,46.983335],[28.932982,46.983334]]]}},{"type":"Feature","properties":{"tip":"footway","nume":null,"m":9.0},"geometry":{"type":"MultiLineString","coordinates":[[[28.932793,46.982805],[28.932671,46.98281]]]}},{"type":"Feature","properties":{"tip":"footway","nume":null,"m":50.0},"geometry":{"type":"MultiLineString","coordinates":[[[28.933347,46.982152],[28.93319,46.982475],[28.933139,46.982579]]]}},{"type":"Feature","properties":{"tip":"steps","nume":null,"m":14.0},"geometry":{"type":"MultiLineString","coordinates":[[[28.93319,46.982475],[28.933365,46.982511]]]}},{"type":"Feature","properties":{"tip":"footway","nume":null,"m":9.0},"geometry":{"type":"MultiLineString","coordinates":[[[28.932939,46.983424],[28.932994,46.983435],[28.93305,46.983446]]]}},{"type":"Feature","properties":{"tip":"footway","nume":null,"m":12.0},"geometry":{"type":"MultiLineString","coordinates":[[[28.933727,46.981325],[28.933821,46.981324],[28.933886,46.981324]]]}},{"type":"Feature","properties":{"tip":"footway","nume":null,"m":7.0},"geometry":{"type":"MultiLineString","coordinates":[[[28.935855,46.976321],[28.935811,46.976316],[28.935765,46.976311]]]}},{"type":"Feature","properties":{"tip":"footway","nume":null,"m":10.0},"geometry":{"type":"MultiLineString","coordinates":[[[28.937777,46.968503],[28.93772,46.968525],[28.937658,46.96855]]]}},{"type":"Feature","properties":{"tip":"footway","nume":null,"m":31.0},"geometry":{"type":"MultiLineString","coordinates":[[[28.937777,46.968503],[28.937812,46.968541],[28.937945,46.968685],[28.937996,46.96874]]]}},{"type":"Feature","properties":{"tip":"footway","nume":null,"m":670.0},"geometry":{"type":"MultiLineString","coordinates":[[[28.936582,46.967643],[28.936496,46.967616],[28.935814,46.96744],[28.935313,46.967332],[28.934523,46.967158],[28.933397,46.966917],[28.932694,46.96675],[28.932647,46.966739],[28.932121,46.966616],[28.931999,46.966605],[28.931934,46.966612],[28.931862,46.966637],[28.931785,46.966698],[28.931657,46.966799],[28.93101,46.967342],[28.930855,46.967486],[28.930613,46.967712],[28.930533,46.967787],[28.930055,46.968261],[28.929781,46.968555],[28.929708,46.968634],[28.929603,46.968748]]]}},{"type":"Feature","properties":{"tip":"service","nume":null,"m":19.0},"geometry":{"type":"MultiLineString","coordinates":[[[28.942488,46.985486],[28.94242,46.985501],[28.942284,46.98553],[28.942254,46.985537]]]}},{"type":"Feature","properties":{"tip":"footway","nume":null,"m":194.0},"geometry":{"type":"MultiLineString","coordinates":[[[28.942284,46.98553],[28.942176,46.985763],[28.942064,46.986072],[28.942001,46.986176],[28.941903,46.9864],[28.941902,46.986497],[28.941925,46.986608],[28.94198,46.986679],[28.942063,46.986811],[28.942121,46.986851],[28.942165,46.986879],[28.942204,46.986943],[28.942268,46.98698],[28.942298,46.987021],[28.942309,46.98708],[28.942359,46.987112],[28.942398,46.987108]]]}},{"type":"Feature","properties":{"tip":"service","nume":"Stradela Tineretului","m":32.0},"geometry":{"type":"MultiLineString","coordinates":[[[28.941592,46.985445],[28.941917,46.985515],[28.941999,46.985526]]]}},{"type":"Feature","properties":{"tip":"service","nume":null,"m":12.0},"geometry":{"type":"MultiLineString","coordinates":[[[28.942287,46.9872],[28.942355,46.987166],[28.94239,46.98712]]]}},{"type":"Feature","properties":{"tip":"footway","nume":null,"m":70.0},"geometry":{"type":"MultiLineString","coordinates":[[[28.94239,46.98712],[28.942398,46.987108],[28.942453,46.987076],[28.942621,46.987031],[28.942811,46.986997],[28.943008,46.986986],[28.943161,46.986955],[28.943247,46.986933]]]}},{"type":"Feature","properties":{"tip":"footway","nume":null,"m":12.0},"geometry":{"type":"MultiLineString","coordinates":[[[28.943802,46.984521],[28.943845,46.984528],[28.943919,46.984587]]]}},{"type":"Feature","properties":{"tip":"service","nume":"Strada 27 August 1989","m":26.0},"geometry":{"type":"MultiLineString","coordinates":[[[28.943499,46.983957],[28.943593,46.983915],[28.943672,46.983891],[28.943723,46.983885],[28.943809,46.983894]]]}},{"type":"Feature","properties":{"tip":"service","nume":"Strada Iuri Gagarin","m":70.0},"geometry":{"type":"MultiLineString","coordinates":[[[28.939322,46.981723],[28.939395,46.98175],[28.939459,46.981805],[28.93958,46.981943],[28.939835,46.982234]]]}},{"type":"Feature","properties":{"tip":"living_street","nume":"Strada Ion Creangă","m":124.0},"geometry":{"type":"MultiLineString","coordinates":[[[28.940673,46.981346],[28.940659,46.981419],[28.940529,46.981648],[28.940472,46.981769],[28.940437,46.981899],[28.940377,46.981971],[28.940254,46.982041],[28.940115,46.982113],[28.939835,46.982234]]]}},{"type":"Feature","properties":{"tip":"living_street","nume":"Strada Iuri Gagarin","m":275.0},"geometry":{"type":"MultiLineString","coordinates":[[[28.939835,46.982234],[28.939908,46.982321],[28.93999,46.982423],[28.940194,46.982653],[28.940521,46.983014],[28.940675,46.983119],[28.940726,46.98317],[28.941001,46.983515],[28.941179,46.983699],[28.941461,46.98399],[28.941614,46.984182],[28.941642,46.984246],[28.941625,46.984296],[28.941609,46.984345]]]}},{"type":"Feature","properties":{"tip":"footway","nume":null,"m":7.0},"geometry":{"type":"MultiLineString","coordinates":[[[28.946672,46.984671],[28.946684,46.98464],[28.946695,46.984611]]]}},{"type":"Feature","properties":{"tip":"service","nume":null,"m":27.0},"geometry":{"type":"MultiLineString","coordinates":[[[28.946099,46.986593],[28.946365,46.986497],[28.946397,46.986472]]]}},{"type":"Feature","properties":{"tip":"service","nume":null,"m":6.0},"geometry":{"type":"MultiLineString","coordinates":[[[28.946484,46.986406],[28.946503,46.98639],[28.946537,46.986362]]]}},{"type":"Feature","properties":{"tip":"service","nume":null,"m":10.0},"geometry":{"type":"MultiLineString","coordinates":[[[28.946397,46.986472],[28.946484,46.986406]]]}},{"type":"Feature","properties":{"tip":"path","nume":null,"m":69.0},"geometry":{"type":"MultiLineString","coordinates":[[[28.946503,46.98639],[28.946608,46.986373],[28.947016,46.986278],[28.947364,46.986196]]]}},{"type":"Feature","properties":{"tip":"service","nume":null,"m":79.0},"geometry":{"type":"MultiLineString","coordinates":[[[28.946206,46.986645],[28.94614,46.986779],[28.946104,46.986876],[28.946108,46.986913],[28.94627,46.987108],[28.946281,46.987156],[28.94626,46.987203],[28.946165,46.987292]]]}},{"type":"Feature","properties":{"tip":"service","nume":"Strada Iuri Gagarin","m":47.0},"geometry":{"type":"MultiLineString","coordinates":[[[28.943137,46.986758],[28.943412,46.986715],[28.943543,46.986708],[28.943695,46.986708],[28.94375,46.986719]]]}},{"type":"Feature","properties":{"tip":"service","nume":null,"m":14.0},"geometry":{"type":"MultiLineString","coordinates":[[[28.945154,46.986817],[28.945172,46.986883],[28.945216,46.986938]]]}},{"type":"Feature","properties":{"tip":"service","nume":null,"m":7.0},"geometry":{"type":"MultiLineString","coordinates":[[[28.946108,46.986913],[28.946042,46.986959]]]}},{"type":"Feature","properties":{"tip":"service","nume":null,"m":35.0},"geometry":{"type":"MultiLineString","coordinates":[[[28.947794,46.987394],[28.947678,46.987485],[28.947537,46.987538],[28.947418,46.987561]]]}},{"type":"Feature","properties":{"tip":"service","nume":null,"m":8.0},"geometry":{"type":"MultiLineString","coordinates":[[[28.947304,46.987583],[28.947199,46.987603]]]}},{"type":"Feature","properties":{"tip":"service","nume":null,"m":9.0},"geometry":{"type":"MultiLineString","coordinates":[[[28.947418,46.987561],[28.947304,46.987583]]]}},{"type":"Feature","properties":{"tip":"service","nume":null,"m":38.0},"geometry":{"type":"MultiLineString","coordinates":[[[28.947537,46.987538],[28.947639,46.987568],[28.947965,46.987705]]]}},{"type":"Feature","properties":{"tip":"service","nume":null,"m":39.0},"geometry":{"type":"MultiLineString","coordinates":[[[28.950415,46.988976],[28.950489,46.989088],[28.950492,46.989128],[28.95046,46.989317]]]}},{"type":"Feature","properties":{"tip":"living_street","nume":"Strada Școlii","m":246.0},"geometry":{"type":"MultiLineString","coordinates":[[[28.948964,46.988791],[28.949,46.988867],[28.949105,46.989055],[28.949278,46.989272],[28.949638,46.989643],[28.949656,46.989675],[28.949726,46.989797],[28.94977,46.989975],[28.949764,46.990245],[28.949759,46.990551],[28.949671,46.990865]]]}},{"type":"Feature","properties":{"tip":"service","nume":"Strada 27 August 1989","m":69.0},"geometry":{"type":"MultiLineString","coordinates":[[[28.947897,46.988896],[28.947992,46.988904],[28.948042,46.98891],[28.948102,46.988902],[28.948578,46.988783],[28.948638,46.988763],[28.94874,46.988712]]]}},{"type":"Feature","properties":{"tip":"service","nume":null,"m":26.0},"geometry":{"type":"MultiLineString","coordinates":[[[28.948026,46.990639],[28.948068,46.990693],[28.948063,46.990869]]]}},{"type":"Feature","properties":{"tip":"service","nume":null,"m":50.0},"geometry":{"type":"MultiLineString","coordinates":[[[28.949005,46.989662],[28.94926,46.989677],[28.949301,46.989694],[28.949567,46.989694],[28.949656,46.989675]]]}},{"type":"Feature","properties":{"tip":"service","nume":null,"m":22.0},"geometry":{"type":"MultiLineString","coordinates":[[[28.949105,46.989055],[28.948842,46.989129]]]}},{"type":"Feature","properties":{"tip":"service","nume":null,"m":42.0},"geometry":{"type":"MultiLineString","coordinates":[[[28.933818,46.980866],[28.933874,46.980864],[28.933891,46.980863],[28.933996,46.98086],[28.934028,46.980868],[28.93404,46.980898],[28.934041,46.981097]]]}},{"type":"Feature","properties":{"tip":"footway","nume":null,"m":6.0},"geometry":{"type":"MultiLineString","coordinates":[[[28.935957,46.981728],[28.935875,46.98173]]]}},{"type":"Feature","properties":{"tip":"service","nume":null,"m":26.0},"geometry":{"type":"MultiLineString","coordinates":[[[28.934266,46.983926],[28.934271,46.983891],[28.934277,46.983857],[28.934303,46.983689]]]}},{"type":"Feature","properties":{"tip":"footway","nume":null,"m":7.0},"geometry":{"type":"MultiLineString","coordinates":[[[28.938721,46.984244],[28.938725,46.984212],[28.938727,46.984185]]]}},{"type":"Feature","properties":{"tip":"living_street","nume":"Strada Alexandr Pușkin","m":343.0},"geometry":{"type":"MultiLineString","coordinates":[[[28.936303,46.986872],[28.936327,46.986838],[28.936431,46.986711],[28.936572,46.986558],[28.936711,46.986407],[28.936873,46.986228],[28.937115,46.985936],[28.93726,46.985773],[28.937424,46.985583],[28.937901,46.985017],[28.938137,46.984733],[28.938373,46.984473],[28.938445,46.984375],[28.938486,46.984307],[28.938523,46.984231],[28.938539,46.984201]]]}},{"type":"Feature","properties":{"tip":"service","nume":null,"m":60.0},"geometry":{"type":"MultiLineString","coordinates":[[[28.93834,46.983896],[28.938502,46.983959],[28.938535,46.983965],[28.93856,46.983964],[28.939093,46.983903]]]}},{"type":"Feature","properties":{"tip":"footway","nume":null,"m":36.0},"geometry":{"type":"MultiLineString","coordinates":[[[28.938727,46.984185],[28.938761,46.984187],[28.939195,46.984206]]]}},{"type":"Feature","properties":{"tip":"footway","nume":null,"m":42.0},"geometry":{"type":"MultiLineString","coordinates":[[[28.938727,46.984185],[28.938513,46.984179],[28.938498,46.984174],[28.938493,46.984163],[28.938498,46.984058],[28.938502,46.983959]]]}},{"type":"Feature","properties":{"tip":"footway","nume":null,"m":1.0},"geometry":{"type":"MultiLineString","coordinates":[[[28.938498,46.984058],[28.938516,46.984058]]]}},{"type":"Feature","properties":{"tip":"footway","nume":null,"m":5.0},"geometry":{"type":"MultiLineString","coordinates":[[[28.938761,46.984146],[28.938761,46.984187]]]}},{"type":"Feature","properties":{"tip":"service","nume":null,"m":14.0},"geometry":{"type":"MultiLineString","coordinates":[[[28.939197,46.98424],[28.939195,46.984206],[28.939194,46.9842],[28.939189,46.984115]]]}},{"type":"Feature","properties":{"tip":"service","nume":null,"m":51.0},"geometry":{"type":"MultiLineString","coordinates":[[[28.938331,46.983943],[28.937975,46.98393],[28.937908,46.983915],[28.937897,46.983899],[28.937898,46.983887],[28.937908,46.983752]]]}},{"type":"Feature","properties":{"tip":"footway","nume":null,"m":10.0},"geometry":{"type":"MultiLineString","coordinates":[[[28.937615,46.984086],[28.937609,46.984146],[28.937606,46.984179]]]}},{"type":"Feature","properties":{"tip":"service","nume":"Strada Mihail Frunze","m":40.0},"geometry":{"type":"MultiLineString","coordinates":[[[28.937209,46.981629],[28.937716,46.981716]]]}},{"type":"Feature","properties":{"tip":"service","nume":"Strada Serghei Lazo","m":22.0},"geometry":{"type":"MultiLineString","coordinates":[[[28.937849,46.983334],[28.937742,46.983263],[28.937676,46.983235],[28.937612,46.98322]]]}},{"type":"Feature","properties":{"tip":"service","nume":null,"m":34.0},"geometry":{"type":"MultiLineString","coordinates":[[[28.94067,46.988605],[28.941047,46.988767]]]}},{"type":"Feature","properties":{"tip":"service","nume":null,"m":35.0},"geometry":{"type":"MultiLineString","coordinates":[[[28.941047,46.988767],[28.941292,46.988879],[28.941292,46.988899],[28.941235,46.988984]]]}},{"type":"Feature","properties":{"tip":"service","nume":null,"m":79.0},"geometry":{"type":"MultiLineString","coordinates":[[[28.941115,46.989828],[28.941682,46.99005],[28.942013,46.990184]]]}},{"type":"Feature","properties":{"tip":"service","nume":null,"m":59.0},"geometry":{"type":"MultiLineString","coordinates":[[[28.948071,46.990176],[28.94884,46.990183]]]}},{"type":"Feature","properties":{"tip":"service","nume":null,"m":18.0},"geometry":{"type":"MultiLineString","coordinates":[[[28.945013,46.983862],[28.944995,46.983846],[28.944874,46.98373]]]}},{"type":"Feature","properties":{"tip":"service","nume":null,"m":95.0},"geometry":{"type":"MultiLineString","coordinates":[[[28.949222,46.981768],[28.949233,46.981816],[28.949374,46.982615]]]}},{"type":"Feature","properties":{"tip":"service","nume":null,"m":49.0},"geometry":{"type":"MultiLineString","coordinates":[[[28.946298,46.977012],[28.946203,46.97691],[28.945923,46.976653]]]}},{"type":"Feature","properties":{"tip":"service","nume":null,"m":40.0},"geometry":{"type":"MultiLineString","coordinates":[[[28.939362,46.979797],[28.939304,46.979734],[28.939119,46.979544],[28.939068,46.979502]]]}},{"type":"Feature","properties":{"tip":"service","nume":null,"m":54.0},"geometry":{"type":"MultiLineString","coordinates":[[[28.939135,46.980014],[28.939074,46.98003],[28.938972,46.980037],[28.938904,46.980003],[28.938749,46.979844],[28.938619,46.979762]]]}},{"type":"Feature","properties":{"tip":"service","nume":null,"m":32.0},"geometry":{"type":"MultiLineString","coordinates":[[[28.947349,46.97664],[28.947368,46.976349]]]}},{"type":"Feature","properties":{"tip":"service","nume":"Strada Morilor","m":79.0},"geometry":{"type":"MultiLineString","coordinates":[[[28.948344,46.976682],[28.948356,46.976788],[28.94836,46.976831],[28.94836,46.977051],[28.948475,46.977317],[28.948491,46.97738]]]}},{"type":"Feature","properties":{"tip":"service","nume":null,"m":11.0},"geometry":{"type":"MultiLineString","coordinates":[[[28.94476,46.977935],[28.944909,46.977948]]]}},{"type":"Feature","properties":{"tip":"service","nume":null,"m":24.0},"geometry":{"type":"MultiLineString","coordinates":[[[28.945152,46.978369],[28.945463,46.978345]]]}},{"type":"Feature","properties":{"tip":"service","nume":"Strada Sfânta Maria","m":52.0},"geometry":{"type":"MultiLineString","coordinates":[[[28.942853,46.985054],[28.942945,46.985121],[28.943064,46.98521],[28.943141,46.985274],[28.943299,46.985403]]]}},{"type":"Feature","properties":{"tip":"service","nume":null,"m":18.0},"geometry":{"type":"MultiLineString","coordinates":[[[28.943141,46.985274],[28.943122,46.98537],[28.943116,46.985438]]]}},{"type":"Feature","properties":{"tip":"footway","nume":null,"m":15.0},"geometry":{"type":"MultiLineString","coordinates":[[[28.942488,46.985486],[28.942543,46.985469],[28.942668,46.985429]]]}},{"type":"Feature","properties":{"tip":"service","nume":"Strada 27 August 1989","m":48.0},"geometry":{"type":"MultiLineString","coordinates":[[[28.94457,46.98509],[28.944185,46.985254],[28.944022,46.9853]]]}},{"type":"Feature","properties":{"tip":"service","nume":"Strada Voluntarilor","m":30.0},"geometry":{"type":"MultiLineString","coordinates":[[[28.944903,46.988653],[28.944836,46.988388]]]}},{"type":"Feature","properties":{"tip":"service","nume":"Strada Iuri Gagarin","m":55.0},"geometry":{"type":"MultiLineString","coordinates":[[[28.943247,46.988889],[28.943951,46.988786]]]}},{"type":"Feature","properties":{"tip":"service","nume":"Strada Mihai Eminescu","m":42.0},"geometry":{"type":"MultiLineString","coordinates":[[[28.943685,46.990252],[28.943693,46.990215],[28.943705,46.99016],[28.943711,46.989996],[28.943687,46.989879]]]}},{"type":"Feature","properties":{"tip":"service","nume":null,"m":21.0},"geometry":{"type":"MultiLineString","coordinates":[[[28.942385,46.989694],[28.942588,46.989572]]]}},{"type":"Feature","properties":{"tip":"service","nume":null,"m":19.0},"geometry":{"type":"MultiLineString","coordinates":[[[28.94178,46.989291],[28.941915,46.98915]]]}},{"type":"Feature","properties":{"tip":"service","nume":null,"m":26.0},"geometry":{"type":"MultiLineString","coordinates":[[[28.938742,46.987678],[28.938577,46.987847],[28.93855,46.987875]]]}},{"type":"Feature","properties":{"tip":"service","nume":null,"m":21.0},"geometry":{"type":"MultiLineString","coordinates":[[[28.935821,46.986398],[28.935693,46.986526],[28.935665,46.986555]]]}},{"type":"Feature","properties":{"tip":"service","nume":null,"m":17.0},"geometry":{"type":"MultiLineString","coordinates":[[[28.931771,46.984749],[28.931784,46.984726],[28.931852,46.984604]]]}},{"type":"Feature","properties":{"tip":"footway","nume":null,"m":347.0},"geometry":{"type":"MultiLineString","coordinates":[[[28.931001,46.984439],[28.931065,46.984393],[28.931126,46.984397],[28.93117,46.98441],[28.931195,46.984431],[28.93122,46.984475],[28.931265,46.984571],[28.931368,46.98479],[28.931414,46.984888],[28.931569,46.985225],[28.931923,46.985973],[28.931959,46.986049],[28.932143,46.986443],[28.932167,46.986494],[28.932496,46.987248]]]}},{"type":"Feature","properties":{"tip":"service","nume":null,"m":15.0},"geometry":{"type":"MultiLineString","coordinates":[[[28.933694,46.99323],[28.933536,46.993306]]]}},{"type":"Feature","properties":{"tip":"footway","nume":null,"m":7.0},"geometry":{"type":"MultiLineString","coordinates":[[[28.934154,46.992779],[28.934069,46.992793]]]}},{"type":"Feature","properties":{"tip":"footway","nume":null,"m":21.0},"geometry":{"type":"MultiLineString","coordinates":[[[28.933442,46.993032],[28.93322,46.993145]]]}},{"type":"Feature","properties":{"tip":"footway","nume":null,"m":4.0},"geometry":{"type":"MultiLineString","coordinates":[[[28.933695,46.993107],[28.933659,46.993077]]]}},{"type":"Feature","properties":{"tip":"footway","nume":null,"m":4.0},"geometry":{"type":"MultiLineString","coordinates":[[[28.933933,46.992986],[28.933903,46.992959]]]}},{"type":"Feature","properties":{"tip":"living_street","nume":"Strada Busuiocului","m":201.0},"geometry":{"type":"MultiLineString","coordinates":[[[28.933004,46.994926],[28.933967,46.995335],[28.935016,46.995804],[28.935108,46.99583],[28.935196,46.995834],[28.935261,46.995838]]]}},{"type":"Feature","properties":{"tip":"service","nume":null,"m":95.0},"geometry":{"type":"MultiLineString","coordinates":[[[28.93597,46.993122],[28.935989,46.993401],[28.935992,46.993452],[28.935966,46.993571],[28.935876,46.993763],[28.935875,46.993786],[28.935903,46.99381],[28.936114,46.993855]]]}},{"type":"Feature","properties":{"tip":"service","nume":null,"m":72.0},"geometry":{"type":"MultiLineString","coordinates":[[[28.935989,46.993401],[28.935775,46.993365],[28.93557,46.993331],[28.935542,46.993341],[28.935531,46.993363],[28.935453,46.993669]]]}},{"type":"Feature","properties":{"tip":"service","nume":null,"m":41.0},"geometry":{"type":"MultiLineString","coordinates":[[[28.935775,46.993365],[28.935678,46.993726]]]}},{"type":"Feature","properties":{"tip":"service","nume":null,"m":54.0},"geometry":{"type":"MultiLineString","coordinates":[[[28.935003,46.994253],[28.935048,46.99425],[28.935068,46.994248],[28.935124,46.994235],[28.935209,46.993995],[28.935264,46.993842]]]}},{"type":"Feature","properties":{"tip":"footway","nume":null,"m":47.0},"geometry":{"type":"MultiLineString","coordinates":[[[28.935124,46.994235],[28.935201,46.994225],[28.935238,46.994187],[28.935295,46.994009],[28.935339,46.993875]]]}},{"type":"Feature","properties":{"tip":"footway","nume":null,"m":11.0},"geometry":{"type":"MultiLineString","coordinates":[[[28.935209,46.993995],[28.935295,46.994009],[28.935356,46.99402]]]}},{"type":"Feature","properties":{"tip":"residential","nume":"Strada Grigore Vieru","m":49.0},"geometry":{"type":"MultiLineString","coordinates":[[[28.933167,46.998442],[28.933201,46.998447],[28.933232,46.998459],[28.933254,46.998477],[28.933266,46.9985],[28.933267,46.998522],[28.933257,46.998543],[28.933239,46.998561],[28.933214,46.998574],[28.933183,46.998581],[28.933151,46.998582],[28.933121,46.998576],[28.933094,46.998563],[28.933073,46.998544],[28.933063,46.998521],[28.933064,46.998497],[28.933078,46.998475],[28.933101,46.998457],[28.933132,46.998446],[28.933167,46.998442]]]}},{"type":"Feature","properties":{"tip":"residential","nume":"Strada Grigore Vieru","m":90.0},"geometry":{"type":"MultiLineString","coordinates":[[[28.932167,46.999634],[28.932599,46.999174],[28.932634,46.999133],[28.932781,46.998938]]]}},{"type":"Feature","properties":{"tip":"residential","nume":"Strada Grigore Vieru","m":16.0},"geometry":{"type":"MultiLineString","coordinates":[[[28.933129,46.998302],[28.933141,46.998374],[28.933167,46.998442]]]}},{"type":"Feature","properties":{"tip":"residential","nume":"Strada Grigore Vieru","m":20.0},"geometry":{"type":"MultiLineString","coordinates":[[[28.933078,46.998475],[28.933078,46.998419],[28.933091,46.998363],[28.933129,46.998302]]]}},{"type":"Feature","properties":{"tip":"residential","nume":"Strada Grigore Vieru","m":15.0},"geometry":{"type":"MultiLineString","coordinates":[[[28.933001,46.998646],[28.933063,46.998521]]]}},{"type":"Feature","properties":{"tip":"residential","nume":"Strada Grigore Vieru","m":14.0},"geometry":{"type":"MultiLineString","coordinates":[[[28.933151,46.998582],[28.933001,46.998646]]]}},{"type":"Feature","properties":{"tip":"living_street","nume":"Strada Grigore Vieru","m":19.0},"geometry":{"type":"MultiLineString","coordinates":[[[28.933487,46.998573],[28.933239,46.998561]]]}},{"type":"Feature","properties":{"tip":"living_street","nume":"Strada Grigore Vieru","m":21.0},"geometry":{"type":"MultiLineString","coordinates":[[[28.933254,46.998477],[28.933487,46.998573]]]}},{"type":"Feature","properties":{"tip":"footway","nume":null,"m":529.0},"geometry":{"type":"MultiLineString","coordinates":[[[28.934741,46.99904],[28.933926,46.9987],[28.933611,46.998569],[28.933183,46.998388],[28.93317,46.998371],[28.93317,46.99835],[28.933203,46.998293],[28.933376,46.998056],[28.934926,46.996357],[28.935039,46.996232],[28.935119,46.996213],[28.935167,46.996145],[28.935221,46.99607],[28.935226,46.996018],[28.935236,46.996004],[28.935247,46.995987],[28.93529,46.995973],[28.936195,46.996182]]]}},{"type":"Feature","properties":{"tip":"footway","nume":null,"m":8.0},"geometry":{"type":"MultiLineString","coordinates":[[[28.935236,46.996004],[28.935181,46.995985],[28.93514,46.99597]]]}},{"type":"Feature","properties":{"tip":"footway","nume":null,"m":404.0},"geometry":{"type":"MultiLineString","coordinates":[[[28.93514,46.99597],[28.934816,46.996349],[28.934786,46.996374],[28.934739,46.996424],[28.934715,46.99645],[28.934717,46.996464],[28.934702,46.996483],[28.934502,46.996697],[28.934257,46.996966],[28.933801,46.997465],[28.933783,46.997469],[28.933768,46.997468],[28.933749,46.997487],[28.933723,46.997513],[28.933726,46.997525],[28.933721,46.997541],[28.933312,46.997978],[28.933288,46.997987],[28.933258,46.998021],[28.933241,46.99804],[28.933244,46.998051],[28.933244,46.998067],[28.933165,46.998168],[28.933097,46.998252],[28.93306,46.998299],[28.933036,46.998346],[28.933024,46.998407],[28.933016,46.998448],[28.933007,46.998516],[28.932966,46.998608],[28.932852,46.998759],[28.932561,46.999104]]]}},{"type":"Feature","properties":{"tip":"footway","nume":null,"m":9.0},"geometry":{"type":"MultiLineString","coordinates":[[[28.933203,46.998293],[28.933149,46.998272],[28.933097,46.998252]]]}},{"type":"Feature","properties":{"tip":"footway","nume":null,"m":76.0},"geometry":{"type":"MultiLineString","coordinates":[[[28.932821,46.998956],[28.932952,46.998795],[28.933049,46.998677],[28.933118,46.998637],[28.933214,46.998605],[28.933323,46.998598],[28.933433,46.998613],[28.933529,46.998652]]]}},{"type":"Feature","properties":{"tip":"footway","nume":null,"m":11.0},"geometry":{"type":"MultiLineString","coordinates":[[[28.933529,46.998652],[28.93357,46.99861],[28.933611,46.998569]]]}},{"type":"Feature","properties":{"tip":"footway","nume":null,"m":9.0},"geometry":{"type":"MultiLineString","coordinates":[[[28.932952,46.998795],[28.932902,46.998777],[28.932852,46.998759]]]}},{"type":"Feature","properties":{"tip":"service","nume":null,"m":25.0},"geometry":{"type":"MultiLineString","coordinates":[[[28.933808,46.998398],[28.934095,46.998512]]]}},{"type":"Feature","properties":{"tip":"footway","nume":null,"m":451.0},"geometry":{"type":"MultiLineString","coordinates":[[[28.93514,46.99597],[28.935182,46.995904],[28.935196,46.995834],[28.935207,46.995781],[28.935207,46.995527],[28.935207,46.995418],[28.935234,46.995344],[28.935215,46.995278],[28.935201,46.995272],[28.935155,46.995278],[28.935146,46.995239],[28.935141,46.995213],[28.935154,46.995211],[28.935164,46.9952],[28.935049,46.994665],[28.935039,46.994628],[28.934653,46.993092],[28.934634,46.993085],[28.934615,46.993084],[28.934604,46.993031],[28.93456,46.992824],[28.934481,46.992442],[28.934375,46.992036]]]}},{"type":"Feature","properties":{"tip":"footway","nume":null,"m":9.0},"geometry":{"type":"MultiLineString","coordinates":[[[28.934176,46.990747],[28.934111,46.990755],[28.934053,46.990762]]]}},{"type":"Feature","properties":{"tip":"footway","nume":null,"m":10.0},"geometry":{"type":"MultiLineString","coordinates":[[[28.934053,46.990762],[28.93404,46.990709],[28.934032,46.990677]]]}},{"type":"Feature","properties":{"tip":"footway","nume":null,"m":85.0},"geometry":{"type":"MultiLineString","coordinates":[[[28.930553,46.984988],[28.930625,46.985012],[28.930538,46.985123],[28.930427,46.985264],[28.930291,46.985437],[28.930182,46.985576],[28.930143,46.985559],[28.930116,46.985526]]]}},{"type":"Feature","properties":{"tip":"footway","nume":null,"m":7.0},"geometry":{"type":"MultiLineString","coordinates":[[[28.930212,46.985407],[28.930291,46.985437]]]}},{"type":"Feature","properties":{"tip":"footway","nume":null,"m":7.0},"geometry":{"type":"MultiLineString","coordinates":[[[28.930351,46.985237],[28.930427,46.985264]]]}},{"type":"Feature","properties":{"tip":"footway","nume":null,"m":6.0},"geometry":{"type":"MultiLineString","coordinates":[[[28.930466,46.985095],[28.930538,46.985123]]]}},{"type":"Feature","properties":{"tip":"footway","nume":null,"m":8.0},"geometry":{"type":"MultiLineString","coordinates":[[[28.935566,46.98655],[28.935598,46.986522],[28.935629,46.986494]]]}},{"type":"Feature","properties":{"tip":"footway","nume":null,"m":6.0},"geometry":{"type":"MultiLineString","coordinates":[[[28.941661,46.989242],[28.941683,46.989222],[28.941706,46.989202]]]}},{"type":"Feature","properties":{"tip":"footway","nume":null,"m":7.0},"geometry":{"type":"MultiLineString","coordinates":[[[28.944657,46.990446],[28.944638,46.99048],[28.944626,46.990501]]]}},{"type":"Feature","properties":{"tip":"residential","nume":"Strada Grigore Vieru","m":33.0},"geometry":{"type":"MultiLineString","coordinates":[[[28.931082,46.984275],[28.931218,46.9844],[28.931262,46.984456],[28.931309,46.984527]]]}},{"type":"Feature","properties":{"tip":"service","nume":null,"m":17.0},"geometry":{"type":"MultiLineString","coordinates":[[[28.944743,46.992826],[28.94479,46.992781],[28.944813,46.99274],[28.944819,46.992687]]]}},{"type":"Feature","properties":{"tip":"service","nume":null,"m":40.0},"geometry":{"type":"MultiLineString","coordinates":[[[28.940131,46.996358],[28.940077,46.996443],[28.940066,46.996493],[28.940108,46.996528],[28.940213,46.996568],[28.94033,46.996608]]]}},{"type":"Feature","properties":{"tip":"service","nume":null,"m":128.0},"geometry":{"type":"MultiLineString","coordinates":[[[28.939663,46.996211],[28.939656,46.996278],[28.939167,46.997306]]]}},{"type":"Feature","properties":{"tip":"living_street","nume":"Strada Lemnarilor","m":101.0},"geometry":{"type":"MultiLineString","coordinates":[[[28.938372,46.99756],[28.938696,46.997175],[28.938752,46.997086],[28.938839,46.996924],[28.938879,46.996803],[28.938848,46.996735]]]}},{"type":"Feature","properties":{"tip":"residential","nume":"Strada Grigore Vieru","m":36.0},"geometry":{"type":"MultiLineString","coordinates":[[[28.932781,46.998938],[28.932902,46.998777],[28.933001,46.998646]]]}},{"type":"Feature","properties":{"tip":"living_street","nume":null,"m":73.0},"geometry":{"type":"MultiLineString","coordinates":[[[28.93415,46.994687],[28.935039,46.994628],[28.935099,46.994625]]]}},{"type":"Feature","properties":{"tip":"residential","nume":"Strada Mănăstirea Humorului","m":265.0},"geometry":{"type":"MultiLineString","coordinates":[[[28.933004,46.994926],[28.933021,46.994867],[28.933049,46.994759],[28.933112,46.994518],[28.933273,46.993935],[28.933341,46.993812],[28.933416,46.993707],[28.933536,46.993572],[28.933674,46.993465],[28.93369,46.993456],[28.933885,46.99335],[28.934409,46.993103],[28.934532,46.993052],[28.934604,46.993031],[28.934682,46.993007]]]}},{"type":"Feature","properties":{"tip":"living_street","nume":"Strada Doina și Ion Aldea-Teodorovici","m":221.0},"geometry":{"type":"MultiLineString","coordinates":[[[28.942028,46.99509],[28.941776,46.997069]]]}},{"type":"Feature","properties":{"tip":"living_street","nume":"Strada Dacilor","m":143.0},"geometry":{"type":"MultiLineString","coordinates":[[[28.946537,46.978274],[28.946515,46.978032],[28.946491,46.977826],[28.946389,46.977121],[28.946352,46.97706],[28.946298,46.977012]]]}},{"type":"Feature","properties":{"tip":"footway","nume":null,"m":79.0},"geometry":{"type":"MultiLineString","coordinates":[[[28.946537,46.978274],[28.947568,46.97823]]]}},{"type":"Feature","properties":{"tip":"service","nume":null,"m":68.0},"geometry":{"type":"MultiLineString","coordinates":[[[28.941209,46.956032],[28.940748,46.955907],[28.940539,46.955834],[28.94039,46.955796]]]}},{"type":"Feature","properties":{"tip":"service","nume":null,"m":98.0},"geometry":{"type":"MultiLineString","coordinates":[[[28.938908,46.960373],[28.938647,46.960246],[28.938022,46.959963],[28.937845,46.959873]]]}},{"type":"Feature","properties":{"tip":"service","nume":null,"m":80.0},"geometry":{"type":"MultiLineString","coordinates":[[[28.943646,46.949609],[28.943877,46.949709],[28.944071,46.949848],[28.944216,46.949914],[28.944468,46.950052]]]}},{"type":"Feature","properties":{"tip":"footway","nume":null,"m":728.0},"geometry":{"type":"MultiLineString","coordinates":[[[28.929485,46.96876],[28.929726,46.968486],[28.930138,46.968053],[28.930562,46.967641],[28.930766,46.967441],[28.931178,46.967086],[28.931706,46.966664],[28.931844,46.966553],[28.932056,46.966378],[28.932222,46.96624],[28.933489,46.965257],[28.935027,46.964094],[28.935243,46.963935],[28.935322,46.963884],[28.935571,46.963723]]]}},{"type":"Feature","properties":{"tip":"footway","nume":null,"m":7.0},"geometry":{"type":"MultiLineString","coordinates":[[[28.932056,46.966378],[28.932098,46.966403],[28.932129,46.966421]]]}},{"type":"Feature","properties":{"tip":"footway","nume":null,"m":7.0},"geometry":{"type":"MultiLineString","coordinates":[[[28.931785,46.966698],[28.931751,46.966683],[28.931706,46.966664]]]}},{"type":"Feature","properties":{"tip":"footway","nume":null,"m":7.0},"geometry":{"type":"MultiLineString","coordinates":[[[28.938996,46.960116],[28.939038,46.960127],[28.939085,46.96014]]]}},{"type":"Feature","properties":{"tip":"footway","nume":null,"m":8.0},"geometry":{"type":"MultiLineString","coordinates":[[[28.93866,46.96094],[28.938608,46.960927],[28.93856,46.960915]]]}},{"type":"Feature","properties":{"tip":"footway","nume":null,"m":8.0},"geometry":{"type":"MultiLineString","coordinates":[[[28.940165,46.957985],[28.94023,46.958005],[28.94026,46.958013]]]}},{"type":"Feature","properties":{"tip":"service","nume":null,"m":33.0},"geometry":{"type":"MultiLineString","coordinates":[[[28.95041,46.943743],[28.950453,46.943761],[28.950473,46.943812],[28.950461,46.94385],[28.950432,46.943889],[28.950267,46.94395]]]}},{"type":"Feature","properties":{"tip":"service","nume":null,"m":28.0},"geometry":{"type":"MultiLineString","coordinates":[[[28.948442,46.945688],[28.948448,46.945942]]]}},{"type":"Feature","properties":{"tip":"service","nume":null,"m":27.0},"geometry":{"type":"MultiLineString","coordinates":[[[28.949242,46.946447],[28.949211,46.946388],[28.94901,46.946267]]]}},{"type":"Feature","properties":{"tip":"footway","nume":null,"m":9.0},"geometry":{"type":"MultiLineString","coordinates":[[[28.945667,46.948741],[28.945609,46.948715],[28.945568,46.948698]]]}},{"type":"Feature","properties":{"tip":"service","nume":null,"m":45.0},"geometry":{"type":"MultiLineString","coordinates":[[[28.945824,46.948477],[28.945265,46.948339]]]}},{"type":"Feature","properties":{"tip":"footway","nume":null,"m":68.0},"geometry":{"type":"MultiLineString","coordinates":[[[28.94023,46.957866],[28.940165,46.957985],[28.93992,46.958441]]]}},{"type":"Feature","properties":{"tip":"footway","nume":null,"m":7.0},"geometry":{"type":"MultiLineString","coordinates":[[[28.935401,46.963921],[28.935352,46.963898],[28.935322,46.963884]]]}},{"type":"Feature","properties":{"tip":"service","nume":null,"m":34.0},"geometry":{"type":"MultiLineString","coordinates":[[[28.926257,46.968044],[28.926216,46.968013],[28.926111,46.967954],[28.926055,46.96795],[28.926025,46.967965],[28.925911,46.968044]]]}},{"type":"Feature","properties":{"tip":"track","nume":null,"m":699.0},"geometry":{"type":"MultiLineString","coordinates":[[[28.970524,46.983829],[28.967784,46.984645],[28.967631,46.984667],[28.967517,46.984667],[28.965261,46.984157],[28.961887,46.983387]]]}},{"type":"Feature","properties":{"tip":"track","nume":null,"m":912.0},"geometry":{"type":"MultiLineString","coordinates":[[[28.969362,46.987401],[28.970264,46.984565],[28.970524,46.983829],[28.970784,46.983013],[28.971976,46.979397]]]}},{"type":"Feature","properties":{"tip":"track","nume":null,"m":2106.0},"geometry":{"type":"MultiLineString","coordinates":[[[28.964189,46.992092],[28.963754,46.991658],[28.963712,46.991389],[28.963747,46.991243],[28.963964,46.990962],[28.964324,46.990595],[28.964722,46.990073],[28.964982,46.989877],[28.96537,46.989584],[28.96642,46.988779],[28.966918,46.988397],[28.967506,46.987932],[28.968015,46.987767],[28.969362,46.987401],[28.970299,46.987147],[28.973299,46.986361],[28.976839,46.985434],[28.977218,46.985289],[28.9778,46.984977],[28.979914,46.983765],[28.980537,46.983482],[28.981534,46.983106],[28.982438,46.982702],[28.984012,46.981898],[28.984864,46.981657],[28.985161,46.981556]]]}},{"type":"Feature","properties":{"tip":"track","nume":null,"m":269.0},"geometry":{"type":"MultiLineString","coordinates":[[[28.970524,46.983829],[28.973058,46.983173],[28.973091,46.983138],[28.973215,46.982619]]]}},{"type":"Feature","properties":{"tip":"track","nume":null,"m":342.0},"geometry":{"type":"MultiLineString","coordinates":[[[28.973299,46.986361],[28.973306,46.986147],[28.973622,46.985216],[28.973833,46.984879],[28.974011,46.984641],[28.974217,46.984119],[28.974236,46.983935],[28.974419,46.983404]]]}},{"type":"Feature","properties":{"tip":"track","nume":null,"m":920.0},"geometry":{"type":"MultiLineString","coordinates":[[[28.965564,46.993727],[28.965466,46.993745],[28.964799,46.993727],[28.964499,46.993742],[28.964185,46.99382],[28.96395,46.993913],[28.96337,46.994254],[28.962767,46.994567],[28.962028,46.995019],[28.96182,46.995167],[28.961669,46.995273],[28.961316,46.995523],[28.960451,46.996226],[28.960322,46.996606],[28.960095,46.996919],[28.959815,46.997129],[28.959689,46.99717],[28.959625,46.997175],[28.957973,46.996573],[28.957946,46.996542],[28.957931,46.996405],[28.958056,46.995996],[28.958033,46.995771],[28.957969,46.995653],[28.958124,46.995267]]]}},{"type":"Feature","properties":{"tip":"track","nume":null,"m":490.0},"geometry":{"type":"MultiLineString","coordinates":[[[28.96182,46.995167],[28.958223,46.99412],[28.95585,46.993506]]]}},{"type":"Feature","properties":{"tip":"track","nume":null,"m":504.0},"geometry":{"type":"MultiLineString","coordinates":[[[28.955539,46.994554],[28.955876,46.994598],[28.9564,46.994755],[28.958124,46.995267],[28.958647,46.995376],[28.959345,46.995464],[28.959602,46.995461],[28.95978,46.995425],[28.959921,46.995317],[28.960031,46.995205],[28.960171,46.995133],[28.960368,46.995097],[28.960576,46.995128],[28.960918,46.995234],[28.961225,46.995275],[28.961669,46.995273]]]}},{"type":"Feature","properties":{"tip":"track","nume":null,"m":594.0},"geometry":{"type":"MultiLineString","coordinates":[[[28.953244,46.99971],[28.953424,46.999758],[28.953534,46.999745],[28.953652,46.999634],[28.954137,46.999137],[28.954709,46.99869],[28.957059,46.996754],[28.957449,46.996069],[28.957684,46.995823],[28.957813,46.995717],[28.957969,46.995653]]]}},{"type":"Feature","properties":{"tip":"track","nume":null,"m":94.0},"geometry":{"type":"MultiLineString","coordinates":[[[28.955102,47.000353],[28.955202,47.000194],[28.955202,46.999957],[28.955308,46.999734],[28.955463,46.999566]]]}},{"type":"Feature","properties":{"tip":"track","nume":null,"m":253.0},"geometry":{"type":"MultiLineString","coordinates":[[[28.95845,47.000879],[28.958343,47.000768],[28.958201,47.000724],[28.957995,47.00068],[28.957857,47.000618],[28.957836,47.000563],[28.957857,47.000129],[28.957775,46.9999],[28.957603,46.999774],[28.957324,46.999545],[28.957203,46.999302],[28.957169,46.999246],[28.957075,46.999255],[28.956958,46.999325],[28.956829,46.999325]]]}},{"type":"Feature","properties":{"tip":"track","nume":null,"m":865.0},"geometry":{"type":"MultiLineString","coordinates":[[[28.977232,46.992613],[28.97798,46.992237],[28.9783,46.992096],[28.978474,46.99204],[28.978701,46.991999],[28.978972,46.99196],[28.979117,46.991972],[28.979506,46.992037],[28.979685,46.992041],[28.980031,46.991999],[28.980228,46.991964],[28.980593,46.991845],[28.981008,46.991774],[28.982287,46.991535],[28.983676,46.99127],[28.984001,46.991232],[28.98419,46.991242],[28.9847,46.991378],[28.984941,46.991396],[28.985228,46.991378],[28.985474,46.991321],[28.985628,46.991246],[28.985924,46.990971],[28.986539,46.990498],[28.98671,46.990251],[28.987225,46.990038]]]}},{"type":"Feature","properties":{"tip":"track","nume":null,"m":702.0},"geometry":{"type":"MultiLineString","coordinates":[[[28.957666,46.986765],[28.96642,46.988779]]]}},{"type":"Feature","properties":{"tip":"track","nume":null,"m":555.0},"geometry":{"type":"MultiLineString","coordinates":[[[28.958073,46.988283],[28.964982,46.989877]]]}},{"type":"Feature","properties":{"tip":"track","nume":null,"m":477.0},"geometry":{"type":"MultiLineString","coordinates":[[[28.957732,46.990092],[28.963712,46.991389]]]}},{"type":"Feature","properties":{"tip":"track","nume":null,"m":630.0},"geometry":{"type":"MultiLineString","coordinates":[[[28.956623,46.991728],[28.964066,46.99359],[28.964134,46.993668],[28.964185,46.99382]]]}},{"type":"Feature","properties":{"tip":"track","nume":null,"m":185.0},"geometry":{"type":"MultiLineString","coordinates":[[[28.966241,46.996622],[28.966527,46.996605],[28.966716,46.996658],[28.966953,46.996844],[28.966965,46.996963],[28.966732,46.99732],[28.966635,46.997638],[28.966635,46.997704],[28.966734,46.997868]]]}},{"type":"Feature","properties":{"tip":"track","nume":null,"m":61.0},"geometry":{"type":"MultiLineString","coordinates":[[[28.955102,47.000353],[28.95466,47.000443],[28.954458,47.000502],[28.954376,47.000564]]]}},{"type":"Feature","properties":{"tip":"track","nume":null,"m":507.0},"geometry":{"type":"MultiLineString","coordinates":[[[28.953576,47.000257],[28.953662,47.00033],[28.953716,47.000405],[28.953751,47.000531],[28.953921,47.000982],[28.954106,47.001182],[28.954262,47.001488],[28.9546,47.001865],[28.954742,47.001996],[28.954802,47.002149],[28.954859,47.002219],[28.954923,47.002245],[28.955626,47.002301],[28.956037,47.002308],[28.956481,47.002214],[28.956701,47.002122],[28.956921,47.002047],[28.957539,47.001626],[28.957805,47.001575],[28.957977,47.001562]]]}},{"type":"Feature","properties":{"tip":"track","nume":null,"m":9.0},"geometry":{"type":"MultiLineString","coordinates":[[[28.944091,47.007952],[28.944195,47.007988]]]}},{"type":"Feature","properties":{"tip":"path","nume":null,"m":4.0},"geometry":{"type":"MultiLineString","coordinates":[[[28.940517,47.009498],[28.940548,47.009528]]]}},{"type":"Feature","properties":{"tip":"path","nume":null,"m":6.0},"geometry":{"type":"MultiLineString","coordinates":[[[28.940475,47.009458],[28.940517,47.009498]]]}},{"type":"Feature","properties":{"tip":"path","nume":null,"m":6.0},"geometry":{"type":"MultiLineString","coordinates":[[[28.942351,47.008633],[28.942343,47.008685]]]}},{"type":"Feature","properties":{"tip":"path","nume":null,"m":6.0},"geometry":{"type":"MultiLineString","coordinates":[[[28.942358,47.00858],[28.942351,47.008633]]]}},{"type":"Feature","properties":{"tip":"service","nume":"Strada Chișinău","m":62.0},"geometry":{"type":"MultiLineString","coordinates":[[[28.971722,46.996927],[28.97179,46.99698],[28.972434,46.997189]]]}},{"type":"Feature","properties":{"tip":"service","nume":null,"m":38.0},"geometry":{"type":"MultiLineString","coordinates":[[[28.971165,46.997212],[28.971101,46.9973],[28.970885,46.997497]]]}},{"type":"Feature","properties":{"tip":"construction","nume":null,"m":149.0},"geometry":{"type":"MultiLineString","coordinates":[[[28.969974,46.998694],[28.97136,46.997752]]]}},{"type":"Feature","properties":{"tip":"living_street","nume":null,"m":51.0},"geometry":{"type":"MultiLineString","coordinates":[[[28.971621,47.000518],[28.970977,47.000661]]]}},{"type":"Feature","properties":{"tip":"service","nume":null,"m":31.0},"geometry":{"type":"MultiLineString","coordinates":[[[28.973911,47.000074],[28.974179,47.00028]]]}},{"type":"Feature","properties":{"tip":"living_street","nume":"Strada Nicolae Iorga","m":160.0},"geometry":{"type":"MultiLineString","coordinates":[[[28.976006,46.999497],[28.975911,46.999484],[28.975818,46.999465],[28.975444,46.999371],[28.97408,46.999093],[28.973989,46.999076]]]}},{"type":"Feature","properties":{"tip":"path","nume":null,"m":140.0},"geometry":{"type":"MultiLineString","coordinates":[[[28.97743,46.996668],[28.978632,46.996738],[28.978972,46.996774],[28.979252,46.996813]]]}},{"type":"Feature","properties":{"tip":"path","nume":null,"m":44.0},"geometry":{"type":"MultiLineString","coordinates":[[[28.976152,46.999886],[28.976105,46.999491]]]}},{"type":"Feature","properties":{"tip":"tertiary","nume":"Drum de acces spre satul Humulești","m":187.0},"geometry":{"type":"MultiLineString","coordinates":[[[28.967991,46.997662],[28.968505,46.997494],[28.968836,46.997404],[28.969808,46.997166],[28.970071,46.997102],[28.970195,46.997084],[28.970288,46.997088]]]}},{"type":"Feature","properties":{"tip":"tertiary","nume":"Drum de acces spre satul Humulești","m":994.0},"geometry":{"type":"MultiLineString","coordinates":[[[28.957169,47.002232],[28.958048,47.001615],[28.959085,47.000814],[28.959696,47.000432],[28.960138,47.000205],[28.961407,46.999786],[28.961977,46.99957],[28.962863,46.999231],[28.963584,46.998938],[28.96415,46.998726],[28.964527,46.998644],[28.964897,46.998583],[28.965029,46.998556],[28.965192,46.998463],[28.965365,46.998334],[28.965618,46.99814],[28.965788,46.998052],[28.966046,46.997947],[28.966314,46.997885],[28.966586,46.997857],[28.966734,46.997868],[28.966841,46.997876],[28.967089,46.997897],[28.967267,46.99788],[28.967558,46.997808],[28.967991,46.997662]]]}},{"type":"Feature","properties":{"tip":"track","nume":null,"m":142.0},"geometry":{"type":"MultiLineString","coordinates":[[[28.977593,46.993211],[28.976423,46.993562],[28.976257,46.993639],[28.975941,46.993795]]]}},{"type":"Feature","properties":{"tip":"service","nume":null,"m":24.0},"geometry":{"type":"MultiLineString","coordinates":[[[28.981628,46.993689],[28.981553,46.993564],[28.981506,46.993489]]]}},{"type":"Feature","properties":{"tip":"track","nume":null,"m":101.0},"geometry":{"type":"MultiLineString","coordinates":[[[28.994671,46.98737],[28.994324,46.987479],[28.994114,46.987575],[28.993969,46.987591],[28.993882,46.987565],[28.993815,46.987502],[28.993703,46.987282]]]}},{"type":"Feature","properties":{"tip":"track","nume":null,"m":614.0},"geometry":{"type":"MultiLineString","coordinates":[[[28.965508,47.004736],[28.966551,47.0032],[28.966818,47.002677],[28.967173,47.001924],[28.967233,47.001638],[28.967635,47.000977],[28.967783,47.00061],[28.968003,47.000313],[28.968211,46.999992],[28.968346,46.999874],[28.968696,46.999756]]]}},{"type":"Feature","properties":{"tip":"path","nume":null,"m":327.0},"geometry":{"type":"MultiLineString","coordinates":[[[28.957169,46.999246],[28.957311,46.998279],[28.957409,46.997737],[28.957354,46.997518],[28.957621,46.996908],[28.957692,46.996622],[28.957931,46.996405]]]}},{"type":"Feature","properties":{"tip":"path","nume":null,"m":145.0},"geometry":{"type":"MultiLineString","coordinates":[[[28.959689,46.99717],[28.959604,46.997332],[28.959255,46.997547],[28.958749,46.997692],[28.958503,46.998093]]]}},{"type":"Feature","properties":{"tip":"residential","nume":"Strada Decebal","m":19.0},"geometry":{"type":"MultiLineString","coordinates":[[[28.942979,46.995006],[28.94294,46.995175]]]}},{"type":"Feature","properties":{"tip":"residential","nume":"Strada Decebal","m":258.0},"geometry":{"type":"MultiLineString","coordinates":[[[28.94294,46.995175],[28.942852,46.995899],[28.942665,46.997491]]]}},{"type":"Feature","properties":{"tip":"service","nume":null,"m":40.0},"geometry":{"type":"MultiLineString","coordinates":[[[28.94731,46.985108],[28.946833,46.98526]]]}},{"type":"Feature","properties":{"tip":"service","nume":null,"m":51.0},"geometry":{"type":"MultiLineString","coordinates":[[[28.947802,46.985348],[28.947212,46.985572]]]}}]}