{"type":"FeatureCollection","xy_coordinate_resolution":1e-06,"features":[{"type":"Feature","properties":{"tip":"industrial","nume":"Centrala Termică de Est","ha":8.18},"geometry":{"type":"MultiPolygon","coordinates":[[[[28.913605,46.971492],[28.914603,46.970301],[28.914607,46.970299],[28.914649,46.970296],[28.914955,46.970416],[28.915496,46.96975],[28.91562,46.969599],[28.915741,46.969645],[28.916172,46.969805],[28.916294,46.969861],[28.916641,46.969986],[28.91707,46.970231],[28.917809,46.970652],[28.917584,46.970927],[28.917564,46.970952],[28.91755,46.97097],[28.917409,46.971141],[28.916956,46.971697],[28.916572,46.972166],[28.916296,46.972503],[28.916244,46.972567],[28.916227,46.972588],[28.916208,46.972611],[28.91618,46.972645],[28.915108,46.973955],[28.914999,46.974093],[28.914797,46.974343],[28.914223,46.974123],[28.914369,46.973957],[28.914249,46.973861],[28.914995,46.97294],[28.914204,46.972631],[28.914042,46.972552],[28.913959,46.972475],[28.913909,46.972361],[28.913595,46.971639],[28.913605,46.971492]]]]}},{"type":"Feature","properties":{"tip":"railway","nume":"Coridorul Feroviar Chișinău","ha":0.22},"geometry":{"type":"MultiPolygon","coordinates":[[[[28.914649,46.970296],[28.914607,46.970299],[28.914946,46.970162],[28.915508,46.969552],[28.915981,46.969028],[28.915871,46.969202],[28.915847,46.969241],[28.91562,46.969599],[28.915496,46.96975],[28.914955,46.970416],[28.914649,46.970296]]],[[[28.913183,46.972245],[28.912332,46.975243],[28.912728,46.973818],[28.913169,46.972233],[28.913603,46.971492],[28.914603,46.970301],[28.914603,46.970301],[28.913605,46.971492],[28.913595,46.971639],[28.913495,46.971684],[28.913183,46.972245]]]]}},{"type":"Feature","properties":{"tip":"allotments","nume":null,"ha":1.33},"geometry":{"type":"MultiPolygon","coordinates":[[[[28.943716,46.97133],[28.943644,46.971471],[28.942962,46.972892],[28.942728,46.972803],[28.942838,46.97254],[28.942947,46.972259],[28.943002,46.972037],[28.943084,46.972003],[28.943147,46.97177],[28.943201,46.971572],[28.943263,46.971411],[28.943323,46.971258],[28.943376,46.971121],[28.943431,46.970981],[28.943489,46.970833],[28.94355,46.970678],[28.943685,46.970332],[28.943695,46.970279],[28.943234,46.970245],[28.942842,46.970216],[28.942492,46.97019],[28.942467,46.970262],[28.942394,46.970256],[28.942382,46.969866],[28.94417,46.969985],[28.943842,46.971345],[28.943716,46.97133]]]]}},{"type":"Feature","properties":{"tip":"allotments","nume":"IP \"Izvoraș\"","ha":10.56},"geometry":{"type":"MultiPolygon","coordinates":[[[[28.943842,46.971345],[28.94417,46.969985],[28.94466,46.967897],[28.944982,46.96788],[28.947505,46.970479],[28.947505,46.970539],[28.947498,46.970567],[28.947447,46.970752],[28.947245,46.970725],[28.947219,46.97082],[28.947186,46.970958],[28.947143,46.971104],[28.947107,46.971248],[28.947066,46.971403],[28.947027,46.971551],[28.946987,46.971705],[28.946955,46.971846],[28.946705,46.971966],[28.946332,46.972096],[28.945914,46.972275],[28.945878,46.9723],[28.945461,46.972483],[28.945284,46.972575],[28.945087,46.97267],[28.944745,46.972811],[28.944405,46.972961],[28.944324,46.97295],[28.94416,46.973245],[28.944117,46.973376],[28.944087,46.973386],[28.943759,46.973262],[28.943506,46.973166],[28.943486,46.973138],[28.943423,46.973067],[28.942962,46.972892],[28.943716,46.97133],[28.943842,46.971345]]]]}},{"type":"Feature","properties":{"tip":"allotments","nume":"IP \"Cireșar-95\"","ha":23.85},"geometry":{"type":"MultiPolygon","coordinates":[[[[28.948539,46.958656],[28.949156,46.958662],[28.94725,46.964196],[28.947296,46.964256],[28.947351,46.964329],[28.944776,46.963643],[28.942727,46.96321],[28.942692,46.963272],[28.942526,46.96322],[28.942626,46.963031],[28.943405,46.960049],[28.943388,46.959701],[28.942544,46.959159],[28.942386,46.959057],[28.941273,46.958286],[28.941324,46.958112],[28.94161,46.958166],[28.941575,46.958218],[28.941909,46.958272],[28.94198,46.958069],[28.943715,46.958378],[28.943744,46.958294],[28.947695,46.959005],[28.947827,46.958872],[28.948442,46.958719],[28.948539,46.958656]]]]}},{"type":"Feature","properties":{"tip":"forest","nume":null,"ha":1.21},"geometry":{"type":"MultiPolygon","coordinates":[[[[28.957313,46.969481],[28.957384,46.969308],[28.958206,46.96946],[28.960158,46.969479],[28.960237,46.969506],[28.960303,46.969757],[28.961793,46.970007],[28.961809,46.970095],[28.961774,46.970298],[28.96162,46.970318],[28.961357,46.970301],[28.960895,46.970232],[28.95928,46.969988],[28.958765,46.969896],[28.958423,46.96978],[28.958191,46.969737],[28.957733,46.969695],[28.957476,46.969675],[28.957341,46.969617],[28.957297,46.969564],[28.957313,46.969481]],[[28.959916,46.969611],[28.958671,46.969537],[28.958602,46.969571],[28.95857,46.969631],[28.958549,46.969693],[28.95857,46.969754],[28.958616,46.969785],[28.959788,46.969978],[28.959848,46.969968],[28.95994,46.969723],[28.959946,46.96966],[28.959916,46.969611]]]]}},{"type":"Feature","properties":{"tip":"farmland","nume":null,"ha":10.77},"geometry":{"type":"MultiPolygon","coordinates":[[[[28.949959,46.977681],[28.94862,46.977744],[28.94858,46.97757],[28.948574,46.977541],[28.948499,46.977289],[28.948423,46.976991],[28.948433,46.976829],[28.951185,46.977068],[28.951493,46.979305],[28.951501,46.979346],[28.951512,46.979425],[28.951545,46.979647],[28.951551,46.979692],[28.951564,46.979781],[28.951584,46.979914],[28.951607,46.980047],[28.95163,46.980179],[28.95164,46.980241],[28.951651,46.980302],[28.95166,46.980355],[28.95167,46.980434],[28.951678,46.980548],[28.95169,46.980726],[28.951694,46.980771],[28.951697,46.980816],[28.951699,46.980855],[28.951708,46.980905],[28.951726,46.981013],[28.951742,46.981109],[28.951748,46.981146],[28.95177,46.981279],[28.951787,46.981457],[28.951794,46.981529],[28.951802,46.981614],[28.94946,46.981714],[28.949271,46.981717],[28.94909,46.981656],[28.948983,46.981555],[28.948901,46.981411],[28.948846,46.98133],[28.94884,46.981218],[28.948832,46.981038],[28.948829,46.980985],[28.948825,46.980894],[28.948821,46.98081],[28.948818,46.980741],[28.948814,46.980625],[28.948812,46.980563],[28.948809,46.980493],[28.948806,46.980415],[28.95032,46.980346],[28.950304,46.98023],[28.948801,46.980305],[28.948799,46.980234],[28.94877,46.980044],[28.948752,46.979926],[28.948741,46.979856],[28.948729,46.979777],[28.948721,46.979722],[28.948716,46.979659],[28.948712,46.979596],[28.948701,46.979445],[28.948692,46.979325],[28.948691,46.979245],[28.948689,46.979164],[28.948687,46.979099],[28.948685,46.979009],[28.948684,46.978943],[28.948674,46.978752],[28.948671,46.978685],[28.948665,46.978559],[28.948677,46.978515],[28.948658,46.978136],[28.948655,46.978068],[28.948653,46.978028],[28.948645,46.977851],[28.949985,46.97784],[28.949959,46.977681]],[[28.949213,46.97712],[28.949237,46.977236],[28.949756,46.977231],[28.949762,46.977119],[28.949213,46.97712]]]]}},{"type":"Feature","properties":{"tip":"farmland","nume":null,"ha":18.46},"geometry":{"type":"MultiPolygon","coordinates":[[[[28.976743,46.985385],[28.97533,46.98574],[28.977183,46.9802],[28.984893,46.981613],[28.983994,46.981863],[28.98242,46.982668],[28.981485,46.983079],[28.980639,46.983398],[28.979896,46.983731],[28.977444,46.985123],[28.977226,46.985123],[28.976811,46.985262],[28.976743,46.985385]],[[28.977652,46.984645],[28.97826,46.983026],[28.977532,46.982887],[28.976956,46.984517],[28.977652,46.984645]]]]}},{"type":"Feature","properties":{"tip":"cemetery","nume":"Cimitirul Vechi Bubuieci","ha":1.56},"geometry":{"type":"MultiPolygon","coordinates":[[[[28.942121,46.985498],[28.942359,46.985444],[28.942405,46.985471],[28.94242,46.985501],[28.942432,46.985526],[28.942836,46.986397],[28.943161,46.986955],[28.943191,46.987006],[28.942419,46.987114],[28.94239,46.98712],[28.942317,46.987135],[28.941989,46.987102],[28.94157,46.987081],[28.94153,46.986882],[28.941492,46.98669],[28.941445,46.986417],[28.941432,46.986342],[28.942121,46.985498]]]]}},{"type":"Feature","properties":{"tip":"cemetery","nume":"Cimitirul Nou Bubuieci","ha":2.22},"geometry":{"type":"MultiPolygon","coordinates":[[[[28.935815,47.000173],[28.935063,47.000775],[28.932331,46.999579],[28.932849,46.998969],[28.932879,46.998937],[28.932908,46.998901],[28.932937,46.998911],[28.933466,46.999143],[28.934732,46.999698],[28.934904,46.999774],[28.935815,47.000173]]]]}},{"type":"Feature","properties":{"tip":"industrial","nume":"Ferma avicolă „Floreni”","ha":0.0},"geometry":{"type":"MultiPolygon","coordinates":[[[[28.962612,46.9486],[28.96261,46.948599],[28.962611,46.9486],[28.962612,46.9486]]]]}},{"type":"Feature","properties":{"tip":"forest","nume":"Pădurea „Humulești”","ha":54.69},"geometry":{"type":"MultiPolygon","coordinates":[[[[28.957768,46.995787],[28.957859,46.995731],[28.957971,46.99574],[28.958012,46.995975],[28.957892,46.996413],[28.957933,46.99659],[28.959604,46.997203],[28.959647,46.997151],[28.960583,46.996022],[28.960084,46.995737],[28.959795,46.995457],[28.959744,46.995407],[28.960014,46.99517],[28.960192,46.995096],[28.96044,46.995072],[28.960826,46.995172],[28.960983,46.99496],[28.961026,46.994901],[28.961796,46.995129],[28.961896,46.995159],[28.962073,46.995024],[28.96285,46.994568],[28.963387,46.994277],[28.964023,46.993926],[28.965589,46.994095],[28.966335,46.994081],[28.967205,46.993918],[28.967404,46.9937],[28.967495,46.993686],[28.967647,46.993569],[28.967934,46.993495],[28.968075,46.993484],[28.971083,46.994477],[28.971856,46.995404],[28.971977,46.995588],[28.971959,46.995717],[28.971805,46.995949],[28.971491,46.996317],[28.971111,46.996658],[28.970848,46.996809],[28.970592,46.996925],[28.970358,46.997013],[28.970248,46.996997],[28.970137,46.996998],[28.970005,46.997018],[28.969515,46.99715],[28.969171,46.997256],[28.968472,46.997414],[28.968379,46.99745],[28.967308,46.997828],[28.967093,46.997852],[28.966559,46.997816],[28.966287,46.997835],[28.965952,46.997917],[28.965582,46.998079],[28.964546,46.99846],[28.964258,46.998565],[28.961786,46.999514],[28.960807,46.999857],[28.960363,46.999868],[28.958489,47.000813],[28.958162,47.000868],[28.956042,47.000456],[28.954998,47.000312],[28.954597,47.000415],[28.954204,47.000244],[28.953963,47.000572],[28.953404,46.999918],[28.953559,46.999764],[28.954188,46.99914],[28.954745,46.998702],[28.957093,46.996788],[28.957514,46.996075],[28.957768,46.995787]]]]}},{"type":"Feature","properties":{"tip":"quarry","nume":"Carieră de argilă","ha":6.64},"geometry":{"type":"MultiPolygon","coordinates":[[[[28.971163,46.994445],[28.971083,46.994477],[28.968075,46.993484],[28.967989,46.993437],[28.969746,46.992952],[28.970518,46.992661],[28.970993,46.992462],[28.971778,46.992013],[28.973671,46.992047],[28.973895,46.992063],[28.974161,46.992153],[28.974283,46.992303],[28.974311,46.992487],[28.974163,46.992629],[28.973796,46.992911],[28.973532,46.992783],[28.973511,46.992807],[28.972924,46.993488],[28.972316,46.993986],[28.971163,46.994445]]]]}},{"type":"Feature","properties":{"tip":"cemetery","nume":"Cimitirul Humulești","ha":0.36},"geometry":{"type":"MultiPolygon","coordinates":[[[[28.977977,46.997309],[28.978588,46.997482],[28.978257,46.998099],[28.977665,46.997918],[28.977977,46.997309]]]]}},{"type":"Feature","properties":{"tip":"forest","nume":"Pădurea „La Iaz”","ha":0.39},"geometry":{"type":"MultiPolygon","coordinates":[[[[28.969632,46.99934],[28.969638,46.999342],[28.969623,46.999349],[28.969632,46.99934]]],[[[28.969779,47.000345],[28.969545,47.000695],[28.969668,47.000511],[28.969779,47.000345]]],[[[28.968174,47.000898],[28.96819,47.000881],[28.968165,47.000932],[28.968174,47.000898]]],[[[28.969514,47.000787],[28.969515,47.00089],[28.969586,47.001152],[28.969515,47.000891],[28.969514,47.000787]]],[[[28.965086,47.005492],[28.965269,47.00527],[28.965791,47.004742],[28.967093,47.00364],[28.967605,47.002984],[28.967858,47.002058],[28.967824,47.002336],[28.967675,47.002971],[28.96738,47.003443],[28.967216,47.003659],[28.96617,47.004599],[28.965504,47.005238],[28.965149,47.005509],[28.965086,47.005492]]]]}},{"type":"Feature","properties":{"tip":"forest","nume":"Pădurea „Bubuieci”","ha":78.37},"geometry":{"type":"MultiPolygon","coordinates":[[[[28.98097,46.987347],[28.980374,46.987574],[28.981297,46.989027],[28.982098,46.989444],[28.982266,46.989675],[28.982907,46.989576],[28.983387,46.989679],[28.985008,46.989396],[28.984441,46.988404],[28.984098,46.988475],[28.983805,46.988111],[28.985046,46.987735],[28.986663,46.990222],[28.986533,46.990438],[28.985584,46.991227],[28.985401,46.991304],[28.985085,46.991357],[28.984803,46.991355],[28.984735,46.991354],[28.984256,46.991212],[28.984047,46.99118],[28.983183,46.991344],[28.981499,46.991654],[28.980518,46.991821],[28.979961,46.991983],[28.979507,46.99201],[28.979019,46.991921],[28.978783,46.991942],[28.978419,46.992032],[28.978164,46.992122],[28.977966,46.992218],[28.977061,46.991364],[28.976367,46.991913],[28.976297,46.991969],[28.975855,46.99196],[28.975099,46.992066],[28.974849,46.992015],[28.972844,46.991633],[28.972414,46.991608],[28.972191,46.991665],[28.971778,46.992013],[28.970993,46.992462],[28.970518,46.992661],[28.970634,46.992391],[28.970281,46.991966],[28.970169,46.991889],[28.969983,46.99182],[28.969804,46.991826],[28.969076,46.992048],[28.968434,46.992252],[28.96773,46.992476],[28.967603,46.992371],[28.967431,46.99221],[28.967094,46.991889],[28.966955,46.99165],[28.966939,46.991533],[28.966852,46.991355],[28.966723,46.991245],[28.96619,46.991407],[28.965277,46.991699],[28.965301,46.991731],[28.965084,46.99181],[28.964211,46.992074],[28.963806,46.991655],[28.96376,46.991404],[28.96379,46.991255],[28.964023,46.990962],[28.964329,46.990647],[28.964755,46.990101],[28.9666,46.988745],[28.966554,46.988808],[28.966528,46.988879],[28.96655,46.988934],[28.966634,46.98898],[28.966833,46.988974],[28.967095,46.988879],[28.967466,46.988682],[28.967859,46.988503],[28.968318,46.988347],[28.968712,46.988239],[28.969117,46.988107],[28.969398,46.987999],[28.969484,46.987945],[28.969615,46.987846],[28.969669,46.987813],[28.969748,46.987784],[28.969793,46.987774],[28.969826,46.987767],[28.969916,46.987789],[28.970023,46.987809],[28.970152,46.987813],[28.970423,46.987792],[28.970538,46.987775],[28.970772,46.987708],[28.971034,46.987624],[28.971266,46.987568],[28.971364,46.987556],[28.971424,46.987566],[28.971512,46.987612],[28.971657,46.987707],[28.971948,46.987964],[28.972093,46.988017],[28.972205,46.988022],[28.972302,46.988012],[28.972398,46.987988],[28.972644,46.987908],[28.972754,46.987876],[28.972846,46.987865],[28.97307,46.987858],[28.973311,46.987859],[28.973422,46.987854],[28.9735,46.987849],[28.973795,46.987803],[28.974361,46.987727],[28.97458,46.987685],[28.974704,46.987649],[28.974787,46.987628],[28.974854,46.987621],[28.974908,46.987626],[28.974957,46.987643],[28.975054,46.987705],[28.975496,46.988053],[28.975697,46.988193],[28.975873,46.988267],[28.976025,46.988318],[28.976163,46.988322],[28.976307,46.988305],[28.976476,46.988268],[28.978028,46.98784],[28.978835,46.987603],[28.979451,46.987409],[28.979717,46.987306],[28.979918,46.987209],[28.979989,46.987152],[28.980064,46.987068],[28.980119,46.986951],[28.980142,46.986849],[28.980123,46.986689],[28.980044,46.986492],[28.97978,46.986074],[28.979352,46.985407],[28.979349,46.985361],[28.979389,46.985299],[28.979821,46.984858],[28.979971,46.984715],[28.980146,46.984588],[28.980632,46.984273],[28.981027,46.984081],[28.981598,46.983848],[28.98246,46.983502],[28.983811,46.982982],[28.984052,46.982878],[28.984473,46.982728],[28.984892,46.982572],[28.985182,46.982439],[28.985573,46.982271],[28.985641,46.982232],[28.985674,46.98218],[28.985685,46.9821],[28.985661,46.981951],[28.98566,46.981836],[28.985636,46.98178],[28.985582,46.981728],[28.985453,46.981653],[28.985358,46.981618],[28.985276,46.981615],[28.986013,46.981418],[28.986173,46.981664],[28.986468,46.982067],[28.986865,46.982616],[28.986938,46.982733],[28.986977,46.982859],[28.987088,46.983151],[28.987189,46.983361],[28.987308,46.983646],[28.987402,46.983777],[28.987542,46.983852],[28.985607,46.984729],[28.985519,46.985098],[28.985361,46.985415],[28.985049,46.985994],[28.983333,46.984733],[28.981435,46.985118],[28.981047,46.985274],[28.980988,46.985399],[28.981617,46.986521],[28.982046,46.986806],[28.982263,46.987443],[28.981875,46.987624],[28.981693,46.987596],[28.981311,46.987419],[28.98097,46.987347]]]]}},{"type":"Feature","properties":{"tip":"industrial","nume":"Stația de pompare a apei din satul Bubuieci","ha":1.16},"geometry":{"type":"MultiPolygon","coordinates":[[[[28.958752,46.966583],[28.959717,46.966796],[28.959771,46.967023],[28.959488,46.967663],[28.959421,46.967665],[28.959368,46.967667],[28.958986,46.967827],[28.95843,46.967737],[28.958283,46.967112],[28.958397,46.966818],[28.958752,46.966583]]]]}},{"type":"Feature","properties":{"tip":"garages","nume":"Cooperativa de Construcție a Garajelor","ha":1.74},"geometry":{"type":"MultiPolygon","coordinates":[[[[28.93674,46.975589],[28.93679,46.975568],[28.937744,46.975595],[28.937861,46.975598],[28.937875,46.975236],[28.93801,46.97524],[28.93857,46.975254],[28.938993,46.975265],[28.939011,46.975746],[28.9391,46.975743],[28.939117,46.975926],[28.939181,46.976494],[28.938378,46.976348],[28.937055,46.976104],[28.936764,46.976095],[28.936432,46.976073],[28.936458,46.976009],[28.936476,46.975964],[28.936519,46.975963],[28.936688,46.975927],[28.93674,46.975589]]]]}},{"type":"Feature","properties":{"tip":"industrial","nume":"Incubator","ha":1.63},"geometry":{"type":"MultiPolygon","coordinates":[[[[28.958981,46.968455],[28.959239,46.968455],[28.95964,46.968463],[28.960164,46.968467],[28.960158,46.969479],[28.958206,46.96946],[28.958305,46.968448],[28.958581,46.968443],[28.958658,46.968444],[28.958792,46.968452],[28.958833,46.968454],[28.958886,46.968454],[28.958981,46.968455]]]]}},{"type":"Feature","properties":{"tip":"farmland","nume":null,"ha":1.01},"geometry":{"type":"MultiPolygon","coordinates":[[[[28.958166,47.002287],[28.9585,47.002172],[28.958447,47.002199],[28.958392,47.002227],[28.958338,47.002255],[28.958098,47.002378],[28.957707,47.00262],[28.956955,47.003147],[28.95667,47.002974],[28.957138,47.002719],[28.957607,47.002527],[28.958166,47.002287]]],[[[28.95905,47.001912],[28.95955,47.001613],[28.959137,47.001873],[28.95905,47.001912]]],[[[28.959682,47.001529],[28.960204,47.001168],[28.959986,47.001338],[28.959682,47.001529]]],[[[28.96531,47.003396],[28.964257,47.005259],[28.964151,47.005229],[28.964394,47.004891],[28.96501,47.003652],[28.965209,47.003089],[28.96533,47.002747],[28.965382,47.002599],[28.965471,47.002344],[28.965507,47.001945],[28.965515,47.001857],[28.96555,47.001438],[28.965553,47.001404],[28.965629,47.000941],[28.965653,47.000796],[28.965742,47.000447],[28.965772,47.000327],[28.965592,47.000238],[28.965528,47.000206],[28.965354,47.00012],[28.965148,47.000152],[28.9646,47.000237],[28.964135,47.000309],[28.964009,47.000328],[28.963352,47.000427],[28.962575,47.000543],[28.962565,47.000545],[28.961643,47.000687],[28.961173,47.00076],[28.960869,47.000877],[28.960714,47.000894],[28.960274,47.001119],[28.960729,47.000804],[28.965497,47.000019],[28.965889,47.000314],[28.96531,47.003396]]]]}},{"type":"Feature","properties":{"tip":"farmland","nume":null,"ha":19.32},"geometry":{"type":"MultiPolygon","coordinates":[[[[28.966554,46.988808],[28.9666,46.988745],[28.967324,46.988198],[28.96748,46.988072],[28.967617,46.987982],[28.967797,46.9879],[28.968134,46.987787],[28.968793,46.987621],[28.969561,46.987432],[28.970808,46.987093],[28.975035,46.986004],[28.975924,46.985761],[28.976745,46.985547],[28.977197,46.985402],[28.977518,46.985305],[28.977697,46.985268],[28.977915,46.985253],[28.97829,46.985248],[28.978419,46.985233],[28.978528,46.985197],[28.978648,46.98514],[28.978857,46.985009],[28.979109,46.984852],[28.979297,46.984747],[28.979517,46.984646],[28.979672,46.984586],[28.979776,46.984532],[28.979857,46.984469],[28.979948,46.984353],[28.980103,46.984197],[28.980224,46.984098],[28.980421,46.983984],[28.980813,46.983797],[28.981907,46.983252],[28.983219,46.982626],[28.984054,46.982206],[28.984858,46.981795],[28.985166,46.981662],[28.985276,46.981615],[28.985358,46.981618],[28.985453,46.981653],[28.985582,46.981728],[28.985636,46.98178],[28.98566,46.981836],[28.985661,46.981951],[28.985685,46.9821],[28.985674,46.98218],[28.985641,46.982232],[28.985573,46.982271],[28.985182,46.982439],[28.984892,46.982572],[28.984473,46.982728],[28.984052,46.982878],[28.983811,46.982982],[28.98246,46.983502],[28.981598,46.983848],[28.981027,46.984081],[28.980632,46.984273],[28.980146,46.984588],[28.979971,46.984715],[28.979821,46.984858],[28.979389,46.985299],[28.979349,46.985361],[28.979352,46.985407],[28.97978,46.986074],[28.980044,46.986492],[28.980123,46.986689],[28.980142,46.986849],[28.980119,46.986951],[28.980064,46.987068],[28.979989,46.987152],[28.979918,46.987209],[28.979717,46.987306],[28.979451,46.987409],[28.978835,46.987603],[28.978028,46.98784],[28.976476,46.988268],[28.976307,46.988305],[28.976163,46.988322],[28.976025,46.988318],[28.975873,46.988267],[28.975697,46.988193],[28.975496,46.988053],[28.975054,46.987705],[28.974957,46.987643],[28.974908,46.987626],[28.974854,46.987621],[28.974787,46.987628],[28.974704,46.987649],[28.97458,46.987685],[28.974361,46.987727],[28.973795,46.987803],[28.9735,46.987849],[28.973422,46.987854],[28.973311,46.987859],[28.97307,46.987858],[28.972846,46.987865],[28.972754,46.987876],[28.972644,46.987908],[28.972398,46.987988],[28.972302,46.988012],[28.972205,46.988022],[28.972093,46.988017],[28.971948,46.987964],[28.971657,46.987707],[28.971512,46.987612],[28.971424,46.987566],[28.971364,46.987556],[28.971335,46.987558],[28.971266,46.987568],[28.971034,46.987624],[28.970772,46.987708],[28.970538,46.987775],[28.970423,46.987792],[28.970152,46.987813],[28.970023,46.987809],[28.969916,46.987789],[28.969826,46.987767],[28.969793,46.987774],[28.969748,46.987784],[28.969669,46.987813],[28.969615,46.987846],[28.969484,46.987945],[28.969398,46.987999],[28.969117,46.988107],[28.968712,46.988239],[28.968318,46.988347],[28.967859,46.988503],[28.967466,46.988682],[28.967095,46.988879],[28.966833,46.988974],[28.966634,46.98898],[28.96655,46.988934],[28.966528,46.988879],[28.966554,46.988808]]]]}},{"type":"Feature","properties":{"tip":"farmland","nume":null,"ha":3.6},"geometry":{"type":"MultiPolygon","coordinates":[[[[28.969832,47.002158],[28.969749,47.002028],[28.970633,47.001823],[28.970965,47.001752],[28.971559,47.001625],[28.972103,47.001513],[28.972714,47.001388],[28.97283,47.00138],[28.972949,47.001393],[28.97329,47.001503],[28.97346,47.001456],[28.973961,47.001177],[28.974182,47.001104],[28.974459,47.001048],[28.975737,47.000788],[28.97558,47.001081],[28.975445,47.001413],[28.975371,47.001658],[28.974105,47.001898],[28.972214,47.002291],[28.970316,47.002679],[28.970087,47.002715],[28.970085,47.002619],[28.970065,47.002532],[28.970034,47.002458],[28.96998,47.002358],[28.969832,47.002158]]]]}},{"type":"Feature","properties":{"tip":"farmland","nume":null,"ha":44.88},"geometry":{"type":"MultiPolygon","coordinates":[[[[28.973467,47.0062],[28.973476,47.006172],[28.973478,47.006169],[28.973477,47.006168],[28.973495,47.00611],[28.973698,47.005672],[28.973926,47.00514],[28.974141,47.004647],[28.974353,47.004152],[28.974603,47.003638],[28.974827,47.003149],[28.974873,47.003028],[28.974948,47.002792],[28.974995,47.002658],[28.975147,47.002336],[28.975258,47.00208],[28.975389,47.001744],[28.975461,47.001471],[28.975569,47.001203],[28.975694,47.000975],[28.975804,47.000791],[28.975948,47.000594],[28.976161,47.000215],[28.976184,47.000111],[28.976185,46.99999],[28.976178,46.999911],[28.97617,46.999816],[28.976157,46.999673],[28.976162,46.999587],[28.976162,46.999495],[28.976637,46.999311],[28.977058,46.999099],[28.977258,46.998998],[28.97743,46.998929],[28.977641,46.998821],[28.9778,46.998739],[28.977897,46.998689],[28.978088,46.998537],[28.978217,46.998343],[28.978434,46.997941],[28.978562,46.997703],[28.978582,46.997665],[28.97898,46.997137],[28.978995,46.997117],[28.979012,46.997102],[28.97915,46.996981],[28.97938,46.99685],[28.979455,46.99679],[28.97952,46.996739],[28.979556,46.996711],[28.9797,46.996554],[28.98012,46.996126],[28.980406,46.995987],[28.980482,46.995967],[28.981535,46.995682],[28.981638,46.995643],[28.98178,46.995543],[28.981878,46.995443],[28.981966,46.995307],[28.981981,46.995067],[28.982028,46.99495],[28.982093,46.994906],[28.982165,46.994869],[28.982406,46.994741],[28.982431,46.994728],[28.982504,46.994689],[28.982616,46.994688],[28.982768,46.994698],[28.982926,46.994685],[28.982987,46.99466],[28.983031,46.994608],[28.983064,46.994516],[28.983098,46.99444],[28.983166,46.994369],[28.98321,46.994315],[28.983783,46.994011],[28.984234,46.994738],[28.984688,46.995474],[28.985083,46.996134],[28.985485,46.996812],[28.985822,46.997374],[28.986075,46.997822],[28.986124,46.997866],[28.986384,46.998011],[28.98623,46.998071],[28.986083,46.998169],[28.98576,46.998428],[28.985585,46.998547],[28.985465,46.998605],[28.98537,46.998624],[28.9853,46.998626],[28.985118,46.998607],[28.984937,46.998607],[28.984797,46.998644],[28.98468,46.998694],[28.984511,46.998803],[28.984386,46.998926],[28.984294,46.999054],[28.984206,46.999177],[28.984115,46.999255],[28.983581,46.999626],[28.983242,46.999831],[28.982689,47.000181],[28.982356,47.000417],[28.982206,47.000524],[28.981547,47.001024],[28.981387,47.001145],[28.980855,47.00155],[28.980424,47.001839],[28.980069,47.002078],[28.979498,47.002433],[28.978763,47.002843],[28.978192,47.003224],[28.977939,47.003384],[28.977624,47.003603],[28.97733,47.003752],[28.977201,47.003808],[28.976873,47.003948],[28.976345,47.004165],[28.976146,47.004268],[28.975829,47.004468],[28.975473,47.004723],[28.975099,47.005013],[28.974816,47.005252],[28.974494,47.00552],[28.974164,47.005759],[28.973869,47.005967],[28.973671,47.006072],[28.973467,47.0062]]]]}},{"type":"Feature","properties":{"tip":"farmland","nume":null,"ha":17.46},"geometry":{"type":"MultiPolygon","coordinates":[[[[28.973449,47.006128],[28.973449,47.006128],[28.973449,47.006128],[28.973438,47.006132],[28.969887,47.007428],[28.969333,47.007628],[28.969331,47.007629],[28.96933,47.007457],[28.969348,47.007103],[28.969395,47.006806],[28.969475,47.006344],[28.969498,47.006132],[28.96949,47.005948],[28.969467,47.005691],[28.969466,47.0055],[28.969468,47.005451],[28.969475,47.005332],[28.969531,47.005104],[28.969661,47.004737],[28.969738,47.004538],[28.96977,47.004429],[28.96979,47.004327],[28.969779,47.004257],[28.969756,47.00415],[28.969705,47.003952],[28.969672,47.003807],[28.969661,47.003736],[28.969657,47.003656],[28.969668,47.003568],[28.969696,47.003467],[28.969748,47.003335],[28.969854,47.003083],[28.969929,47.002925],[28.969969,47.00286],[28.970029,47.002809],[28.970722,47.002677],[28.971811,47.002443],[28.973043,47.002198],[28.974337,47.001938],[28.975353,47.001737],[28.975164,47.002204],[28.974949,47.002662],[28.974814,47.003077],[28.97461,47.003537],[28.974359,47.004052],[28.974148,47.00454],[28.973931,47.005032],[28.973705,47.005569],[28.973496,47.006034],[28.973449,47.006128]]]]}},{"type":"Feature","properties":{"tip":"farmland","nume":null,"ha":30.57},"geometry":{"type":"MultiPolygon","coordinates":[[[[28.997839,46.99277],[28.997843,46.992778],[28.997842,46.992778],[28.99611,46.993161],[28.995421,46.993308],[28.993306,46.993776],[28.985034,46.995607],[28.985005,46.995614],[28.984662,46.995107],[28.984296,46.994466],[28.984074,46.994046],[28.983705,46.993344],[28.983735,46.993306],[28.983839,46.993256],[28.984181,46.993189],[28.985734,46.992798],[28.988073,46.992204],[28.989021,46.991954],[28.989417,46.991809],[28.990488,46.991539],[28.993104,46.990912],[28.99525,46.990414],[28.996378,46.990139],[28.996386,46.990156],[28.996417,46.990149],[28.997435,46.992036],[28.997839,46.99277]]]]}},{"type":"Feature","properties":{"tip":"orchard","nume":null,"ha":0.06},"geometry":{"type":"MultiPolygon","coordinates":[[[[28.979803,47.002586],[28.979987,47.002464],[28.978677,47.003368],[28.978447,47.003532],[28.978811,47.003263],[28.979803,47.002586]]],[[[28.981425,47.001757],[28.98169,47.001622],[28.981665,47.001639],[28.981242,47.001864],[28.980605,47.002095],[28.980671,47.002063],[28.981014,47.001939],[28.981425,47.001757]]],[[[28.982331,47.001202],[28.982497,47.001115],[28.982246,47.00126],[28.982331,47.001202]]],[[[28.984277,46.999807],[28.984316,46.99977],[28.984026,47.000142],[28.983903,47.000324],[28.983753,47.00054],[28.98355,47.00071],[28.983206,47.000858],[28.982614,47.001057],[28.982742,47.001003],[28.983208,47.000847],[28.983362,47.000787],[28.983539,47.000691],[28.983661,47.00059],[28.983773,47.000473],[28.98395,47.000227],[28.984171,46.999937],[28.984277,46.999807]]],[[[28.984734,46.999457],[28.984982,46.999291],[28.984369,46.999719],[28.984407,46.999683],[28.984524,46.999582],[28.984734,46.999457]]],[[[28.985146,46.999178],[28.985345,46.999027],[28.985209,46.999149],[28.985146,46.999178]]],[[[28.98635,46.9981],[28.986406,46.998074],[28.986393,46.998084],[28.985847,46.998575],[28.985957,46.998465],[28.986234,46.998192],[28.986249,46.998177],[28.98635,46.9981]]]]}},{"type":"Feature","properties":{"tip":"farmland","nume":null,"ha":17.55},"geometry":{"type":"MultiPolygon","coordinates":[[[[28.986173,46.981664],[28.986013,46.981418],[28.98621,46.981354],[28.986657,46.981234],[28.987878,46.98089],[28.988931,46.980614],[28.989581,46.980451],[28.990292,46.980255],[28.990756,46.980129],[28.990937,46.980073],[28.993199,46.984167],[28.993146,46.984192],[28.993107,46.984315],[28.99302,46.984443],[28.992894,46.984554],[28.9927,46.98464],[28.992369,46.984754],[28.991928,46.984857],[28.991652,46.98489],[28.991413,46.984881],[28.991218,46.984825],[28.99101,46.984721],[28.990909,46.984679],[28.990672,46.984836],[28.990485,46.984955],[28.990293,46.98504],[28.990119,46.985086],[28.99001,46.985084],[28.989875,46.985033],[28.989776,46.984959],[28.989584,46.984673],[28.989291,46.984122],[28.988993,46.983617],[28.988909,46.983564],[28.988809,46.983568],[28.988526,46.983632],[28.988139,46.983746],[28.98779,46.98385],[28.987654,46.983872],[28.987542,46.983852],[28.987402,46.983777],[28.987308,46.983646],[28.987189,46.983361],[28.987088,46.983151],[28.986977,46.982859],[28.986938,46.982733],[28.986865,46.982616],[28.986468,46.982067],[28.986173,46.981664]]]]}},{"type":"Feature","properties":{"tip":"farmland","nume":null,"ha":3.97},"geometry":{"type":"MultiPolygon","coordinates":[[[[28.9771,46.993378],[28.977465,46.993296],[28.97753,46.993341],[28.977639,46.99349],[28.977839,46.993812],[28.977998,46.994088],[28.978103,46.994253],[28.978192,46.994397],[28.977995,46.994446],[28.977797,46.994512],[28.977568,46.994563],[28.9774,46.994585],[28.977165,46.994622],[28.97692,46.994694],[28.976463,46.994847],[28.976439,46.994858],[28.975886,46.995095],[28.974131,46.995779],[28.973837,46.995691],[28.973433,46.995191],[28.973583,46.995084],[28.974676,46.994605],[28.974955,46.994473],[28.975395,46.994225],[28.975676,46.994017],[28.975941,46.993831],[28.976262,46.993654],[28.976437,46.993577],[28.9771,46.993378]]]]}},{"type":"Feature","properties":{"tip":"landfill","nume":null,"ha":5.64},"geometry":{"type":"MultiPolygon","coordinates":[[[[28.926557,46.960331],[28.926109,46.960201],[28.925637,46.960293],[28.925487,46.960384],[28.925272,46.960648],[28.925165,46.960871],[28.924993,46.961043],[28.924806,46.961153],[28.924661,46.96123],[28.924511,46.961285],[28.924355,46.961267],[28.924269,46.961193],[28.925433,46.959806],[28.925534,46.9596],[28.925559,46.95948],[28.926827,46.959808],[28.926957,46.959776],[28.927102,46.95982],[28.927327,46.959802],[28.927627,46.95982],[28.927933,46.959769],[28.928234,46.959714],[28.928453,46.959722],[28.928834,46.959784],[28.929376,46.959908],[28.929811,46.959864],[28.930202,46.959831],[28.930465,46.959861],[28.930492,46.960044],[28.930513,46.96026],[28.930326,46.960516],[28.930208,46.960666],[28.930009,46.960882],[28.929918,46.961014],[28.92995,46.961135],[28.929956,46.961263],[28.929902,46.961377],[28.929762,46.96149],[28.929553,46.961567],[28.929462,46.961622],[28.929323,46.961717],[28.92914,46.96175],[28.928952,46.961732],[28.928802,46.961688],[28.928652,46.961611],[28.928448,46.961505],[28.928234,46.961508],[28.927987,46.961439],[28.927869,46.961322],[28.927804,46.961138],[28.92781,46.960974],[28.927617,46.96089],[28.927349,46.960901],[28.926941,46.960498],[28.926557,46.960331]]]]}},{"type":"Feature","properties":{"tip":"forest","nume":null,"ha":0.04},"geometry":{"type":"MultiPolygon","coordinates":[[[[28.993254,46.984275],[28.99326,46.984273],[28.99388,46.985299],[28.993809,46.985311],[28.993254,46.984275]]]]}},{"type":"Feature","properties":{"tip":"industrial","nume":null,"ha":2.43},"geometry":{"type":"MultiPolygon","coordinates":[[[[28.918556,46.970028],[28.918537,46.970041],[28.918502,46.970071],[28.918467,46.970073],[28.916822,46.969218],[28.916746,46.969179],[28.916605,46.969106],[28.917692,46.968139],[28.91853,46.968624],[28.918564,46.968594],[28.918681,46.968665],[28.919354,46.969074],[28.919407,46.969335],[28.918788,46.96994],[28.918763,46.969927],[28.91872,46.969902],[28.918702,46.969915],[28.918661,46.969948],[28.918627,46.969973],[28.918604,46.969987],[28.918556,46.970028]]]]}},{"type":"Feature","properties":{"tip":"allotments","nume":"IP \"Maloharuza\"","ha":7.29},"geometry":{"type":"MultiPolygon","coordinates":[[[[28.970634,46.992391],[28.970518,46.992661],[28.969746,46.992952],[28.967989,46.993437],[28.967356,46.993612],[28.965569,46.993769],[28.965525,46.993711],[28.964771,46.992727],[28.96415,46.992093],[28.964211,46.992074],[28.965084,46.99181],[28.965301,46.991731],[28.965277,46.991699],[28.96619,46.991407],[28.966723,46.991245],[28.966852,46.991355],[28.966939,46.991533],[28.966955,46.99165],[28.967094,46.991889],[28.967431,46.99221],[28.967603,46.992371],[28.96773,46.992476],[28.968434,46.992252],[28.969076,46.992048],[28.969804,46.991826],[28.969983,46.99182],[28.970169,46.991889],[28.970281,46.991966],[28.970634,46.992391]]]]}},{"type":"Feature","properties":{"tip":"allotments","nume":"IP \"Primăvara-97\"","ha":5.15},"geometry":{"type":"MultiPolygon","coordinates":[[[[28.947837,46.965411],[28.948063,46.964415],[28.949212,46.96454],[28.949269,46.964807],[28.949236,46.964908],[28.949221,46.964956],[28.948187,46.968149],[28.946158,46.967827],[28.946264,46.967162],[28.946427,46.966676],[28.947274,46.96612],[28.947714,46.965645],[28.947837,46.965411]]]]}},{"type":"Feature","properties":{"tip":"allotments","nume":"IP \"Ajutorul-95\"","ha":4.25},"geometry":{"type":"MultiPolygon","coordinates":[[[[28.95315,46.944861],[28.953184,46.944897],[28.953199,46.944915],[28.953197,46.944954],[28.95339,46.945139],[28.953499,46.945235],[28.953502,46.945239],[28.953537,46.945276],[28.953974,46.945642],[28.951921,46.947602],[28.951844,46.947571],[28.951805,46.947611],[28.949913,46.946763],[28.950389,46.946347],[28.950806,46.946088],[28.951231,46.945903],[28.951555,46.945809],[28.952044,46.945816],[28.951948,46.945544],[28.952149,46.945427],[28.952339,46.945296],[28.952634,46.945112],[28.952651,46.945124],[28.953113,46.94488],[28.95315,46.944861]]]]}},{"type":"Feature","properties":{"tip":"allotments","nume":"IP \"Optimistul Gliei\"","ha":4.22},"geometry":{"type":"MultiPolygon","coordinates":[[[[28.948475,46.954868],[28.950284,46.955272],[28.949452,46.957773],[28.948396,46.957583],[28.94798,46.957508],[28.947596,46.957442],[28.947631,46.957296],[28.947689,46.957122],[28.947753,46.956939],[28.947818,46.956767],[28.947878,46.956592],[28.947939,46.95642],[28.947996,46.956263],[28.94807,46.956079],[28.948112,46.955916],[28.948172,46.955731],[28.948227,46.95557],[28.948263,46.955398],[28.948319,46.955225],[28.948391,46.955058],[28.948475,46.954868]]]]}},{"type":"Feature","properties":{"tip":"allotments","nume":"IP \"Cicoare\"","ha":6.71},"geometry":{"type":"MultiPolygon","coordinates":[[[[28.945728,46.949125],[28.9513,46.951895],[28.950542,46.952771],[28.950507,46.952911],[28.950427,46.952917],[28.950416,46.95288],[28.950363,46.952939],[28.950017,46.953323],[28.949625,46.953117],[28.949447,46.95279],[28.949523,46.952705],[28.94933,46.952534],[28.949281,46.952376],[28.948957,46.952215],[28.948492,46.95213],[28.948108,46.95206],[28.948036,46.952047],[28.947542,46.951957],[28.947255,46.951856],[28.947167,46.951825],[28.94711,46.951874],[28.946997,46.951875],[28.946766,46.951756],[28.946695,46.951616],[28.94676,46.951436],[28.946668,46.95139],[28.946959,46.951083],[28.947063,46.950859],[28.946961,46.950826],[28.946903,46.950521],[28.946662,46.950278],[28.946607,46.950243],[28.946324,46.950061],[28.945998,46.94992],[28.945338,46.949634],[28.945728,46.949125]]]]}},{"type":"Feature","properties":{"tip":"allotments","nume":"IP \"FlorHîrtop\"","ha":0.01},"geometry":{"type":"MultiPolygon","coordinates":[[[[28.950918,46.943195],[28.950936,46.943177],[28.950937,46.943177],[28.950918,46.943195]]],[[[28.951334,46.943187],[28.951302,46.943201],[28.951161,46.943261],[28.951334,46.943187]]],[[[28.951334,46.943187],[28.951431,46.943246],[28.951458,46.943268],[28.951334,46.943187]]],[[[28.951835,46.943529],[28.951885,46.943569],[28.952003,46.943695],[28.952371,46.944133],[28.951997,46.943692],[28.951739,46.943451],[28.951835,46.943529]]],[[[28.952393,46.944123],[28.952444,46.944171],[28.952897,46.944594],[28.952932,46.94463],[28.952372,46.944133],[28.952371,46.944133],[28.952393,46.944123]]]]}},{"type":"Feature","properties":{"tip":"allotments","nume":"IP \"Cristal-Fruct\"","ha":8.63},"geometry":{"type":"MultiPolygon","coordinates":[[[[28.948396,46.957583],[28.949452,46.957773],[28.949156,46.958662],[28.948539,46.958656],[28.948442,46.958719],[28.947827,46.958872],[28.947695,46.959005],[28.943744,46.958294],[28.943715,46.958378],[28.94198,46.958069],[28.941909,46.958272],[28.941575,46.958218],[28.94161,46.958166],[28.941324,46.958112],[28.94201,46.956927],[28.942072,46.956758],[28.944068,46.957107],[28.944264,46.957061],[28.945757,46.957321],[28.945824,46.957135],[28.947596,46.957442],[28.94798,46.957508],[28.948396,46.957583]]]]}},{"type":"Feature","properties":{"tip":"allotments","nume":"IP \"Insula Verde\"","ha":0.0},"geometry":{"type":"MultiPolygon","coordinates":[[[[28.953502,46.945239],[28.953499,46.945235],[28.953538,46.94527],[28.953663,46.945368],[28.953907,46.94558],[28.953975,46.945639],[28.95411,46.945756],[28.95411,46.945756],[28.953974,46.945642],[28.953537,46.945276],[28.953502,46.945239]]],[[[28.95315,46.944861],[28.952934,46.944632],[28.953152,46.944859],[28.953184,46.944897],[28.95315,46.944861]]]]}},{"type":"Feature","properties":{"tip":"allotments","nume":"IP \"Castanul Alb\"","ha":5.22},"geometry":{"type":"MultiPolygon","coordinates":[[[[28.941205,46.969461],[28.940991,46.969382],[28.941043,46.969329],[28.941068,46.968962],[28.941191,46.968958],[28.941265,46.968758],[28.941399,46.968621],[28.94152,46.967949],[28.94466,46.967897],[28.94417,46.969985],[28.942382,46.969866],[28.941668,46.969818],[28.941324,46.969795],[28.941205,46.969461]]]]}},{"type":"Feature","properties":{"tip":"allotments","nume":"IP \"Luminița\"","ha":17.28},"geometry":{"type":"MultiPolygon","coordinates":[[[[28.95411,46.945756],[28.95411,46.945756],[28.95411,46.945756],[28.954153,46.945734],[28.954231,46.945784],[28.954461,46.94599],[28.954734,46.946191],[28.954815,46.946243],[28.954821,46.946313],[28.954824,46.946316],[28.955506,46.946968],[28.955506,46.946968],[28.955417,46.947073],[28.954815,46.947781],[28.954608,46.948023],[28.952014,46.95107],[28.946797,46.948464],[28.946663,46.948451],[28.948525,46.947972],[28.949913,46.946763],[28.951805,46.947611],[28.951844,46.947571],[28.951921,46.947602],[28.953974,46.945642],[28.95411,46.945756]]]]}},{"type":"Feature","properties":{"tip":"allotments","nume":"IP \"Energetic\"","ha":10.82},"geometry":{"type":"MultiPolygon","coordinates":[[[[28.944776,46.963643],[28.947351,46.964329],[28.948063,46.964415],[28.947837,46.965411],[28.947714,46.965645],[28.947274,46.96612],[28.945844,46.965927],[28.944305,46.965869],[28.943351,46.965857],[28.94332,46.965993],[28.941696,46.965933],[28.941694,46.965813],[28.941707,46.965673],[28.941775,46.965644],[28.941837,46.964861],[28.941978,46.964644],[28.942189,46.964453],[28.942526,46.96322],[28.942692,46.963272],[28.942727,46.96321],[28.944776,46.963643]]]]}},{"type":"Feature","properties":{"tip":"allotments","nume":"IP \"Goluboi Ogonioc\"","ha":3.44},"geometry":{"type":"MultiPolygon","coordinates":[[[[28.946158,46.967827],[28.948187,46.968149],[28.947505,46.970479],[28.944982,46.96788],[28.946158,46.967827]]]]}},{"type":"Feature","properties":{"tip":"allotments","nume":"IP \"Livada\"","ha":8.08},"geometry":{"type":"MultiPolygon","coordinates":[[[[28.944982,46.96788],[28.94466,46.967897],[28.94152,46.967949],[28.941689,46.966858],[28.941646,46.966434],[28.941717,46.966217],[28.941696,46.965933],[28.94332,46.965993],[28.943351,46.965857],[28.944305,46.965869],[28.945844,46.965927],[28.947274,46.96612],[28.946427,46.966676],[28.946264,46.967162],[28.946158,46.967827],[28.944982,46.96788]]]]}},{"type":"Feature","properties":{"tip":"allotments","nume":"IP \"Standa\"","ha":5.48},"geometry":{"type":"MultiPolygon","coordinates":[[[[28.946797,46.948464],[28.952014,46.95107],[28.9513,46.951895],[28.945728,46.949125],[28.945785,46.949069],[28.946606,46.948476],[28.946663,46.948451],[28.946797,46.948464]]]]}},{"type":"Feature","properties":{"tip":"allotments","nume":"IP „Sidev”","ha":0.06},"geometry":{"type":"MultiPolygon","coordinates":[[[[28.94317,46.997748],[28.94309,46.997724],[28.942783,46.997604],[28.94317,46.997748]]],[[[28.943372,47.005468],[28.943376,47.005466],[28.943372,47.005469],[28.943372,47.005468]]],[[[28.942552,47.00563],[28.942759,47.005567],[28.943372,47.005469],[28.942552,47.00563]]],[[[28.942552,47.00563],[28.942441,47.005708],[28.94211,47.00594],[28.942552,47.00563]]],[[[28.942352,47.006084],[28.942351,47.006084],[28.942265,47.006032],[28.942352,47.006084]]],[[[28.942181,47.006217],[28.94218,47.006217],[28.94226,47.006155],[28.942181,47.006217]]],[[[28.942771,47.00815],[28.943064,47.008029],[28.943318,47.007941],[28.942771,47.00815]]],[[[28.941461,47.008741],[28.941507,47.008717],[28.941986,47.008481],[28.941461,47.008741]]],[[[28.938346,47.010285],[28.939964,47.009471],[28.940105,47.009413],[28.938346,47.010285]]],[[[28.938193,47.010439],[28.938193,47.010438],[28.938198,47.010434],[28.938193,47.010439]]],[[[28.945212,46.998148],[28.945202,46.998165],[28.944699,46.998071],[28.944418,46.998013],[28.943789,46.997886],[28.944707,46.998057],[28.945317,46.998164],[28.945212,46.998148]]],[[[28.946095,46.9983],[28.947201,46.998495],[28.94651,46.998377],[28.946078,46.998304],[28.94579,46.998246],[28.946095,46.9983]]],[[[28.949238,46.998886],[28.949928,46.999022],[28.950248,46.999089],[28.94932,46.998903],[28.949238,46.998886]]],[[[28.953128,47.000057],[28.95293,46.999904],[28.952923,46.999898],[28.952814,46.999819],[28.952348,46.999485],[28.952257,46.999373],[28.953128,47.000057]]],[[[28.953734,47.000938],[28.953235,47.001326],[28.953235,47.001325],[28.953734,47.000938]]],[[[28.951166,47.003141],[28.952159,47.002319],[28.952423,47.0021],[28.952862,47.001742],[28.953316,47.001371],[28.951166,47.003141]]],[[[28.951159,47.003147],[28.951012,47.003268],[28.951166,47.003141],[28.951159,47.003147]]],[[[28.950773,47.003445],[28.950355,47.003753],[28.951012,47.003268],[28.950773,47.003445]]],[[[28.948639,47.003621],[28.9489,47.003798],[28.94962,47.004296],[28.948331,47.003414],[28.948639,47.003621]]],[[[28.946653,47.00481],[28.946655,47.004809],[28.946653,47.004811],[28.9465,47.004906],[28.946653,47.00481]]]]}},{"type":"Feature","properties":{"tip":"allotments","nume":"IP \"MSMPS\"","ha":14.69},"geometry":{"type":"MultiPolygon","coordinates":[[[[28.942303,46.95429],[28.942641,46.953517],[28.948475,46.954868],[28.948391,46.955058],[28.948319,46.955225],[28.948263,46.955398],[28.948227,46.95557],[28.948172,46.955731],[28.948112,46.955916],[28.94807,46.956079],[28.947996,46.956263],[28.947939,46.95642],[28.947878,46.956592],[28.947818,46.956767],[28.947753,46.956939],[28.947689,46.957122],[28.947631,46.957296],[28.947596,46.957442],[28.945824,46.957135],[28.945757,46.957321],[28.944264,46.957061],[28.944068,46.957107],[28.942072,46.956758],[28.942632,46.95498],[28.942649,46.954925],[28.941958,46.954633],[28.942045,46.95441],[28.942218,46.954453],[28.942303,46.95429]]]]}},{"type":"Feature","properties":{"tip":"allotments","nume":"IP \"Tăbăcarii\"","ha":11.61},"geometry":{"type":"MultiPolygon","coordinates":[[[[28.950284,46.955272],[28.948475,46.954868],[28.942641,46.953517],[28.942692,46.953401],[28.943838,46.951649],[28.944026,46.95136],[28.944097,46.951407],[28.944155,46.951401],[28.944207,46.951406],[28.944426,46.951476],[28.944571,46.951586],[28.944639,46.951656],[28.944644,46.951741],[28.944722,46.951797],[28.944934,46.951886],[28.945171,46.951958],[28.945425,46.952035],[28.945476,46.952058],[28.945501,46.952045],[28.945534,46.952044],[28.945747,46.952086],[28.945998,46.952135],[28.946258,46.952208],[28.946373,46.952244],[28.946422,46.952245],[28.946471,46.952257],[28.946684,46.95235],[28.946966,46.952498],[28.9471,46.952568],[28.947362,46.952674],[28.947737,46.952796],[28.947845,46.952839],[28.947895,46.95281],[28.948218,46.952896],[28.948475,46.952954],[28.948538,46.952994],[28.948556,46.953018],[28.948572,46.953065],[28.948671,46.953125],[28.948709,46.953153],[28.948913,46.953415],[28.94895,46.953459],[28.949053,46.953626],[28.949089,46.953684],[28.949109,46.953749],[28.949146,46.953885],[28.949363,46.954088],[28.949506,46.954181],[28.949685,46.954239],[28.949752,46.954253],[28.949878,46.954008],[28.949974,46.953944],[28.950111,46.953957],[28.950529,46.953994],[28.950702,46.954017],[28.950284,46.955272]]]]}},{"type":"Feature","properties":{"tip":"allotments","nume":"IP \"Cooperator\"","ha":27.48},"geometry":{"type":"MultiPolygon","coordinates":[[[[28.940991,46.969382],[28.940918,46.969568],[28.94055,46.969803],[28.940483,46.969846],[28.940255,46.969986],[28.940101,46.9701],[28.939849,46.970264],[28.9399,46.970294],[28.939811,46.970363],[28.939585,46.970253],[28.939418,46.970413],[28.93935,46.970236],[28.939281,46.970126],[28.939221,46.97009],[28.93901,46.969845],[28.939047,46.969809],[28.939025,46.96975],[28.938998,46.969753],[28.938891,46.969624],[28.938803,46.969587],[28.938504,46.96925],[28.938027,46.968748],[28.937081,46.96775],[28.936684,46.967537],[28.936693,46.967504],[28.936797,46.967289],[28.936812,46.96727],[28.936942,46.967088],[28.936954,46.967064],[28.937048,46.966929],[28.937111,46.966825],[28.937159,46.966763],[28.937266,46.966599],[28.937385,46.966444],[28.937435,46.966379],[28.937495,46.966297],[28.937621,46.966121],[28.937739,46.96596],[28.937847,46.965799],[28.937967,46.965635],[28.938079,46.965479],[28.938199,46.96531],[28.938317,46.965154],[28.938432,46.964991],[28.93855,46.964828],[28.938657,46.964666],[28.938769,46.964506],[28.938995,46.964182],[28.939119,46.964011],[28.93948,46.963509],[28.939678,46.96321],[28.93991,46.962876],[28.940024,46.962714],[28.940127,46.962548],[28.940236,46.962383],[28.940339,46.962219],[28.940447,46.962048],[28.940565,46.961878],[28.940603,46.961829],[28.940801,46.961503],[28.940994,46.961186],[28.941097,46.961023],[28.941213,46.960858],[28.941318,46.9607],[28.941422,46.960538],[28.941527,46.960379],[28.941633,46.960213],[28.941738,46.960053],[28.941854,46.959885],[28.941985,46.959687],[28.942255,46.959262],[28.942324,46.959154],[28.942386,46.959057],[28.942544,46.959159],[28.943388,46.959701],[28.943405,46.960049],[28.942626,46.963031],[28.942526,46.96322],[28.942189,46.964453],[28.941978,46.964644],[28.941837,46.964861],[28.941775,46.965644],[28.941707,46.965673],[28.941694,46.965813],[28.941696,46.965933],[28.941717,46.966217],[28.941646,46.966434],[28.941689,46.966858],[28.94152,46.967949],[28.941399,46.968621],[28.941265,46.968758],[28.941191,46.968958],[28.941068,46.968962],[28.941043,46.969329],[28.940991,46.969382]]]]}},{"type":"Feature","properties":{"tip":"residential","nume":null,"ha":20.44},"geometry":{"type":"MultiPolygon","coordinates":[[[[28.913783,46.975906],[28.913764,46.975898],[28.913769,46.975894],[28.913649,46.975848],[28.913588,46.975824],[28.912482,46.975399],[28.912307,46.97533],[28.912332,46.975243],[28.913183,46.972245],[28.913495,46.971684],[28.913585,46.971523],[28.913603,46.971492],[28.914505,46.970417],[28.914603,46.970301],[28.914607,46.970299],[28.914649,46.970296],[28.91496,46.970174],[28.915576,46.969477],[28.915577,46.969475],[28.915835,46.96919],[28.915871,46.969202],[28.915981,46.969028],[28.916032,46.968971],[28.91607,46.968803],[28.916131,46.968711],[28.916194,46.968648],[28.917182,46.967693],[28.917236,46.967723],[28.917315,46.967768],[28.917352,46.967851],[28.919428,46.969065],[28.919459,46.969176],[28.919697,46.96894],[28.920266,46.969379],[28.920008,46.969651],[28.919914,46.96975],[28.920014,46.96981],[28.919735,46.969968],[28.919239,46.969611],[28.91889,46.969955],[28.918939,46.969985],[28.918393,46.970383],[28.918292,46.970483],[28.918063,46.970708],[28.917958,46.970812],[28.914204,46.975458],[28.913783,46.975906]]]]}},{"type":"Feature","properties":{"tip":"residential","nume":null,"ha":109.68},"geometry":{"type":"MultiPolygon","coordinates":[[[[28.948228,46.944043],[28.948228,46.944043],[28.948266,46.94402],[28.948565,46.943776],[28.949162,46.943275],[28.949163,46.943275],[28.949163,46.943274],[28.949163,46.943274],[28.949163,46.943274],[28.94919,46.943191],[28.950199,46.942688],[28.950445,46.942875],[28.95062,46.942958],[28.950809,46.943109],[28.950852,46.943143],[28.950858,46.943149],[28.95086,46.94315],[28.950917,46.943196],[28.950917,46.943196],[28.950917,46.943196],[28.950917,46.943196],[28.950927,46.943201],[28.951096,46.943289],[28.951161,46.943261],[28.951334,46.943187],[28.951458,46.943268],[28.951471,46.943279],[28.951738,46.943451],[28.951739,46.943451],[28.951997,46.943692],[28.952371,46.944133],[28.952371,46.944133],[28.952371,46.944133],[28.952372,46.944133],[28.952932,46.94463],[28.952932,46.94463],[28.952934,46.944632],[28.95299,46.944691],[28.95315,46.944861],[28.953113,46.94488],[28.952651,46.945124],[28.952634,46.945112],[28.952339,46.945296],[28.952149,46.945427],[28.951948,46.945544],[28.952044,46.945816],[28.951555,46.945809],[28.951231,46.945903],[28.950806,46.946088],[28.950389,46.946347],[28.949913,46.946763],[28.948525,46.947972],[28.946663,46.948451],[28.946606,46.948476],[28.945785,46.949069],[28.945728,46.949125],[28.945338,46.949634],[28.946324,46.950061],[28.946662,46.950278],[28.946903,46.950521],[28.946961,46.950826],[28.947063,46.950859],[28.946959,46.951083],[28.946668,46.95139],[28.94676,46.951436],[28.946695,46.951616],[28.946766,46.951756],[28.946997,46.951875],[28.94711,46.951874],[28.947167,46.951825],[28.947542,46.951957],[28.948957,46.952215],[28.949281,46.952376],[28.94933,46.952534],[28.949523,46.952705],[28.949447,46.95279],[28.949625,46.953117],[28.950017,46.953323],[28.950416,46.95288],[28.950427,46.952917],[28.950507,46.952911],[28.950772,46.953806],[28.950702,46.954017],[28.950529,46.953994],[28.949974,46.953944],[28.949878,46.954008],[28.949752,46.954253],[28.949685,46.954239],[28.949506,46.954181],[28.949363,46.954088],[28.949146,46.953885],[28.949109,46.953749],[28.949089,46.953684],[28.949053,46.953626],[28.94895,46.953459],[28.948913,46.953415],[28.948709,46.953153],[28.948671,46.953125],[28.948572,46.953065],[28.948556,46.953018],[28.948538,46.952994],[28.948475,46.952954],[28.948218,46.952896],[28.947895,46.95281],[28.947845,46.952839],[28.947737,46.952796],[28.947362,46.952674],[28.9471,46.952568],[28.946966,46.952498],[28.946684,46.95235],[28.946471,46.952257],[28.946422,46.952245],[28.946373,46.952244],[28.946258,46.952208],[28.945998,46.952135],[28.945747,46.952086],[28.945534,46.952044],[28.945501,46.952045],[28.945476,46.952058],[28.945425,46.952035],[28.945171,46.951958],[28.944934,46.951886],[28.944722,46.951797],[28.944644,46.951741],[28.944639,46.951656],[28.944571,46.951586],[28.944426,46.951476],[28.944207,46.951406],[28.944155,46.951401],[28.944097,46.951407],[28.944026,46.95136],[28.942905,46.953085],[28.942692,46.953401],[28.942641,46.953517],[28.942303,46.95429],[28.942218,46.954453],[28.942045,46.95441],[28.941958,46.954633],[28.942649,46.954925],[28.942072,46.956758],[28.94201,46.956927],[28.941324,46.958112],[28.941273,46.958286],[28.942386,46.959057],[28.942324,46.959154],[28.942255,46.959262],[28.941985,46.959687],[28.941854,46.959885],[28.941738,46.960053],[28.941633,46.960213],[28.941527,46.960379],[28.941422,46.960538],[28.941318,46.9607],[28.941213,46.960858],[28.941097,46.961023],[28.940994,46.961186],[28.940801,46.961503],[28.940603,46.961829],[28.940565,46.961878],[28.940447,46.962048],[28.940339,46.962219],[28.940236,46.962383],[28.940127,46.962548],[28.940024,46.962714],[28.93991,46.962876],[28.939678,46.96321],[28.93948,46.963509],[28.939119,46.964011],[28.938995,46.964182],[28.938769,46.964506],[28.938657,46.964666],[28.93855,46.964828],[28.938432,46.964991],[28.938317,46.965154],[28.938199,46.96531],[28.938079,46.965479],[28.937967,46.965635],[28.937847,46.965799],[28.937739,46.96596],[28.937621,46.966121],[28.937495,46.966297],[28.937435,46.966379],[28.937385,46.966444],[28.937266,46.966599],[28.937159,46.966763],[28.937111,46.966825],[28.937048,46.966929],[28.936954,46.967064],[28.936942,46.967088],[28.936812,46.96727],[28.936797,46.967289],[28.936693,46.967504],[28.936684,46.967537],[28.936524,46.967635],[28.933439,46.966944],[28.932708,46.968141],[28.932116,46.969141],[28.932014,46.969313],[28.931907,46.969494],[28.931809,46.969659],[28.931721,46.96985],[28.931817,46.96988],[28.931686,46.970041],[28.931538,46.970222],[28.931416,46.970372],[28.931227,46.970604],[28.931202,46.970634],[28.931388,46.970719],[28.931358,46.970747],[28.931944,46.971046],[28.932649,46.971427],[28.932031,46.972012],[28.930697,46.971288],[28.930756,46.970946],[28.930661,46.970922],[28.930366,46.970847],[28.92994,46.970739],[28.928154,46.970471],[28.928007,46.970449],[28.928297,46.970081],[28.929322,46.968779],[28.929297,46.968716],[28.926986,46.967695],[28.926872,46.967678],[28.926777,46.967701],[28.926149,46.968303],[28.926046,46.968243],[28.926003,46.96828],[28.923815,46.969918],[28.923274,46.970322],[28.92305,46.97049],[28.921664,46.97221],[28.92107,46.972859],[28.920607,46.973497],[28.919841,46.974305],[28.919842,46.974395],[28.919747,46.974476],[28.919964,46.974627],[28.919685,46.974893],[28.919684,46.974895],[28.919481,46.97501],[28.919268,46.974922],[28.9175,46.974192],[28.916984,46.974012],[28.916658,46.973891],[28.917542,46.972826],[28.918706,46.971626],[28.919221,46.971241],[28.921454,46.96957],[28.92263,46.968612],[28.922835,46.968521],[28.92297,46.968407],[28.923054,46.968212],[28.923185,46.968184],[28.923923,46.967519],[28.925082,46.966673],[28.926759,46.967512],[28.926857,46.967554],[28.929008,46.968479],[28.929127,46.968307],[28.929166,46.968234],[28.929187,46.968194],[28.929227,46.96803],[28.929225,46.967976],[28.929222,46.967875],[28.929206,46.967777],[28.929156,46.967689],[28.9291,46.967618],[28.929084,46.96753],[28.929106,46.96738],[28.929144,46.967332],[28.929223,46.967238],[28.929368,46.967098],[28.929458,46.96701],[28.929494,46.966977],[28.929564,46.966922],[28.929636,46.966862],[28.929703,46.966805],[28.929798,46.966726],[28.929874,46.966666],[28.929962,46.966704],[28.930023,46.966663],[28.930082,46.966624],[28.93021,46.966552],[28.930279,46.966512],[28.930408,46.966439],[28.930471,46.966403],[28.93055,46.966355],[28.930591,46.966331],[28.930631,46.966306],[28.930656,46.966291],[28.930736,46.966231],[28.930835,46.966166],[28.930892,46.966115],[28.930966,46.966067],[28.93102,46.966032],[28.93108,46.965993],[28.931158,46.965935],[28.931213,46.965894],[28.931301,46.965825],[28.931362,46.965777],[28.931414,46.965736],[28.931487,46.965673],[28.931628,46.965552],[28.931706,46.965494],[28.931804,46.96542],[28.931973,46.965311],[28.93203,46.965261],[28.932145,46.965161],[28.932218,46.965098],[28.932267,46.965055],[28.932341,46.96499],[28.932415,46.964924],[28.93246,46.964885],[28.932506,46.964845],[28.932584,46.964776],[28.932665,46.964702],[28.932745,46.964629],[28.932795,46.964586],[28.932879,46.964531],[28.932961,46.964453],[28.933005,46.964411],[28.933058,46.964364],[28.933096,46.964334],[28.933158,46.964286],[28.933224,46.964234],[28.933323,46.964157],[28.933499,46.964042],[28.933611,46.963967],[28.933837,46.963779],[28.934044,46.963606],[28.934071,46.963583],[28.934221,46.963448],[28.934338,46.963317],[28.934383,46.963233],[28.934169,46.963147],[28.934255,46.963074],[28.934349,46.963],[28.93449,46.962876],[28.934673,46.962743],[28.934868,46.962593],[28.935014,46.962458],[28.935101,46.962381],[28.935161,46.962318],[28.935199,46.962294],[28.935292,46.962216],[28.935416,46.962178],[28.935505,46.962156],[28.935551,46.962115],[28.936635,46.962312],[28.937333,46.962376],[28.937683,46.962035],[28.938473,46.96092],[28.938435,46.960907],[28.938127,46.960808],[28.938221,46.960673],[28.938127,46.960637],[28.93817,46.960584],[28.938208,46.960536],[28.93759,46.960321],[28.937861,46.95991],[28.937991,46.959574],[28.93815,46.959303],[28.938301,46.959055],[28.938399,46.958871],[28.938434,46.958806],[28.938491,46.958724],[28.938601,46.958565],[28.938598,46.958563],[28.938739,46.958352],[28.938859,46.958154],[28.93891,46.958071],[28.938968,46.957977],[28.939025,46.957883],[28.939064,46.957823],[28.93911,46.957752],[28.939247,46.957575],[28.939311,46.957493],[28.939416,46.957359],[28.93952,46.957212],[28.939579,46.957093],[28.939666,46.956894],[28.939667,46.956881],[28.939776,46.956653],[28.939893,46.95644],[28.939931,46.956412],[28.93997,46.95634],[28.940053,46.956261],[28.940093,46.956269],[28.940184,46.956121],[28.940396,46.955842],[28.940434,46.955789],[28.940027,46.955673],[28.939993,46.955616],[28.940031,46.955494],[28.940108,46.955322],[28.940199,46.955156],[28.940286,46.954971],[28.940393,46.95476],[28.940492,46.954577],[28.940577,46.954399],[28.94065,46.954211],[28.940666,46.954173],[28.940723,46.954086],[28.940755,46.95398],[28.940776,46.953943],[28.940891,46.953745],[28.940975,46.953575],[28.941078,46.953406],[28.941128,46.953227],[28.941189,46.953047],[28.941245,46.952872],[28.941302,46.952686],[28.94134,46.952508],[28.941408,46.952333],[28.941273,46.952302],[28.941278,46.95209],[28.941537,46.952173],[28.941661,46.95201],[28.941821,46.951793],[28.941864,46.951735],[28.942011,46.951538],[28.942217,46.951308],[28.942414,46.951076],[28.942507,46.950981],[28.942634,46.950841],[28.942651,46.950816],[28.942734,46.950735],[28.942804,46.950655],[28.942874,46.950575],[28.942988,46.950479],[28.943098,46.950365],[28.943185,46.950293],[28.943366,46.950149],[28.943399,46.950129],[28.943492,46.95005],[28.943544,46.950012],[28.943664,46.949916],[28.943769,46.949838],[28.943806,46.949787],[28.943694,46.94974],[28.943693,46.949659],[28.943691,46.949563],[28.943957,46.949261],[28.944271,46.948936],[28.944246,46.948924],[28.94457,46.948617],[28.944988,46.948102],[28.944671,46.947923],[28.945386,46.947102],[28.945661,46.947175],[28.945466,46.947513],[28.945513,46.947533],[28.946037,46.947028],[28.946152,46.94692],[28.946272,46.946806],[28.946311,46.946734],[28.945951,46.9466],[28.946331,46.94623],[28.946369,46.946212],[28.946503,46.946059],[28.946597,46.945948],[28.946639,46.94596],[28.946898,46.945675],[28.946922,46.945678],[28.947105,46.945509],[28.947094,46.945481],[28.947115,46.945448],[28.947158,46.94546],[28.947231,46.945392],[28.94746,46.945485],[28.947976,46.945076],[28.947883,46.944972],[28.947929,46.944919],[28.948077,46.944778],[28.948346,46.944483],[28.948458,46.944378],[28.948527,46.94432],[28.948594,46.94428],[28.948601,46.944256],[28.94853,46.944195],[28.948228,46.944043]]]]}},{"type":"Feature","properties":{"tip":"residential","nume":null,"ha":408.28},"geometry":{"type":"MultiPolygon","coordinates":[[[[28.934159,47.000493],[28.934154,47.000488],[28.934015,47.000369],[28.932098,46.999619],[28.932199,46.999511],[28.932519,46.999169],[28.932525,46.999134],[28.932476,46.99911],[28.932247,46.998997],[28.931986,46.998863],[28.93219,46.998521],[28.932246,46.998427],[28.932299,46.998339],[28.931978,46.998054],[28.931982,46.998049],[28.931846,46.997936],[28.9317,46.997807],[28.931659,46.99777],[28.931645,46.997764],[28.931645,46.997758],[28.931595,46.99774],[28.931488,46.997692],[28.931266,46.997592],[28.931042,46.997492],[28.930898,46.99743],[28.930855,46.997411],[28.930818,46.997395],[28.930952,46.99725],[28.931443,46.99671],[28.931536,46.996603],[28.931859,46.996261],[28.932742,46.995326],[28.932819,46.995204],[28.932895,46.995121],[28.933104,46.994338],[28.933236,46.99391],[28.933367,46.993634],[28.933353,46.993623],[28.933354,46.993623],[28.933186,46.993495],[28.932664,46.993353],[28.932427,46.993267],[28.93194,46.993077],[28.930776,46.992652],[28.930539,46.992568],[28.929332,46.992142],[28.928959,46.992007],[28.927323,46.991431],[28.92655,46.991095],[28.926416,46.990898],[28.927253,46.989205],[28.927557,46.988591],[28.928023,46.98765],[28.928717,46.986279],[28.928701,46.986272],[28.928703,46.986268],[28.928697,46.98627],[28.928473,46.986166],[28.928348,46.986108],[28.928461,46.985993],[28.928476,46.985975],[28.928491,46.985958],[28.928504,46.985942],[28.928516,46.985928],[28.928614,46.985799],[28.928693,46.985695],[28.928718,46.985661],[28.928745,46.985627],[28.92877,46.985593],[28.928793,46.985561],[28.928865,46.985456],[28.928952,46.985328],[28.929016,46.985233],[28.929079,46.985141],[28.929151,46.985051],[28.929222,46.984962],[28.929257,46.98492],[28.929364,46.984786],[28.929455,46.984673],[28.929466,46.98466],[28.929501,46.98461],[28.929561,46.984525],[28.92964,46.984416],[28.929654,46.984396],[28.929878,46.984082],[28.929889,46.984067],[28.930057,46.983819],[28.930146,46.98368],[28.930186,46.983608],[28.93021,46.983566],[28.930217,46.983533],[28.930234,46.98345],[28.930249,46.983379],[28.930252,46.983364],[28.930271,46.983275],[28.93029,46.983182],[28.930311,46.983092],[28.930317,46.983066],[28.930332,46.982998],[28.930375,46.982793],[28.930492,46.982239],[28.930526,46.982082],[28.930539,46.982022],[28.930581,46.981829],[28.930591,46.981784],[28.930633,46.981618],[28.93065,46.981549],[28.930679,46.981402],[28.930719,46.981329],[28.930736,46.981299],[28.931235,46.980659],[28.931465,46.980413],[28.931611,46.980252],[28.931811,46.980028],[28.931843,46.979991],[28.931933,46.979892],[28.931995,46.979822],[28.932221,46.979573],[28.932293,46.979493],[28.932426,46.979346],[28.932685,46.979058],[28.932869,46.978849],[28.932976,46.978728],[28.933155,46.978531],[28.933334,46.978334],[28.933381,46.978277],[28.933474,46.978163],[28.933432,46.978017],[28.933424,46.977992],[28.933473,46.977941],[28.933676,46.97789],[28.93381,46.977881],[28.933949,46.97789],[28.934048,46.977921],[28.934523,46.978046],[28.934635,46.978001],[28.934985,46.977815],[28.935327,46.977611],[28.935481,46.977371],[28.93586,46.975866],[28.936129,46.974799],[28.936174,46.974663],[28.936192,46.974608],[28.936221,46.974473],[28.936227,46.974431],[28.93626,46.974335],[28.936295,46.974183],[28.936318,46.974084],[28.936354,46.974026],[28.93653,46.973346],[28.936632,46.973182],[28.93906,46.97059],[28.939139,46.970487],[28.939172,46.970297],[28.939296,46.970255],[28.93935,46.970236],[28.939418,46.970413],[28.939585,46.970253],[28.939811,46.970363],[28.9399,46.970294],[28.939849,46.970264],[28.940101,46.9701],[28.940255,46.969986],[28.940483,46.969846],[28.94055,46.969803],[28.940918,46.969568],[28.940991,46.969382],[28.941205,46.969461],[28.941324,46.969795],[28.941668,46.969818],[28.942382,46.969866],[28.942394,46.970256],[28.942467,46.970262],[28.942492,46.97019],[28.942842,46.970216],[28.943234,46.970245],[28.943695,46.970279],[28.943685,46.970332],[28.94355,46.970678],[28.943489,46.970833],[28.943431,46.970981],[28.943376,46.971121],[28.943323,46.971258],[28.943263,46.971411],[28.943201,46.971572],[28.943147,46.97177],[28.943084,46.972003],[28.943002,46.972037],[28.942947,46.972259],[28.942838,46.97254],[28.942728,46.972803],[28.942962,46.972892],[28.943423,46.973067],[28.943486,46.973138],[28.943506,46.973166],[28.943759,46.973262],[28.944087,46.973386],[28.944117,46.973376],[28.94416,46.973245],[28.944324,46.97295],[28.944405,46.972961],[28.944745,46.972811],[28.945087,46.97267],[28.945284,46.972575],[28.945461,46.972483],[28.945878,46.9723],[28.945914,46.972275],[28.946332,46.972096],[28.946705,46.971966],[28.946955,46.971846],[28.946987,46.971705],[28.947027,46.971551],[28.947066,46.971403],[28.947107,46.971248],[28.947143,46.971104],[28.947186,46.970958],[28.947219,46.97082],[28.947245,46.970725],[28.947447,46.970752],[28.950387,46.971135],[28.950369,46.971191],[28.949856,46.972803],[28.949855,46.972807],[28.949842,46.972851],[28.949279,46.974623],[28.948725,46.976368],[28.948767,46.97642],[28.94871,46.976597],[28.948699,46.976628],[28.948686,46.976697],[28.948666,46.976797],[28.948439,46.976777],[28.948433,46.976829],[28.948423,46.976991],[28.948499,46.977289],[28.948574,46.977541],[28.94858,46.97757],[28.94862,46.977744],[28.948636,46.977815],[28.948645,46.977851],[28.948653,46.978028],[28.948655,46.978068],[28.948658,46.978136],[28.948677,46.978515],[28.948665,46.978559],[28.948671,46.978685],[28.948674,46.978752],[28.948684,46.978943],[28.948685,46.979009],[28.948687,46.979099],[28.948689,46.979164],[28.948691,46.979245],[28.948692,46.979325],[28.948701,46.979445],[28.948712,46.979596],[28.948716,46.979659],[28.948721,46.979722],[28.948729,46.979777],[28.948741,46.979856],[28.948752,46.979926],[28.94877,46.980044],[28.948799,46.980234],[28.948801,46.980305],[28.948806,46.980415],[28.948809,46.980493],[28.948812,46.980563],[28.948814,46.980625],[28.948818,46.980741],[28.948821,46.98081],[28.948825,46.980894],[28.948829,46.980985],[28.948832,46.981038],[28.94884,46.981218],[28.948846,46.98133],[28.948901,46.981411],[28.948983,46.981555],[28.94909,46.981656],[28.949271,46.981717],[28.94946,46.981714],[28.951802,46.981614],[28.951794,46.981529],[28.951787,46.981457],[28.95177,46.981279],[28.951748,46.981146],[28.951742,46.981109],[28.951726,46.981013],[28.951708,46.980905],[28.951699,46.980855],[28.951697,46.980816],[28.951694,46.980771],[28.95169,46.980726],[28.951678,46.980548],[28.95167,46.980434],[28.95166,46.980355],[28.951651,46.980302],[28.95164,46.980241],[28.95163,46.980179],[28.951607,46.980047],[28.951584,46.979914],[28.951564,46.979781],[28.951551,46.979692],[28.951545,46.979647],[28.951512,46.979425],[28.951501,46.979346],[28.951493,46.979305],[28.951729,46.979284],[28.952446,46.979228],[28.952459,46.979264],[28.95248,46.979331],[28.952491,46.979368],[28.952545,46.979546],[28.952556,46.979583],[28.952624,46.979806],[28.952722,46.980317],[28.953003,46.981771],[28.953011,46.981815],[28.953029,46.982004],[28.953039,46.982103],[28.953048,46.982202],[28.953053,46.982256],[28.953427,46.983472],[28.953402,46.983663],[28.953414,46.983696],[28.953471,46.983846],[28.953476,46.983858],[28.9535,46.983921],[28.953536,46.984015],[28.953553,46.984059],[28.95357,46.984103],[28.953598,46.984199],[28.953637,46.984335],[28.953661,46.98439],[28.953742,46.984582],[28.953764,46.984636],[28.95381,46.984777],[28.953829,46.984836],[28.953837,46.984862],[28.95386,46.984932],[28.953864,46.984961],[28.953877,46.98506],[28.953883,46.985106],[28.95389,46.985165],[28.953928,46.985243],[28.953944,46.985328],[28.95395,46.985362],[28.952271,46.985136],[28.952055,46.98524],[28.951861,46.985706],[28.951121,46.985809],[28.951061,46.985652],[28.95035,46.985735],[28.950229,46.985682],[28.950017,46.985676],[28.949828,46.985676],[28.949414,46.98583],[28.949449,46.985968],[28.949487,46.98616],[28.949498,46.986247],[28.949495,46.986273],[28.949504,46.986461],[28.949476,46.986527],[28.94945,46.986552],[28.949051,46.986567],[28.948939,46.986581],[28.948965,46.986683],[28.949004,46.986945],[28.949079,46.987062],[28.949273,46.987274],[28.949883,46.987978],[28.949949,46.988406],[28.950052,46.988519],[28.950114,46.988572],[28.950316,46.98862],[28.950437,46.988785],[28.950819,46.988658],[28.950954,46.988783],[28.951114,46.98883],[28.951093,46.988861],[28.951518,46.989001],[28.951196,46.989605],[28.951161,46.989814],[28.950647,46.989804],[28.950649,46.989856],[28.950458,46.989984],[28.950195,46.990191],[28.94988,46.990164],[28.949813,46.990155],[28.949798,46.990558],[28.94975,46.990758],[28.949715,46.990836],[28.949697,46.990898],[28.949402,46.990965],[28.949122,46.990996],[28.948125,46.990999],[28.948057,46.990993],[28.947956,46.990983],[28.948018,46.991058],[28.948084,46.99173],[28.94773,46.991702],[28.947257,46.991663],[28.947221,46.99166],[28.947177,46.992858],[28.947487,46.992884],[28.947531,46.993689],[28.947479,46.993689],[28.947715,46.994749],[28.947351,46.994751],[28.947678,46.995343],[28.947922,46.995512],[28.947918,46.995558],[28.947649,46.995546],[28.947416,46.995558],[28.946757,46.995609],[28.946656,46.995616],[28.946601,46.995621],[28.946103,46.995589],[28.946043,46.995785],[28.946035,46.99581],[28.946025,46.995892],[28.946015,46.995972],[28.946011,46.996001],[28.946008,46.996032],[28.945997,46.99613],[28.945994,46.996161],[28.945985,46.99624],[28.945977,46.996313],[28.94597,46.996372],[28.945963,46.996432],[28.945959,46.996469],[28.946044,46.996471],[28.946041,46.996495],[28.946023,46.996657],[28.946017,46.996711],[28.945952,46.99671],[28.94595,46.996728],[28.945947,46.996754],[28.94594,46.996813],[28.945937,46.996844],[28.945928,46.996928],[28.945908,46.996927],[28.945896,46.997035],[28.945884,46.997141],[28.945882,46.997219],[28.945878,46.997372],[28.946045,46.997381],[28.946057,46.997644],[28.945816,46.99763],[28.94579,46.997817],[28.946015,46.997831],[28.946089,46.997848],[28.946166,46.997865],[28.946109,46.998213],[28.946095,46.9983],[28.94579,46.998246],[28.945565,46.998201],[28.945317,46.998164],[28.944707,46.998057],[28.943789,46.997886],[28.943532,46.997834],[28.943318,46.99779],[28.943273,46.997781],[28.94317,46.997748],[28.942783,46.997604],[28.942781,46.997603],[28.942372,46.997376],[28.942372,46.997376],[28.940955,46.996771],[28.940885,46.996864],[28.940346,46.996678],[28.94027,46.996753],[28.940155,46.996866],[28.939948,46.997028],[28.93957,46.997284],[28.939435,46.997432],[28.939388,46.997469],[28.939351,46.997498],[28.939022,46.997632],[28.938869,46.997768],[28.938779,46.99773],[28.938709,46.997806],[28.93864,46.997883],[28.938654,46.997888],[28.938573,46.997933],[28.938474,46.998004],[28.938415,46.998041],[28.938099,46.998269],[28.938092,46.998275],[28.937836,46.998495],[28.937473,46.998807],[28.937435,46.998788],[28.936992,46.999205],[28.935444,47.000651],[28.935094,47.000882],[28.934159,47.000493]]]]}},{"type":"Feature","properties":{"tip":"farmland","nume":"Grădină experimentală al Institutului de Genetică, Fiziologie și Protecție a Plantelor al Academiei de Științe a Moldovei","ha":0.01},"geometry":{"type":"MultiPolygon","coordinates":[[[[28.928678,46.986355],[28.928037,46.987621],[28.928626,46.986431],[28.928658,46.986363],[28.928678,46.986355]]]]}},{"type":"Feature","properties":{"tip":"vineyard","nume":null,"ha":0.04},"geometry":{"type":"MultiPolygon","coordinates":[[[[28.943635,46.995985],[28.943399,46.995968],[28.943426,46.995768],[28.94366,46.995782],[28.943635,46.995985]]]]}},{"type":"Feature","properties":{"tip":"commercial","nume":null,"ha":0.39},"geometry":{"type":"MultiPolygon","coordinates":[[[[28.928853,46.986879],[28.929089,46.986411],[28.929399,46.986483],[28.929557,46.986519],[28.929577,46.986553],[28.929153,46.987423],[28.928738,46.987333],[28.928959,46.986903],[28.928853,46.986879]]]]}},{"type":"Feature","properties":{"tip":"brownfield","nume":null,"ha":1.34},"geometry":{"type":"MultiPolygon","coordinates":[[[[28.929877,46.990442],[28.930685,46.988797],[28.930738,46.988779],[28.931493,46.988948],[28.931524,46.988984],[28.930712,46.990639],[28.930669,46.99065],[28.929903,46.990478],[28.929877,46.990442]]]]}},{"type":"Feature","properties":{"tip":"brownfield","nume":null,"ha":1.3},"geometry":{"type":"MultiPolygon","coordinates":[[[[28.928956,46.99023],[28.929748,46.988584],[28.9298,46.988566],[28.930549,46.988737],[28.930573,46.988774],[28.929769,46.990416],[28.929719,46.990435],[28.928972,46.99026],[28.928956,46.99023]]]]}},{"type":"Feature","properties":{"tip":"brownfield","nume":null,"ha":1.32},"geometry":{"type":"MultiPolygon","coordinates":[[[[28.928006,46.990017],[28.92881,46.988372],[28.928863,46.988355],[28.929612,46.988523],[28.929639,46.98856],[28.928835,46.990203],[28.928779,46.990225],[28.928032,46.990052],[28.928006,46.990017]]]]}},{"type":"Feature","properties":{"tip":"brownfield","nume":null,"ha":1.34},"geometry":{"type":"MultiPolygon","coordinates":[[[[28.927057,46.9898],[28.927863,46.988157],[28.927915,46.988139],[28.928674,46.988311],[28.928701,46.988346],[28.927895,46.989992],[28.927844,46.99001],[28.927082,46.98984],[28.927057,46.9898]]]]}},{"type":"Feature","properties":{"tip":"brownfield","nume":null,"ha":0.98},"geometry":{"type":"MultiPolygon","coordinates":[[[[28.927375,46.991316],[28.927943,46.990148],[28.927993,46.990129],[28.928744,46.990298],[28.92877,46.990333],[28.928147,46.991598],[28.928099,46.991611],[28.927394,46.991354],[28.927375,46.991316]]]]}},{"type":"Feature","properties":{"tip":"brownfield","nume":null,"ha":0.91},"geometry":{"type":"MultiPolygon","coordinates":[[[[28.926566,46.990815],[28.926994,46.989933],[28.927045,46.989914],[28.927805,46.990085],[28.927829,46.990121],[28.927267,46.991279],[28.927221,46.991292],[28.926557,46.991053],[28.92653,46.991031],[28.9265,46.990953],[28.926566,46.990815]]]]}},{"type":"Feature","properties":{"tip":"brownfield","nume":null,"ha":1.34},"geometry":{"type":"MultiPolygon","coordinates":[[[[28.931532,46.988878],[28.930771,46.988702],[28.930752,46.988664],[28.931562,46.987004],[28.931607,46.986984],[28.932192,46.987114],[28.932278,46.987167],[28.932323,46.987281],[28.932318,46.987352],[28.931589,46.988855],[28.931532,46.988878]]]]}},{"type":"Feature","properties":{"tip":"brownfield","nume":null,"ha":1.33},"geometry":{"type":"MultiPolygon","coordinates":[[[[28.930588,46.988659],[28.929836,46.98849],[28.92981,46.988453],[28.930626,46.986791],[28.930681,46.986771],[28.931424,46.986943],[28.931448,46.986978],[28.930636,46.988641],[28.930588,46.988659]]]]}},{"type":"Feature","properties":{"tip":"brownfield","nume":null,"ha":0.58},"geometry":{"type":"MultiPolygon","coordinates":[[[[28.931755,46.988926],[28.931736,46.988891],[28.931964,46.988419],[28.932755,46.988616],[28.932737,46.988654],[28.933042,46.988726],[28.933172,46.989014],[28.933238,46.98916],[28.933037,46.98922],[28.931755,46.988926]]]]}},{"type":"Feature","properties":{"tip":"brownfield","nume":null,"ha":1.33},"geometry":{"type":"MultiPolygon","coordinates":[[[[28.929691,46.986575],[28.929741,46.986561],[28.930489,46.98673],[28.930516,46.986765],[28.9297,46.988429],[28.929649,46.988448],[28.928898,46.988281],[28.928874,46.988244],[28.929691,46.986575]]]]}},{"type":"Feature","properties":{"tip":"brownfield","nume":null,"ha":0.96},"geometry":{"type":"MultiPolygon","coordinates":[[[[28.928795,46.986345],[28.929089,46.986411],[28.928853,46.986879],[28.928959,46.986903],[28.928738,46.987333],[28.929153,46.987423],[28.928764,46.988218],[28.928713,46.988235],[28.927953,46.988063],[28.927926,46.988027],[28.928744,46.986362],[28.928795,46.986345]]]]}},{"type":"Feature","properties":{"tip":"brownfield","nume":null,"ha":1.55},"geometry":{"type":"MultiPolygon","coordinates":[[[[28.930317,46.986307],[28.930585,46.985751],[28.931806,46.98606],[28.931857,46.986093],[28.93198,46.986357],[28.931935,46.986377],[28.930789,46.986113],[28.930706,46.986293],[28.930803,46.986315],[28.93086,46.986198],[28.930892,46.986186],[28.931957,46.986425],[28.93201,46.986459],[28.932262,46.987021],[28.932235,46.987041],[28.928862,46.986277],[28.928858,46.98625],[28.929727,46.985901],[28.929601,46.986151],[28.929886,46.986213],[28.930317,46.986307]]]]}},{"type":"Feature","properties":{"tip":"brownfield","nume":null,"ha":0.58},"geometry":{"type":"MultiPolygon","coordinates":[[[[28.930194,46.985591],[28.93066,46.985002],[28.930988,46.985084],[28.931481,46.985206],[28.931576,46.985436],[28.931439,46.985464],[28.931222,46.985837],[28.930622,46.985693],[28.930194,46.985591]]]]}},{"type":"Feature","properties":{"tip":"brownfield","nume":null,"ha":1.19},"geometry":{"type":"MultiPolygon","coordinates":[[[[28.931559,46.99085],[28.93089,46.990701],[28.93087,46.990664],[28.931661,46.989019],[28.931712,46.988999],[28.932396,46.989152],[28.932415,46.989191],[28.931614,46.990831],[28.931559,46.99085]]]]}},{"type":"Feature","properties":{"tip":"brownfield","nume":null,"ha":1.28},"geometry":{"type":"MultiPolygon","coordinates":[[[[28.931739,46.990863],[28.932534,46.989215],[28.932582,46.989198],[28.933117,46.989317],[28.933124,46.989337],[28.933124,46.989358],[28.932917,46.989726],[28.932968,46.989739],[28.933251,46.989242],[28.933343,46.989216],[28.933584,46.989783],[28.932962,46.98991],[28.932476,46.99103],[28.932423,46.991046],[28.931766,46.990892],[28.931739,46.990863]]]]}},{"type":"Feature","properties":{"tip":"brownfield","nume":null,"ha":0.96},"geometry":{"type":"MultiPolygon","coordinates":[[[[28.932876,46.991149],[28.932619,46.991092],[28.932592,46.991059],[28.933042,46.990003],[28.933088,46.989972],[28.933568,46.989877],[28.933842,46.990477],[28.93396,46.990931],[28.933917,46.990975],[28.932967,46.99115],[28.932876,46.991149]]]]}},{"type":"Feature","properties":{"tip":"brownfield","nume":null,"ha":0.79},"geometry":{"type":"MultiPolygon","coordinates":[[[[28.932914,46.991805],[28.932849,46.991805],[28.932321,46.991686],[28.932297,46.991652],[28.932527,46.991183],[28.932576,46.991169],[28.932868,46.991234],[28.932959,46.991236],[28.933936,46.991052],[28.934,46.991073],[28.934126,46.991536],[28.934075,46.991588],[28.932914,46.991805]]]]}},{"type":"Feature","properties":{"tip":"brownfield","nume":null,"ha":0.65},"geometry":{"type":"MultiPolygon","coordinates":[[[[28.93223,46.991778],[28.932281,46.991761],[28.932841,46.991889],[28.932892,46.991889],[28.934088,46.991663],[28.934158,46.991688],[28.93422,46.991922],[28.934185,46.991929],[28.93366,46.992026],[28.933353,46.992083],[28.932527,46.992235],[28.932522,46.992314],[28.932425,46.992314],[28.93245,46.992468],[28.93209,46.992532],[28.932018,46.992484],[28.932106,46.992113],[28.932141,46.991981],[28.93223,46.991778]]]]}},{"type":"Feature","properties":{"tip":"brownfield","nume":null,"ha":1.06},"geometry":{"type":"MultiPolygon","coordinates":[[[[28.929035,46.991913],[28.928981,46.99193],[28.928271,46.991674],[28.928255,46.991633],[28.92888,46.99036],[28.928933,46.990344],[28.929682,46.990512],[28.9297,46.99055],[28.929035,46.991913]]]]}},{"type":"Feature","properties":{"tip":"brownfield","nume":null,"ha":1.16},"geometry":{"type":"MultiPolygon","coordinates":[[[[28.929885,46.992252],[28.929167,46.991996],[28.92914,46.991952],[28.929818,46.990569],[28.929869,46.990556],[28.930628,46.990724],[28.930652,46.990763],[28.929931,46.992235],[28.929885,46.992252]]]]}},{"type":"Feature","properties":{"tip":"brownfield","nume":null,"ha":1.12},"geometry":{"type":"MultiPolygon","coordinates":[[[[28.93073,46.992561],[28.930092,46.992334],[28.930068,46.992288],[28.930805,46.990792],[28.930854,46.990777],[28.931527,46.990931],[28.931548,46.990969],[28.930778,46.992548],[28.93073,46.992561]]]]}},{"type":"Feature","properties":{"tip":"brownfield","nume":null,"ha":1.29},"geometry":{"type":"MultiPolygon","coordinates":[[[[28.930905,46.992627],[28.930886,46.992581],[28.931224,46.991886],[28.931666,46.990991],[28.931715,46.990973],[28.932388,46.991121],[28.932415,46.991167],[28.93201,46.991994],[28.931918,46.992362],[28.931806,46.992914],[28.931752,46.99293],[28.930905,46.992627]]]]}},{"type":"Feature","properties":{"tip":"brownfield","nume":null,"ha":0.13},"geometry":{"type":"MultiPolygon","coordinates":[[[[28.943026,46.995522],[28.94369,46.995554],[28.94366,46.995782],[28.943426,46.995768],[28.943116,46.995749],[28.942993,46.995742],[28.943026,46.995522]]]]}},{"type":"Feature","properties":{"tip":"construction","nume":null,"ha":0.13},"geometry":{"type":"MultiPolygon","coordinates":[[[[28.943632,46.996006],[28.943604,46.996228],[28.942936,46.996195],[28.942966,46.995967],[28.943172,46.995979],[28.943632,46.996006]]]]}},{"type":"Feature","properties":{"tip":"brownfield","nume":null,"ha":0.13},"geometry":{"type":"MultiPolygon","coordinates":[[[[28.943574,46.996457],[28.942904,46.996419],[28.942936,46.996195],[28.943604,46.996228],[28.943574,46.996457]]]]}},{"type":"Feature","properties":{"tip":"brownfield","nume":null,"ha":0.12},"geometry":{"type":"MultiPolygon","coordinates":[[[[28.942877,46.996618],[28.942904,46.996419],[28.943574,46.996457],[28.943546,46.996673],[28.942877,46.996618]]]]}},{"type":"Feature","properties":{"tip":"brownfield","nume":null,"ha":0.13},"geometry":{"type":"MultiPolygon","coordinates":[[[[28.94285,46.996843],[28.942877,46.996618],[28.943546,46.996673],[28.943517,46.996902],[28.942898,46.996868],[28.942901,46.996845],[28.94285,46.996843]]]]}},{"type":"Feature","properties":{"tip":"brownfield","nume":null,"ha":0.11},"geometry":{"type":"MultiPolygon","coordinates":[[[[28.943266,46.997096],[28.943495,46.997114],[28.943472,46.997344],[28.94286,46.997319],[28.94288,46.9971],[28.943262,46.997127],[28.943266,46.997096]]]]}},{"type":"Feature","properties":{"tip":"construction","nume":null,"ha":0.14},"geometry":{"type":"MultiPolygon","coordinates":[[[[28.942251,46.996979],[28.942622,46.997001],[28.94258,46.997301],[28.942512,46.997324],[28.941867,46.997042],[28.941879,46.996956],[28.942251,46.996979]]]]}},{"type":"Feature","properties":{"tip":"brownfield","nume":null,"ha":0.07},"geometry":{"type":"MultiPolygon","coordinates":[[[[28.942278,46.996756],[28.942649,46.996777],[28.942622,46.997001],[28.942251,46.996979],[28.942278,46.996756]]]]}},{"type":"Feature","properties":{"tip":"orchard","nume":null,"ha":0.06},"geometry":{"type":"MultiPolygon","coordinates":[[[[28.944378,46.997143],[28.944401,46.996944],[28.944723,46.996954],[28.944691,46.997181],[28.944351,46.997167],[28.944353,46.997143],[28.944378,46.997143]]]]}},{"type":"Feature","properties":{"tip":"brownfield","nume":null,"ha":1.14},"geometry":{"type":"MultiPolygon","coordinates":[[[[28.941995,46.971947],[28.94285,46.972071],[28.94223,46.973675],[28.941489,46.973579],[28.941778,46.972839],[28.941735,46.972646],[28.941995,46.971947]]]]}},{"type":"Feature","properties":{"tip":"brownfield","nume":null,"ha":0.44},"geometry":{"type":"MultiPolygon","coordinates":[[[[28.943172,46.973777],[28.942379,46.973687],[28.942653,46.972958],[28.943333,46.973185],[28.943172,46.973777]]]]}},{"type":"Feature","properties":{"tip":"brownfield","nume":null,"ha":0.16},"geometry":{"type":"MultiPolygon","coordinates":[[[[28.945123,46.973496],[28.945061,46.973726],[28.94428,46.973627],[28.944342,46.973397],[28.944906,46.973468],[28.944996,46.97348],[28.945123,46.973496]]]]}},{"type":"Feature","properties":{"tip":"brownfield","nume":null,"ha":0.07},"geometry":{"type":"MultiPolygon","coordinates":[[[[28.945706,46.973807],[28.945365,46.973764],[28.945428,46.973535],[28.945768,46.973578],[28.945706,46.973807]]]]}},{"type":"Feature","properties":{"tip":"brownfield","nume":null,"ha":0.29},"geometry":{"type":"MultiPolygon","coordinates":[[[[28.944066,46.973891],[28.943326,46.973786],[28.943476,46.973266],[28.944178,46.973529],[28.944066,46.973891]]]]}},{"type":"Feature","properties":{"tip":"construction","nume":null,"ha":0.06},"geometry":{"type":"MultiPolygon","coordinates":[[[[28.943049,46.970516],[28.943117,46.970346],[28.943521,46.970397],[28.94345,46.970573],[28.943049,46.970516]]]]}},{"type":"Feature","properties":{"tip":"brownfield","nume":null,"ha":0.61},"geometry":{"type":"MultiPolygon","coordinates":[[[[28.942018,46.971864],[28.942551,46.970452],[28.943049,46.970516],[28.942975,46.970698],[28.942688,46.971412],[28.942653,46.971498],[28.94262,46.971582],[28.942477,46.971936],[28.942018,46.971864]]]]}},{"type":"Feature","properties":{"tip":"brownfield","nume":null,"ha":0.26},"geometry":{"type":"MultiPolygon","coordinates":[[[[28.942688,46.971412],[28.942975,46.970698],[28.943379,46.970752],[28.943092,46.97147],[28.942688,46.971412]]]]}},{"type":"Feature","properties":{"tip":"brownfield","nume":null,"ha":0.13},"geometry":{"type":"MultiPolygon","coordinates":[[[[28.942477,46.971936],[28.94262,46.971582],[28.943021,46.971645],[28.942881,46.971997],[28.942477,46.971936]]]]}},{"type":"Feature","properties":{"tip":"farmland","nume":null,"ha":0.25},"geometry":{"type":"MultiPolygon","coordinates":[[[[28.942382,46.969866],[28.942394,46.970256],[28.942228,46.970253],[28.941974,46.97025],[28.94166,46.970245],[28.941668,46.969818],[28.942382,46.969866]]]]}},{"type":"Feature","properties":{"tip":"industrial","nume":null,"ha":0.09},"geometry":{"type":"MultiPolygon","coordinates":[[[[28.941951,46.970719],[28.941974,46.97025],[28.942228,46.970253],[28.942172,46.970724],[28.941951,46.970719]]]]}},{"type":"Feature","properties":{"tip":"industrial","nume":null,"ha":0.12},"geometry":{"type":"MultiPolygon","coordinates":[[[[28.94166,46.970245],[28.941974,46.97025],[28.941951,46.970719],[28.941649,46.970703],[28.94165,46.970663],[28.94166,46.970245]]]]}},{"type":"Feature","properties":{"tip":"brownfield","nume":null,"ha":0.47},"geometry":{"type":"MultiPolygon","coordinates":[[[[28.939418,46.970413],[28.939585,46.970253],[28.939811,46.970363],[28.9399,46.970294],[28.939849,46.970264],[28.940101,46.9701],[28.940539,46.97033],[28.940458,46.970731],[28.940255,46.970734],[28.940142,46.970736],[28.939922,46.97074],[28.939808,46.970743],[28.939529,46.970741],[28.939427,46.970731],[28.939269,46.97067],[28.939418,46.970413]]]]}},{"type":"Feature","properties":{"tip":"brownfield","nume":null,"ha":0.16},"geometry":{"type":"MultiPolygon","coordinates":[[[[28.940627,46.970365],[28.940539,46.97033],[28.940101,46.9701],[28.940255,46.969986],[28.940483,46.969846],[28.94055,46.969803],[28.940739,46.969881],[28.940725,46.96994],[28.940627,46.970365]]]]}},{"type":"Feature","properties":{"tip":"industrial","nume":null,"ha":0.1},"geometry":{"type":"MultiPolygon","coordinates":[[[[28.940541,46.970721],[28.940627,46.970365],[28.940947,46.97036],[28.940866,46.970711],[28.940541,46.970721]]]]}},{"type":"Feature","properties":{"tip":"forest","nume":null,"ha":0.23},"geometry":{"type":"MultiPolygon","coordinates":[[[[28.940725,46.96994],[28.940739,46.969881],[28.94055,46.969803],[28.940918,46.969568],[28.940991,46.969382],[28.941205,46.969461],[28.941324,46.969795],[28.94135,46.969906],[28.940904,46.969895],[28.940966,46.970134],[28.940857,46.970127],[28.940725,46.96994]]]]}},{"type":"Feature","properties":{"tip":"industrial","nume":null,"ha":2.02},"geometry":{"type":"MultiPolygon","coordinates":[[[[28.939597,46.971744],[28.939683,46.970982],[28.939488,46.970991],[28.939527,46.970788],[28.940239,46.970798],[28.940016,46.97336],[28.939936,46.974278],[28.939494,46.974263],[28.939155,46.974252],[28.939159,46.974219],[28.939161,46.974196],[28.939165,46.974161],[28.939249,46.973329],[28.939279,46.973034],[28.939361,46.972233],[28.93954,46.972246],[28.939597,46.971744]]]]}},{"type":"Feature","properties":{"tip":"farmland","nume":null,"ha":1.22},"geometry":{"type":"MultiPolygon","coordinates":[[[[28.941493,46.97079],[28.942284,46.970798],[28.94186,46.971913],[28.941606,46.972579],[28.941585,46.972635],[28.94081,46.972526],[28.941397,46.971033],[28.941493,46.97079]]]]}},{"type":"Feature","properties":{"tip":"meadow","nume":null,"ha":11.62},"geometry":{"type":"MultiPolygon","coordinates":[[[[28.941523,46.970739],[28.941493,46.97079],[28.941397,46.971033],[28.94081,46.972526],[28.941585,46.972635],[28.941638,46.972832],[28.941323,46.973641],[28.944041,46.973976],[28.944008,46.974099],[28.943962,46.974276],[28.943915,46.974453],[28.943869,46.97463],[28.943822,46.974807],[28.943776,46.974984],[28.943729,46.975161],[28.943683,46.975338],[28.943636,46.975516],[28.943589,46.975693],[28.943543,46.97587],[28.943496,46.976047],[28.94345,46.976224],[28.942241,46.976172],[28.942226,46.97657],[28.940383,46.976541],[28.940192,46.976538],[28.940151,46.97625],[28.940103,46.976115],[28.939995,46.976007],[28.939856,46.975947],[28.939609,46.975875],[28.939688,46.975296],[28.939763,46.974967],[28.939936,46.974278],[28.940016,46.97336],[28.940239,46.970798],[28.940358,46.970793],[28.940534,46.970784],[28.941523,46.970739]]]]}},{"type":"Feature","properties":{"tip":"brownfield","nume":null,"ha":1.04},"geometry":{"type":"MultiPolygon","coordinates":[[[[28.943397,46.9764],[28.94345,46.976224],[28.943496,46.976047],[28.943543,46.97587],[28.943589,46.975693],[28.943636,46.975516],[28.943683,46.975338],[28.943729,46.975161],[28.943776,46.974984],[28.943822,46.974807],[28.943869,46.97463],[28.943915,46.974453],[28.943962,46.974276],[28.944008,46.974099],[28.944041,46.973976],[28.944134,46.973991],[28.944205,46.973743],[28.94456,46.973785],[28.944208,46.974839],[28.943708,46.976823],[28.943352,46.976774],[28.943365,46.976579],[28.943368,46.976535],[28.943397,46.9764]]]]}},{"type":"Feature","properties":{"tip":"religious","nume":null,"ha":0.07},"geometry":{"type":"MultiPolygon","coordinates":[[[[28.936258,46.967998],[28.936396,46.96788],[28.936793,46.968129],[28.936642,46.968242],[28.936516,46.968161],[28.936445,46.968115],[28.936258,46.967998]]]]}},{"type":"Feature","properties":{"tip":"vineyard","nume":null,"ha":0.09},"geometry":{"type":"MultiPolygon","coordinates":[[[[28.936793,46.968129],[28.936396,46.96788],[28.936509,46.967766],[28.93678,46.967935],[28.937139,46.968323],[28.937105,46.96834],[28.936793,46.968129]]]]}},{"type":"Feature","properties":{"tip":"farmland","nume":null,"ha":0.17},"geometry":{"type":"MultiPolygon","coordinates":[[[[28.93726,46.968475],[28.937105,46.96834],[28.937139,46.968323],[28.93678,46.967935],[28.936509,46.967766],[28.936611,46.967676],[28.936818,46.967774],[28.937061,46.967949],[28.937476,46.96837],[28.93726,46.968475]]]]}},{"type":"Feature","properties":{"tip":"commercial","nume":null,"ha":0.18},"geometry":{"type":"MultiPolygon","coordinates":[[[[28.940661,46.958203],[28.940715,46.958234],[28.940504,46.958515],[28.940384,46.958675],[28.940127,46.958589],[28.940115,46.958571],[28.940079,46.958575],[28.940031,46.958559],[28.940127,46.958396],[28.940224,46.958233],[28.940268,46.958158],[28.940307,46.958092],[28.940498,46.958145],[28.940566,46.958164],[28.940661,46.958203]]]]}},{"type":"Feature","properties":{"tip":"religious","nume":null,"ha":0.3},"geometry":{"type":"MultiPolygon","coordinates":[[[[28.939892,46.959481],[28.939552,46.959387],[28.939603,46.959299],[28.939628,46.959255],[28.93988,46.958819],[28.940421,46.958995],[28.94028,46.959227],[28.940092,46.959537],[28.939892,46.959481]]]]}},{"type":"Feature","properties":{"tip":"commercial","nume":null,"ha":0.07},"geometry":{"type":"MultiPolygon","coordinates":[[[[28.939963,46.958689],[28.940017,46.958585],[28.940381,46.958701],[28.940321,46.958781],[28.940365,46.958795],[28.940517,46.958847],[28.940471,46.958918],[28.939931,46.958752],[28.939963,46.958689]]]]}},{"type":"Feature","properties":{"tip":"forest","nume":null,"ha":0.35},"geometry":{"type":"MultiPolygon","coordinates":[[[[28.951296,46.943315],[28.951393,46.94333],[28.951178,46.943498],[28.95133,46.943611],[28.951182,46.943696],[28.95082,46.943989],[28.950566,46.944156],[28.950448,46.94422],[28.950372,46.944185],[28.9503,46.944153],[28.950261,46.944134],[28.950302,46.944049],[28.950504,46.943832],[28.950521,46.943698],[28.95077,46.943476],[28.950908,46.943406],[28.95112,46.943349],[28.951296,46.943315]]]]}},{"type":"Feature","properties":{"tip":"commercial","nume":null,"ha":0.02},"geometry":{"type":"MultiPolygon","coordinates":[[[[28.95018,46.944228],[28.950261,46.944134],[28.9503,46.944153],[28.950372,46.944185],[28.950448,46.94422],[28.950287,46.944268],[28.95018,46.944228]]]]}},{"type":"Feature","properties":{"tip":"brownfield","nume":null,"ha":0.29},"geometry":{"type":"MultiPolygon","coordinates":[[[[28.950115,46.943952],[28.949787,46.944376],[28.949335,46.944154],[28.949401,46.944097],[28.949996,46.943572],[28.950321,46.943741],[28.950115,46.943952]]]]}},{"type":"Feature","properties":{"tip":"farmland","nume":null,"ha":0.25},"geometry":{"type":"MultiPolygon","coordinates":[[[[28.949996,46.943572],[28.949401,46.944097],[28.949049,46.943911],[28.949643,46.943386],[28.949996,46.943572]]]]}},{"type":"Feature","properties":{"tip":"residential","nume":null,"ha":0.02},"geometry":{"type":"MultiPolygon","coordinates":[[[[28.93093,46.997271],[28.930818,46.997395],[28.9308,46.997387],[28.930935,46.997242],[28.930951,46.997248],[28.93093,46.997271]]],[[[28.9317,46.997807],[28.931846,46.997936],[28.931658,46.997781],[28.931645,46.997765],[28.931645,46.997764],[28.931659,46.99777],[28.9317,46.997807]]],[[[28.93219,46.998521],[28.931986,46.998863],[28.931971,46.998855],[28.932042,46.998735],[28.932091,46.998653],[28.932166,46.998526],[28.932225,46.998427],[28.932285,46.998327],[28.931973,46.998058],[28.931978,46.998054],[28.932299,46.998339],[28.932246,46.998427],[28.93219,46.998521]]],[[[28.932199,46.999511],[28.932098,46.999619],[28.932094,46.999618],[28.932198,46.999498],[28.932524,46.999137],[28.932324,46.999037],[28.932247,46.998997],[28.932476,46.99911],[28.932525,46.999134],[28.932519,46.999169],[28.932199,46.999511]]]]}},{"type":"Feature","properties":{"tip":"vineyard","nume":null,"ha":0.14},"geometry":{"type":"MultiPolygon","coordinates":[[[[28.95032,46.980346],[28.948806,46.980415],[28.948801,46.980305],[28.950304,46.98023],[28.95032,46.980346]]]]}},{"type":"Feature","properties":{"tip":"vineyard","nume":null,"ha":0.15},"geometry":{"type":"MultiPolygon","coordinates":[[[[28.949985,46.97784],[28.948645,46.977851],[28.948636,46.977815],[28.94862,46.977744],[28.949959,46.977681],[28.949985,46.97784]]]]}},{"type":"Feature","properties":{"tip":"farmland","nume":null,"ha":10.91},"geometry":{"type":"MultiPolygon","coordinates":[[[[28.951729,46.979284],[28.951611,46.978171],[28.951812,46.978156],[28.953793,46.978],[28.953598,46.977031],[28.954826,46.977008],[28.95491,46.977122],[28.956066,46.981396],[28.953011,46.981815],[28.953003,46.981771],[28.952722,46.980317],[28.952624,46.979806],[28.952556,46.979583],[28.952545,46.979546],[28.952491,46.979368],[28.95248,46.979331],[28.952459,46.979264],[28.952446,46.979228],[28.951729,46.979284]]]]}},{"type":"Feature","properties":{"tip":"farmland","nume":null,"ha":10.51},"geometry":{"type":"MultiPolygon","coordinates":[[[[28.953029,46.982004],[28.953011,46.981815],[28.956066,46.981396],[28.957252,46.985674],[28.953928,46.985243],[28.95389,46.985165],[28.953883,46.985106],[28.953877,46.98506],[28.953864,46.984961],[28.95386,46.984932],[28.953837,46.984862],[28.953829,46.984836],[28.95381,46.984777],[28.953764,46.984636],[28.953742,46.984582],[28.953661,46.98439],[28.953637,46.984335],[28.953598,46.984199],[28.95357,46.984103],[28.953553,46.984059],[28.953536,46.984015],[28.9535,46.983921],[28.953476,46.983858],[28.953471,46.983846],[28.953414,46.983696],[28.953402,46.983663],[28.953427,46.983472],[28.953053,46.982256],[28.953048,46.982202],[28.953039,46.982103],[28.953029,46.982004]]]]}},{"type":"Feature","properties":{"tip":"brownfield","nume":null,"ha":1.81},"geometry":{"type":"MultiPolygon","coordinates":[[[[28.952167,46.98464],[28.951829,46.984597],[28.952249,46.983897],[28.952035,46.983063],[28.952352,46.982977],[28.953129,46.982902],[28.953271,46.983247],[28.953339,46.983739],[28.953416,46.984005],[28.953176,46.984564],[28.952588,46.984471],[28.952485,46.984682],[28.952396,46.984849],[28.952302,46.985028],[28.951649,46.984928],[28.951762,46.984732],[28.952103,46.984781],[28.952167,46.98464]]]]}},{"type":"Feature","properties":{"tip":"brownfield","nume":null,"ha":0.24},"geometry":{"type":"MultiPolygon","coordinates":[[[[28.953438,46.984951],[28.953168,46.984916],[28.953485,46.984178],[28.953738,46.984939],[28.953773,46.985179],[28.953425,46.985129],[28.953438,46.984951]]]]}},{"type":"Feature","properties":{"tip":"brownfield","nume":null,"ha":1.71},"geometry":{"type":"MultiPolygon","coordinates":[[[[28.952606,46.980315],[28.953129,46.982902],[28.952352,46.982977],[28.951847,46.980399],[28.952606,46.980315]]]]}},{"type":"Feature","properties":{"tip":"farmland","nume":null,"ha":2.17},"geometry":{"type":"MultiPolygon","coordinates":[[[[28.948137,46.981775],[28.948006,46.981509],[28.948892,46.981855],[28.948972,46.98193],[28.949083,46.982739],[28.949349,46.982725],[28.949342,46.983018],[28.949331,46.983458],[28.949207,46.983483],[28.948487,46.983519],[28.94823,46.983258],[28.947486,46.982476],[28.947237,46.982056],[28.947218,46.981985],[28.947358,46.981817],[28.947481,46.981693],[28.947616,46.981572],[28.94766,46.981801],[28.948137,46.981775]]]]}},{"type":"Feature","properties":{"tip":"brownfield","nume":null,"ha":0.6},"geometry":{"type":"MultiPolygon","coordinates":[[[[28.951283,46.982881],[28.949342,46.983018],[28.949349,46.982725],[28.949428,46.982727],[28.950225,46.982677],[28.951042,46.982625],[28.951859,46.982573],[28.95194,46.982833],[28.951458,46.982868],[28.951283,46.982881]]]]}},{"type":"Feature","properties":{"tip":"construction","nume":null,"ha":0.07},"geometry":{"type":"MultiPolygon","coordinates":[[[[28.952225,46.982807],[28.95194,46.982833],[28.951859,46.982573],[28.952184,46.982552],[28.952225,46.982807]]]]}},{"type":"Feature","properties":{"tip":"construction","nume":null,"ha":0.3},"geometry":{"type":"MultiPolygon","coordinates":[[[[28.949233,46.981816],[28.949411,46.9818],[28.949619,46.982656],[28.949164,46.982679],[28.94903,46.981833],[28.949233,46.981816]]]]}},{"type":"Feature","properties":{"tip":"farmland","nume":null,"ha":1.14},"geometry":{"type":"MultiPolygon","coordinates":[[[[28.951161,46.982568],[28.949619,46.982656],[28.949411,46.9818],[28.950962,46.981705],[28.951161,46.982568]]]]}},{"type":"Feature","properties":{"tip":"vineyard","nume":null,"ha":0.19},"geometry":{"type":"MultiPolygon","coordinates":[[[[28.951414,46.98255],[28.951161,46.982568],[28.950962,46.981705],[28.951213,46.981686],[28.951414,46.98255]]]]}},{"type":"Feature","properties":{"tip":"farmland","nume":null,"ha":0.57},"geometry":{"type":"MultiPolygon","coordinates":[[[[28.952191,46.982493],[28.951414,46.98255],[28.951213,46.981686],[28.951808,46.981656],[28.951866,46.981688],[28.952011,46.981769],[28.952098,46.982027],[28.952154,46.982264],[28.952196,46.982445],[28.952195,46.982459],[28.952191,46.982493]]]]}},{"type":"Feature","properties":{"tip":"industrial","nume":null,"ha":0.02},"geometry":{"type":"MultiPolygon","coordinates":[[[[28.948258,46.981403],[28.948051,46.98143],[28.948024,46.981336],[28.948236,46.981308],[28.948257,46.981399],[28.948258,46.981403]]]]}},{"type":"Feature","properties":{"tip":"farmland","nume":null,"ha":0.18},"geometry":{"type":"MultiPolygon","coordinates":[[[[28.948258,46.981403],[28.948257,46.981399],[28.948687,46.981351],[28.948792,46.981337],[28.948934,46.981603],[28.948967,46.981794],[28.948877,46.981795],[28.948083,46.981475],[28.948051,46.98143],[28.948258,46.981403]]]]}},{"type":"Feature","properties":{"tip":"forest","nume":null,"ha":42.05},"geometry":{"type":"MultiPolygon","coordinates":[[[[28.952509,46.99904],[28.952388,46.99913],[28.952313,46.999151],[28.952236,46.999136],[28.952069,46.999072],[28.951784,46.998851],[28.95112,46.997931],[28.950529,46.996642],[28.951024,46.996572],[28.95118,46.996549],[28.950744,46.995734],[28.949991,46.995781],[28.949886,46.995784],[28.949739,46.995464],[28.949676,46.995188],[28.949542,46.995],[28.949928,46.994846],[28.94973,46.993656],[28.949334,46.99366],[28.949122,46.990996],[28.949402,46.990965],[28.949697,46.990898],[28.949715,46.990836],[28.94975,46.990758],[28.949798,46.990558],[28.949813,46.990155],[28.94988,46.990164],[28.950195,46.990191],[28.950458,46.989984],[28.950649,46.989856],[28.950647,46.989804],[28.951161,46.989814],[28.951196,46.989605],[28.951518,46.989001],[28.951093,46.988861],[28.951114,46.98883],[28.950954,46.988783],[28.950819,46.988658],[28.950437,46.988785],[28.950316,46.98862],[28.950114,46.988572],[28.950052,46.988519],[28.949949,46.988406],[28.949883,46.987978],[28.949273,46.987274],[28.949079,46.987062],[28.949004,46.986945],[28.948965,46.986683],[28.948939,46.986581],[28.949051,46.986567],[28.94945,46.986552],[28.949609,46.986847],[28.949835,46.987149],[28.950595,46.987877],[28.950672,46.987951],[28.951742,46.987105],[28.95297,46.985838],[28.953922,46.985962],[28.953897,46.986484],[28.954134,46.986827],[28.954195,46.987178],[28.954308,46.98739],[28.954629,46.987709],[28.954659,46.987819],[28.954577,46.988087],[28.954478,46.989236],[28.954558,46.989259],[28.955575,46.989558],[28.955875,46.990879],[28.95583,46.991381],[28.955015,46.993073],[28.954907,46.99303],[28.954301,46.992496],[28.953503,46.992089],[28.953411,46.992429],[28.953097,46.993199],[28.953107,46.993603],[28.953197,46.993977],[28.953384,46.994657],[28.953514,46.995673],[28.953559,46.996293],[28.953452,46.996755],[28.953463,46.996832],[28.954258,46.997025],[28.953848,46.997572],[28.952509,46.99904]]]]}},{"type":"Feature","properties":{"tip":"farmyard","nume":"Fermă","ha":0.53},"geometry":{"type":"MultiPolygon","coordinates":[[[[28.950048,46.995872],[28.949991,46.995781],[28.950744,46.995734],[28.95118,46.996549],[28.951024,46.996572],[28.950529,46.996642],[28.950048,46.995872]]]]}},{"type":"Feature","properties":{"tip":"orchard","nume":null,"ha":0.57},"geometry":{"type":"MultiPolygon","coordinates":[[[[28.949334,46.99366],[28.94973,46.993656],[28.949928,46.994846],[28.949542,46.995],[28.949411,46.994787],[28.949156,46.993659],[28.949334,46.99366]]]]}},{"type":"Feature","properties":{"tip":"meadow","nume":null,"ha":1.43},"geometry":{"type":"MultiPolygon","coordinates":[[[[28.949122,46.990996],[28.949334,46.99366],[28.949156,46.993659],[28.948633,46.992205],[28.948226,46.991836],[28.948155,46.991598],[28.9481,46.991097],[28.948125,46.990999],[28.949122,46.990996]]]]}},{"type":"Feature","properties":{"tip":"farmland","nume":null,"ha":2.85},"geometry":{"type":"MultiPolygon","coordinates":[[[[28.94773,46.991702],[28.948084,46.99173],[28.948313,46.992472],[28.948232,46.992846],[28.948224,46.993118],[28.948576,46.995337],[28.948215,46.995513],[28.948065,46.995519],[28.947922,46.995512],[28.947678,46.995343],[28.947351,46.994751],[28.947715,46.994749],[28.947479,46.993689],[28.947531,46.993689],[28.947487,46.992884],[28.947177,46.992858],[28.947221,46.99166],[28.947257,46.991663],[28.94773,46.991702]]]]}},{"type":"Feature","properties":{"tip":"farmland","nume":null,"ha":1.5},"geometry":{"type":"MultiPolygon","coordinates":[[[[28.948407,46.992473],[28.948261,46.991952],[28.948565,46.992244],[28.949016,46.993507],[28.949329,46.994824],[28.949456,46.995011],[28.948653,46.995296],[28.948315,46.993103],[28.948322,46.992858],[28.948407,46.992473]]]]}},{"type":"Feature","properties":{"tip":"farmland","nume":null,"ha":1.09},"geometry":{"type":"MultiPolygon","coordinates":[[[[28.946531,46.997458],[28.946089,46.997848],[28.946015,46.997831],[28.94579,46.997817],[28.945816,46.99763],[28.946057,46.997644],[28.946045,46.997381],[28.945878,46.997372],[28.945882,46.997219],[28.945884,46.997141],[28.945896,46.997035],[28.945908,46.996927],[28.945928,46.996928],[28.945937,46.996844],[28.94594,46.996813],[28.945947,46.996754],[28.94595,46.996728],[28.945952,46.99671],[28.946017,46.996711],[28.946023,46.996657],[28.946041,46.996495],[28.946044,46.996471],[28.945959,46.996469],[28.945963,46.996432],[28.94597,46.996372],[28.945977,46.996313],[28.945985,46.99624],[28.945994,46.996161],[28.945997,46.99613],[28.946008,46.996032],[28.946011,46.996001],[28.946015,46.995972],[28.946025,46.995892],[28.946035,46.99581],[28.946043,46.995785],[28.946103,46.995589],[28.946601,46.995621],[28.946656,46.995616],[28.946531,46.997458]]]]}},{"type":"Feature","properties":{"tip":"farmland","nume":null,"ha":1.72},"geometry":{"type":"MultiPolygon","coordinates":[[[[28.946415,46.998249],[28.946109,46.998213],[28.946166,46.997865],[28.946434,46.997675],[28.946634,46.997473],[28.946757,46.995609],[28.947416,46.995558],[28.947649,46.995546],[28.947918,46.995558],[28.948139,46.995589],[28.947893,46.996139],[28.947467,46.996604],[28.947187,46.997028],[28.946904,46.997816],[28.946599,46.998018],[28.946415,46.998249]]]]}},{"type":"Feature","properties":{"tip":"farmland","nume":null,"ha":0.67},"geometry":{"type":"MultiPolygon","coordinates":[[[[28.951996,46.999119],[28.95225,46.999206],[28.952029,46.999269],[28.951758,46.999294],[28.951414,46.999244],[28.950092,46.998978],[28.951415,46.998466],[28.951711,46.99887],[28.951996,46.999119]]]]}},{"type":"Feature","properties":{"tip":"orchard","nume":null,"ha":1.38},"geometry":{"type":"MultiPolygon","coordinates":[[[[28.951415,46.998466],[28.950092,46.998978],[28.949959,46.998922],[28.949539,46.99798],[28.950806,46.99745],[28.951044,46.997944],[28.951415,46.998466]]]]}},{"type":"Feature","properties":{"tip":"farmland","nume":null,"ha":0.62},"geometry":{"type":"MultiPolygon","coordinates":[[[[28.950806,46.99745],[28.949539,46.99798],[28.949316,46.997503],[28.950568,46.996967],[28.950806,46.99745]]]]}},{"type":"Feature","properties":{"tip":"orchard","nume":null,"ha":0.31},"geometry":{"type":"MultiPolygon","coordinates":[[[[28.950568,46.996967],[28.949316,46.997503],[28.9492,46.997245],[28.950463,46.996736],[28.950568,46.996967]]]]}},{"type":"Feature","properties":{"tip":"farmland","nume":null,"ha":0.29},"geometry":{"type":"MultiPolygon","coordinates":[[[[28.950463,46.996736],[28.9492,46.997245],[28.949089,46.997015],[28.950324,46.996519],[28.950463,46.996736]]]]}},{"type":"Feature","properties":{"tip":"orchard","nume":null,"ha":0.57},"geometry":{"type":"MultiPolygon","coordinates":[[[[28.949977,46.99608],[28.950324,46.996519],[28.949089,46.997015],[28.948837,46.996554],[28.949977,46.99608]]]]}},{"type":"Feature","properties":{"tip":"farmland","nume":null,"ha":0.61},"geometry":{"type":"MultiPolygon","coordinates":[[[[28.949977,46.99608],[28.948837,46.996554],[28.948544,46.996054],[28.949666,46.995553],[28.949777,46.995779],[28.949977,46.99608]]]]}},{"type":"Feature","properties":{"tip":"orchard","nume":null,"ha":0.32},"geometry":{"type":"MultiPolygon","coordinates":[[[[28.949666,46.995553],[28.948544,46.996054],[28.948377,46.99578],[28.949615,46.995278],[28.949666,46.995553]]]]}},{"type":"Feature","properties":{"tip":"farmland","nume":null,"ha":0.27},"geometry":{"type":"MultiPolygon","coordinates":[[[[28.949615,46.995278],[28.948377,46.99578],[28.948236,46.995596],[28.948719,46.995369],[28.949329,46.995132],[28.949466,46.995129],[28.949556,46.995152],[28.949615,46.995278]]]]}},{"type":"Feature","properties":{"tip":"farmland","nume":null,"ha":1.16},"geometry":{"type":"MultiPolygon","coordinates":[[[[28.947956,46.996173],[28.948183,46.995654],[28.948505,46.996177],[28.948805,46.996686],[28.947672,46.99711],[28.94783,46.997401],[28.947882,46.997497],[28.946964,46.997897],[28.94727,46.997054],[28.947552,46.996625],[28.947956,46.996173]]]]}},{"type":"Feature","properties":{"tip":"orchard","nume":null,"ha":0.32},"geometry":{"type":"MultiPolygon","coordinates":[[[[28.947672,46.99711],[28.948805,46.996686],[28.948951,46.996947],[28.94783,46.997401],[28.947672,46.99711]]]]}},{"type":"Feature","properties":{"tip":"farmland","nume":null,"ha":0.35},"geometry":{"type":"MultiPolygon","coordinates":[[[[28.947882,46.997497],[28.94783,46.997401],[28.948951,46.996947],[28.949104,46.997268],[28.947994,46.997702],[28.947971,46.997659],[28.947882,46.997497]]]]}},{"type":"Feature","properties":{"tip":"orchard","nume":null,"ha":0.74},"geometry":{"type":"MultiPolygon","coordinates":[[[[28.947994,46.997702],[28.949104,46.997268],[28.949419,46.997936],[28.94829,46.998369],[28.948044,46.997813],[28.947994,46.997702]]]]}},{"type":"Feature","properties":{"tip":"orchard","nume":null,"ha":0.2},"geometry":{"type":"MultiPolygon","coordinates":[[[[28.947882,46.997497],[28.947971,46.997659],[28.946552,46.998255],[28.946651,46.998092],[28.946964,46.997897],[28.947882,46.997497]]]]}},{"type":"Feature","properties":{"tip":"vineyard","nume":null,"ha":0.2},"geometry":{"type":"MultiPolygon","coordinates":[[[[28.947994,46.997702],[28.948044,46.997813],[28.946778,46.998327],[28.946552,46.998255],[28.947971,46.997659],[28.947994,46.997702]]]]}},{"type":"Feature","properties":{"tip":"farmland","nume":null,"ha":0.52},"geometry":{"type":"MultiPolygon","coordinates":[[[[28.946778,46.998327],[28.948044,46.997813],[28.94829,46.998369],[28.948403,46.998638],[28.946778,46.998327]]]]}},{"type":"Feature","properties":{"tip":"farmland","nume":null,"ha":0.69},"geometry":{"type":"MultiPolygon","coordinates":[[[[28.949853,46.998888],[28.948403,46.998638],[28.94829,46.998369],[28.949419,46.997936],[28.949853,46.998888]]]]}},{"type":"Feature","properties":{"tip":"farmland","nume":null,"ha":4.42},"geometry":{"type":"MultiPolygon","coordinates":[[[[28.951683,46.987009],[28.950595,46.987877],[28.949835,46.987149],[28.949609,46.986847],[28.94945,46.986552],[28.949476,46.986527],[28.949504,46.986461],[28.949495,46.986273],[28.949498,46.986247],[28.949487,46.98616],[28.949449,46.985968],[28.949414,46.98583],[28.949828,46.985676],[28.950017,46.985676],[28.950229,46.985682],[28.95035,46.985735],[28.951061,46.985652],[28.951121,46.985809],[28.951861,46.985706],[28.952055,46.98524],[28.952271,46.985136],[28.95395,46.985362],[28.953349,46.985448],[28.953159,46.985576],[28.951683,46.987009]]]]}},{"type":"Feature","properties":{"tip":"farmland","nume":null,"ha":0.3},"geometry":{"type":"MultiPolygon","coordinates":[[[[28.953922,46.985962],[28.95297,46.985838],[28.953186,46.985607],[28.953362,46.985491],[28.953975,46.985429],[28.953922,46.985962]]]]}},{"type":"Feature","properties":{"tip":"farmland","nume":null,"ha":10.32},"geometry":{"type":"MultiPolygon","coordinates":[[[[28.954014,46.985963],[28.954055,46.985345],[28.95729,46.985789],[28.958004,46.987957],[28.958035,46.989489],[28.956353,46.989196],[28.956098,46.989108],[28.954586,46.988892],[28.954646,46.988121],[28.954743,46.987839],[28.954727,46.987696],[28.954374,46.987346],[28.954284,46.987154],[28.95422,46.986807],[28.953988,46.986457],[28.954014,46.985963]]]]}},{"type":"Feature","properties":{"tip":"farmland","nume":null,"ha":4.63},"geometry":{"type":"MultiPolygon","coordinates":[[[[28.955884,46.993221],[28.955015,46.993073],[28.95583,46.991381],[28.955875,46.990879],[28.955575,46.989558],[28.954558,46.989259],[28.954594,46.988966],[28.956041,46.989173],[28.956336,46.98927],[28.957995,46.989558],[28.95723,46.990775],[28.956168,46.992336],[28.955884,46.993221]]]]}},{"type":"Feature","properties":{"tip":"farmland","nume":null,"ha":2.53},"geometry":{"type":"MultiPolygon","coordinates":[[[[28.955589,46.994178],[28.953242,46.993836],[28.953201,46.993572],[28.953199,46.993215],[28.953497,46.99245],[28.953555,46.992238],[28.954224,46.992563],[28.954872,46.993104],[28.955864,46.993289],[28.955589,46.994178]]]]}},{"type":"Feature","properties":{"tip":"farmland","nume":null,"ha":1.2},"geometry":{"type":"MultiPolygon","coordinates":[[[[28.953469,46.994623],[28.953289,46.993927],[28.95558,46.994263],[28.955332,46.994922],[28.953469,46.994623]]]]}},{"type":"Feature","properties":{"tip":"farmland","nume":null,"ha":0.9},"geometry":{"type":"MultiPolygon","coordinates":[[[[28.954542,46.995782],[28.953598,46.995645],[28.953508,46.994717],[28.954894,46.994922],[28.954542,46.995782]]]]}},{"type":"Feature","properties":{"tip":"orchard","nume":null,"ha":0.32},"geometry":{"type":"MultiPolygon","coordinates":[[[[28.954967,46.99585],[28.954542,46.995782],[28.954894,46.994922],[28.955297,46.994989],[28.954967,46.99585]]]]}},{"type":"Feature","properties":{"tip":"vineyard","nume":null,"ha":0.1},"geometry":{"type":"MultiPolygon","coordinates":[[[[28.954688,46.995876],[28.954924,46.99592],[28.954619,46.996423],[28.95443,46.996371],[28.954688,46.995876]]]]}},{"type":"Feature","properties":{"tip":"farmland","nume":null,"ha":0.82},"geometry":{"type":"MultiPolygon","coordinates":[[[[28.95443,46.996371],[28.954619,46.996423],[28.95428,46.99695],[28.953546,46.996769],[28.953671,46.996324],[28.953628,46.995715],[28.954688,46.995876],[28.95443,46.996371]]]]}},{"type":"Feature","properties":{"tip":"residential","nume":null,"ha":45.14},"geometry":{"type":"MultiPolygon","coordinates":[[[[28.969703,47.002045],[28.969554,47.001855],[28.969517,47.001808],[28.969476,47.001703],[28.969469,47.001586],[28.969527,47.001396],[28.969543,47.001343],[28.969558,47.001311],[28.969584,47.001254],[28.969586,47.001152],[28.969515,47.00089],[28.969514,47.000787],[28.969545,47.000695],[28.969668,47.000511],[28.969779,47.000345],[28.969925,47.00011],[28.970031,46.99994],[28.97023,46.999806],[28.970254,46.999789],[28.970255,46.999789],[28.970742,46.999572],[28.970711,46.999537],[28.970711,46.999537],[28.970318,46.99905],[28.970306,46.999035],[28.970306,46.999035],[28.970129,46.998893],[28.969996,46.998783],[28.968821,46.997811],[28.96851,46.997554],[28.968484,46.997534],[28.968379,46.99745],[28.968472,46.997414],[28.969171,46.997256],[28.969515,46.99715],[28.970005,46.997018],[28.970137,46.996998],[28.970248,46.996997],[28.970358,46.997013],[28.970447,46.99704],[28.970499,46.997065],[28.970536,46.997084],[28.970642,46.997151],[28.970748,46.997201],[28.970874,46.997223],[28.970979,46.997211],[28.971064,46.997184],[28.971204,46.99712],[28.971586,46.996921],[28.972093,46.996657],[28.974624,46.995634],[28.975558,46.995276],[28.97578,46.995187],[28.976901,46.994738],[28.97734,46.994637],[28.978786,46.994303],[28.983337,46.993132],[28.983408,46.993308],[28.983435,46.993372],[28.983454,46.993407],[28.983758,46.993964],[28.983783,46.994011],[28.98321,46.994315],[28.982504,46.994689],[28.982431,46.994728],[28.982406,46.994741],[28.982165,46.994869],[28.982093,46.994906],[28.982028,46.99495],[28.981981,46.995067],[28.981966,46.995307],[28.981878,46.995443],[28.98178,46.995543],[28.981638,46.995643],[28.981535,46.995682],[28.980482,46.995967],[28.980406,46.995987],[28.98012,46.996126],[28.9797,46.996554],[28.979556,46.996711],[28.97952,46.996739],[28.979455,46.99679],[28.97938,46.99685],[28.97915,46.996981],[28.979012,46.997102],[28.978995,46.997117],[28.97898,46.997137],[28.978582,46.997665],[28.978562,46.997703],[28.978434,46.997941],[28.978217,46.998343],[28.978088,46.998537],[28.977897,46.998689],[28.97743,46.998929],[28.977258,46.998998],[28.977058,46.999099],[28.976637,46.999311],[28.976162,46.999495],[28.976162,46.999587],[28.976157,46.999673],[28.97617,46.999816],[28.976178,46.999911],[28.976185,46.99999],[28.976184,47.000111],[28.976161,47.000215],[28.975948,47.000594],[28.975804,47.000791],[28.975737,47.000788],[28.974459,47.001048],[28.974182,47.001104],[28.973961,47.001177],[28.97346,47.001456],[28.97329,47.001503],[28.972949,47.001393],[28.97283,47.00138],[28.972714,47.001388],[28.972103,47.001513],[28.971559,47.001625],[28.970965,47.001752],[28.970633,47.001823],[28.969749,47.002028],[28.969703,47.002045]]]]}},{"type":"Feature","properties":{"tip":"religious","nume":null,"ha":0.08},"geometry":{"type":"MultiPolygon","coordinates":[[[[28.978662,46.994999],[28.979101,46.994895],[28.979109,46.994911],[28.979204,46.995099],[28.978765,46.995202],[28.978662,46.994999]]]]}},{"type":"Feature","properties":{"tip":"meadow","nume":null,"ha":0.07},"geometry":{"type":"MultiPolygon","coordinates":[[[[28.982616,46.994688],[28.982504,46.994689],[28.98321,46.994315],[28.983166,46.994369],[28.983098,46.99444],[28.983064,46.994516],[28.983031,46.994608],[28.982987,46.99466],[28.982926,46.994685],[28.982768,46.994698],[28.982616,46.994688]]]]}},{"type":"Feature","properties":{"tip":"meadow","nume":null,"ha":0.0},"geometry":{"type":"MultiPolygon","coordinates":[[[[28.969632,46.99934],[28.9703,46.999038],[28.969638,46.999342],[28.969632,46.99934]]],[[[28.970711,46.999537],[28.970711,46.999537],[28.97061,46.999426],[28.970423,46.999181],[28.970318,46.99905],[28.970711,46.999537]]],[[[28.970254,46.999789],[28.97023,46.999806],[28.970254,46.999789],[28.970255,46.999789],[28.970254,46.999789]]]]}},{"type":"Feature","properties":{"tip":"meadow","nume":null,"ha":4.87},"geometry":{"type":"MultiPolygon","coordinates":[[[[28.940753,46.949027],[28.94077,46.948995],[28.940838,46.948947],[28.940925,46.948835],[28.942044,46.947929],[28.942094,46.947884],[28.942307,46.947717],[28.942385,46.947665],[28.942438,46.947615],[28.94254,46.947535],[28.942657,46.947479],[28.942793,46.947336],[28.942822,46.947313],[28.942937,46.947246],[28.943873,46.946717],[28.944291,46.946455],[28.944324,46.946413],[28.944812,46.946113],[28.944938,46.946059],[28.945022,46.945985],[28.946446,46.94512],[28.948228,46.944043],[28.94853,46.944195],[28.948601,46.944256],[28.948594,46.94428],[28.948527,46.94432],[28.948458,46.944378],[28.948346,46.944483],[28.948077,46.944778],[28.947929,46.944919],[28.947883,46.944972],[28.947976,46.945076],[28.94746,46.945485],[28.947231,46.945392],[28.947158,46.94546],[28.947115,46.945448],[28.947094,46.945481],[28.947105,46.945509],[28.946922,46.945678],[28.946898,46.945675],[28.946639,46.94596],[28.946597,46.945948],[28.946503,46.946059],[28.946369,46.946212],[28.946331,46.94623],[28.945951,46.9466],[28.946311,46.946734],[28.946272,46.946806],[28.946152,46.94692],[28.946037,46.947028],[28.945513,46.947533],[28.945466,46.947513],[28.945661,46.947175],[28.945386,46.947102],[28.944671,46.947923],[28.94391,46.94747],[28.945057,46.946739],[28.944959,46.94666],[28.944839,46.946561],[28.944739,46.946479],[28.942912,46.94764],[28.941029,46.948974],[28.94097,46.949109],[28.940753,46.949027]]]]}},{"type":"Feature","properties":{"tip":"meadow","nume":null,"ha":0.63},"geometry":{"type":"MultiPolygon","coordinates":[[[[28.948228,46.944043],[28.948228,46.944043],[28.948266,46.94402],[28.948565,46.943776],[28.949162,46.943275],[28.949163,46.943275],[28.949163,46.943274],[28.949163,46.943274],[28.949163,46.943274],[28.94919,46.943191],[28.950199,46.942688],[28.950445,46.942875],[28.95062,46.942958],[28.950809,46.943109],[28.950852,46.943143],[28.950858,46.943149],[28.95086,46.94315],[28.950917,46.943196],[28.950917,46.943196],[28.950917,46.943196],[28.950917,46.943196],[28.950784,46.943287],[28.950695,46.943174],[28.950489,46.94297],[28.950246,46.942759],[28.949955,46.942899],[28.949465,46.94331],[28.949643,46.943386],[28.949049,46.943911],[28.948601,46.944256],[28.94853,46.944195],[28.948228,46.944043]]]]}},{"type":"Feature","properties":{"tip":"farmland","nume":null,"ha":3.17},"geometry":{"type":"MultiPolygon","coordinates":[[[[28.94391,46.94747],[28.944671,46.947923],[28.944988,46.948102],[28.94457,46.948617],[28.944246,46.948924],[28.944271,46.948936],[28.943957,46.949261],[28.943691,46.949563],[28.943219,46.949515],[28.942683,46.949535],[28.942018,46.949447],[28.941413,46.949274],[28.942383,46.948577],[28.94391,46.94747]]]]}},{"type":"Feature","properties":{"tip":"meadow","nume":null,"ha":0.51},"geometry":{"type":"MultiPolygon","coordinates":[[[[28.941275,46.94923],[28.941147,46.949175],[28.944839,46.946561],[28.944959,46.94666],[28.941275,46.94923]]]]}},{"type":"Feature","properties":{"tip":"meadow","nume":null,"ha":6.15},"geometry":{"type":"MultiPolygon","coordinates":[[[[28.934057,46.953164],[28.934799,46.952635],[28.936033,46.951788],[28.937194,46.950991],[28.937469,46.950884],[28.938141,46.950712],[28.938297,46.950681],[28.938475,46.950631],[28.938488,46.950623],[28.938517,46.950615],[28.938932,46.950355],[28.939184,46.950203],[28.939214,46.950179],[28.939242,46.950161],[28.94018,46.949416],[28.940662,46.949072],[28.941225,46.949279],[28.940452,46.94981],[28.940388,46.949795],[28.938646,46.951072],[28.936993,46.952276],[28.936097,46.952801],[28.934569,46.953653],[28.934234,46.953999],[28.932809,46.955575],[28.932599,46.955449],[28.932281,46.955264],[28.932847,46.954408],[28.933556,46.953593],[28.934057,46.953164]]]]}},{"type":"Feature","properties":{"tip":"grass","nume":null,"ha":0.0},"geometry":{"type":"MultiPolygon","coordinates":[[[[28.927567,46.956853],[28.927332,46.957144],[28.927595,46.956812],[28.927599,46.956814],[28.927567,46.956853]]]]}},{"type":"Feature","properties":{"tip":"grass","nume":null,"ha":0.0},"geometry":{"type":"MultiPolygon","coordinates":[[[[28.927696,46.956685],[28.927727,46.956646],[28.927733,46.956647],[28.927702,46.956687],[28.927696,46.956685]]],[[[28.928718,46.957169],[28.928557,46.957086],[28.928556,46.957074],[28.928718,46.957169]]]]}},{"type":"Feature","properties":{"tip":"industrial","nume":null,"ha":1.03},"geometry":{"type":"MultiPolygon","coordinates":[[[[28.927702,46.956687],[28.927733,46.956647],[28.928207,46.956805],[28.928207,46.956805],[28.928207,46.956805],[28.928479,46.956895],[28.928525,46.956975],[28.928556,46.957071],[28.928557,46.957086],[28.928718,46.957169],[28.928769,46.9572],[28.928208,46.957914],[28.927055,46.957492],[28.927063,46.957483],[28.927332,46.957144],[28.927567,46.956853],[28.927599,46.956814],[28.927636,46.956769],[28.92767,46.956729],[28.927702,46.956687]]]]}},{"type":"Feature","properties":{"tip":"industrial","nume":"Metal uzat / Fier uzat","ha":2.47},"geometry":{"type":"MultiPolygon","coordinates":[[[[28.925559,46.95948],[28.925558,46.959475],[28.925627,46.959383],[28.925693,46.959291],[28.925616,46.959264],[28.92629,46.95845],[28.927055,46.957492],[28.928208,46.957914],[28.927488,46.95883],[28.926899,46.959702],[28.926827,46.959808],[28.925559,46.95948]]]]}},{"type":"Feature","properties":{"tip":"industrial","nume":null,"ha":1.12},"geometry":{"type":"MultiPolygon","coordinates":[[[[28.928208,46.957914],[28.928769,46.9572],[28.928785,46.957209],[28.929494,46.957475],[28.928554,46.958447],[28.928222,46.958301],[28.928115,46.958444],[28.927117,46.959776],[28.926899,46.959702],[28.927488,46.95883],[28.928208,46.957914]]]]}},{"type":"Feature","properties":{"tip":"industrial","nume":null,"ha":0.49},"geometry":{"type":"MultiPolygon","coordinates":[[[[28.928554,46.958447],[28.929494,46.957475],[28.929494,46.957475],[28.929786,46.957579],[28.929837,46.957599],[28.928806,46.9587],[28.928115,46.958444],[28.928222,46.958301],[28.928554,46.958447]]]]}},{"type":"Feature","properties":{"tip":"farmland","nume":null,"ha":2.03},"geometry":{"type":"MultiPolygon","coordinates":[[[[28.940139,46.95018],[28.941349,46.94934],[28.941954,46.949515],[28.942637,46.949603],[28.94292,46.949582],[28.941409,46.951112],[28.940139,46.95018]]]]}},{"type":"Feature","properties":{"tip":"farmland","nume":null,"ha":4.34},"geometry":{"type":"MultiPolygon","coordinates":[[[[28.943143,46.949641],[28.943694,46.94974],[28.943806,46.949787],[28.943769,46.949838],[28.943664,46.949916],[28.943544,46.950012],[28.943492,46.95005],[28.943399,46.950129],[28.943366,46.950149],[28.943185,46.950293],[28.943098,46.950365],[28.942988,46.950479],[28.942874,46.950575],[28.942804,46.950655],[28.942734,46.950735],[28.942651,46.950816],[28.942634,46.950841],[28.942507,46.950981],[28.942414,46.951076],[28.942217,46.951308],[28.942011,46.951538],[28.941864,46.951735],[28.941821,46.951793],[28.941661,46.95201],[28.941537,46.952173],[28.941278,46.95209],[28.941273,46.952302],[28.94127,46.952421],[28.941262,46.952487],[28.941212,46.952634],[28.94114,46.952744],[28.940791,46.952659],[28.940405,46.952521],[28.940238,46.952427],[28.940102,46.952343],[28.939993,46.952275],[28.938637,46.951267],[28.939976,46.950294],[28.941267,46.951271],[28.941336,46.95132],[28.941448,46.951223],[28.941594,46.951282],[28.941817,46.951012],[28.941899,46.951077],[28.942212,46.95081],[28.942229,46.950667],[28.942744,46.950089],[28.943143,46.949641]]]]}},{"type":"Feature","properties":{"tip":"meadow","nume":null,"ha":0.55},"geometry":{"type":"MultiPolygon","coordinates":[[[[28.943395,46.949589],[28.943693,46.949659],[28.943694,46.94974],[28.943143,46.949641],[28.942744,46.950089],[28.942229,46.950667],[28.942212,46.95081],[28.941899,46.951077],[28.941817,46.951012],[28.941594,46.951282],[28.941448,46.951223],[28.941336,46.95132],[28.941267,46.951271],[28.941409,46.951112],[28.94292,46.949582],[28.943217,46.949567],[28.943395,46.949589]]]]}},{"type":"Feature","properties":{"tip":"farmland","nume":null,"ha":6.29},"geometry":{"type":"MultiPolygon","coordinates":[[[[28.936663,46.952612],[28.938517,46.951358],[28.939887,46.952383],[28.938426,46.953645],[28.939084,46.954056],[28.939013,46.954425],[28.938815,46.954673],[28.937978,46.955086],[28.935766,46.953143],[28.936663,46.952612]]]]}},{"type":"Feature","properties":{"tip":"farmland","nume":null,"ha":2.58},"geometry":{"type":"MultiPolygon","coordinates":[[[[28.939981,46.952439],[28.940102,46.952343],[28.940238,46.952427],[28.940405,46.952521],[28.940791,46.952659],[28.94114,46.952744],[28.941143,46.953017],[28.940491,46.954406],[28.939317,46.9541],[28.939173,46.95404],[28.938983,46.953887],[28.938754,46.953779],[28.93859,46.95369],[28.938556,46.953651],[28.939363,46.952988],[28.939405,46.952895],[28.939981,46.952439]]]]}},{"type":"Feature","properties":{"tip":"farmland","nume":null,"ha":5.76},"geometry":{"type":"MultiPolygon","coordinates":[[[[28.939079,46.954425],[28.939176,46.954105],[28.940466,46.95446],[28.939925,46.955614],[28.939967,46.955701],[28.94036,46.955824],[28.93986,46.956405],[28.93964,46.956754],[28.939539,46.957076],[28.939313,46.9574],[28.936616,46.956658],[28.936629,46.95655],[28.936727,46.956385],[28.936948,46.956097],[28.93755,46.955315],[28.937738,46.955258],[28.937995,46.955249],[28.938246,46.955169],[28.938757,46.954896],[28.938955,46.954716],[28.939079,46.954425]]]]}},{"type":"Feature","properties":{"tip":"farmland","nume":null,"ha":6.83},"geometry":{"type":"MultiPolygon","coordinates":[[[[28.935651,46.9532],[28.937927,46.955191],[28.93772,46.955208],[28.937463,46.955293],[28.937115,46.955786],[28.936672,46.956307],[28.936539,46.956531],[28.936529,46.956631],[28.933358,46.955757],[28.933157,46.955559],[28.933163,46.955335],[28.934373,46.954265],[28.935606,46.955091],[28.934926,46.955688],[28.93503,46.955741],[28.935775,46.955157],[28.936445,46.95561],[28.936539,46.955528],[28.934461,46.95401],[28.935651,46.9532]]]]}},{"type":"Feature","properties":{"tip":"farmland","nume":null,"ha":26.2},"geometry":{"type":"MultiPolygon","coordinates":[[[[28.932734,46.956185],[28.935189,46.956809],[28.938991,46.957804],[28.938274,46.958868],[28.938104,46.959197],[28.937827,46.959596],[28.937763,46.959822],[28.937861,46.95991],[28.93759,46.960321],[28.938208,46.960536],[28.93817,46.960584],[28.938127,46.960637],[28.938221,46.960673],[28.938127,46.960808],[28.938435,46.960907],[28.937745,46.961889],[28.937526,46.962077],[28.937274,46.962214],[28.93702,46.962214],[28.936025,46.962059],[28.931417,46.961343],[28.932734,46.956185]]]]}},{"type":"Feature","properties":{"tip":"meadow","nume":null,"ha":2.57},"geometry":{"type":"MultiPolygon","coordinates":[[[[28.931935,46.955681],[28.932141,46.955354],[28.932213,46.955367],[28.932223,46.955353],[28.932252,46.955365],[28.93257,46.955574],[28.932898,46.955729],[28.933702,46.955941],[28.936485,46.956739],[28.939311,46.957493],[28.939247,46.957575],[28.93911,46.957752],[28.939064,46.957823],[28.938991,46.957804],[28.935189,46.956809],[28.932734,46.956185],[28.932805,46.955931],[28.932626,46.955879],[28.931935,46.955681]]]]}},{"type":"Feature","properties":{"tip":"grass","nume":null,"ha":0.49},"geometry":{"type":"MultiPolygon","coordinates":[[[[28.93759,46.960321],[28.937861,46.95991],[28.93804,46.959997],[28.93865,46.96027],[28.938832,46.960371],[28.938566,46.960778],[28.938473,46.96092],[28.938435,46.960907],[28.938127,46.960808],[28.938221,46.960673],[28.938127,46.960637],[28.93817,46.960584],[28.938208,46.960536],[28.93759,46.960321]]]]}},{"type":"Feature","properties":{"tip":"meadow","nume":null,"ha":6.53},"geometry":{"type":"MultiPolygon","coordinates":[[[[28.931632,46.956329],[28.931935,46.955681],[28.932626,46.955879],[28.932283,46.957153],[28.931618,46.959927],[28.93114,46.961771],[28.931058,46.961995],[28.930912,46.962166],[28.927038,46.965511],[28.9272,46.965652],[28.927262,46.965705],[28.9273,46.965748],[28.927456,46.965927],[28.927415,46.966049],[28.926441,46.965527],[28.930133,46.962099],[28.930513,46.961682],[28.930952,46.959633],[28.931154,46.958311],[28.931267,46.957325],[28.931632,46.956329]]]]}},{"type":"Feature","properties":{"tip":"farmland","nume":null,"ha":7.25},"geometry":{"type":"MultiPolygon","coordinates":[[[[28.931378,46.961462],[28.934921,46.962016],[28.934917,46.962274],[28.934661,46.962473],[28.93299,46.963479],[28.932122,46.963529],[28.931737,46.963583],[28.930199,46.964007],[28.927369,46.965707],[28.9273,46.965748],[28.927262,46.965705],[28.9272,46.965652],[28.929794,46.963347],[28.93121,46.962079],[28.931378,46.961462]]]]}},{"type":"Feature","properties":{"tip":"meadow","nume":null,"ha":0.03},"geometry":{"type":"MultiPolygon","coordinates":[[[[28.935119,46.962047],[28.935551,46.962115],[28.935292,46.962152],[28.935139,46.962238],[28.935119,46.962047]]]]}},{"type":"Feature","properties":{"tip":"farmland","nume":null,"ha":11.31},"geometry":{"type":"MultiPolygon","coordinates":[[[[28.934028,46.963054],[28.93421,46.963034],[28.934255,46.963074],[28.934169,46.963147],[28.934383,46.963233],[28.934338,46.963317],[28.934221,46.963448],[28.934071,46.963583],[28.934044,46.963606],[28.933837,46.963779],[28.933611,46.963967],[28.933499,46.964042],[28.933323,46.964157],[28.933224,46.964234],[28.933158,46.964286],[28.933096,46.964334],[28.933058,46.964364],[28.933005,46.964411],[28.932961,46.964453],[28.932879,46.964531],[28.932795,46.964586],[28.932745,46.964629],[28.932665,46.964702],[28.932584,46.964776],[28.932506,46.964845],[28.93246,46.964885],[28.932415,46.964924],[28.932341,46.96499],[28.932267,46.965055],[28.932218,46.965098],[28.932145,46.965161],[28.93203,46.965261],[28.931973,46.965311],[28.931804,46.96542],[28.931706,46.965494],[28.931628,46.965552],[28.931487,46.965673],[28.931414,46.965736],[28.931362,46.965777],[28.931301,46.965825],[28.931213,46.965894],[28.931158,46.965935],[28.93108,46.965993],[28.93102,46.966032],[28.930966,46.966067],[28.930892,46.966115],[28.930835,46.966166],[28.930736,46.966231],[28.930656,46.966291],[28.930631,46.966306],[28.929993,46.966001],[28.92993,46.966049],[28.93055,46.966355],[28.930471,46.966403],[28.930408,46.966439],[28.930279,46.966512],[28.93021,46.966552],[28.930082,46.966624],[28.930023,46.966663],[28.929962,46.966704],[28.929874,46.966666],[28.929798,46.966726],[28.929703,46.966805],[28.929636,46.966862],[28.929564,46.966922],[28.929494,46.966977],[28.929458,46.96701],[28.929368,46.967098],[28.929223,46.967238],[28.929144,46.967332],[28.929106,46.96738],[28.929084,46.96753],[28.9291,46.967618],[28.929156,46.967689],[28.929206,46.967777],[28.929222,46.967875],[28.929225,46.967976],[28.929227,46.96803],[28.929187,46.968194],[28.929166,46.968234],[28.929127,46.968307],[28.929008,46.968479],[28.926857,46.967554],[28.926839,46.967454],[28.926914,46.967232],[28.927277,46.966613],[28.927452,46.966309],[28.927516,46.966064],[28.927542,46.965901],[28.927449,46.965803],[28.928513,46.965213],[28.929776,46.964463],[28.929847,46.964374],[28.93017,46.964206],[28.930424,46.964105],[28.930609,46.964088],[28.931262,46.9639],[28.931814,46.963713],[28.93197,46.9637],[28.932181,46.963703],[28.932665,46.963649],[28.933204,46.963557],[28.933599,46.963315],[28.934028,46.963054]]]]}},{"type":"Feature","properties":{"tip":"farmland","nume":null,"ha":2.04},"geometry":{"type":"MultiPolygon","coordinates":[[[[28.925082,46.966673],[28.926441,46.965527],[28.927415,46.966049],[28.927361,46.966291],[28.92714,46.966708],[28.926805,46.967243],[28.926759,46.967512],[28.925082,46.966673]]]]}},{"type":"Feature","properties":{"tip":"farmland","nume":null,"ha":4.84},"geometry":{"type":"MultiPolygon","coordinates":[[[[28.929837,46.957599],[28.929895,46.957622],[28.930398,46.957824],[28.930423,46.95783],[28.930677,46.95793],[28.929803,46.960608],[28.926827,46.959808],[28.926899,46.959702],[28.927117,46.959776],[28.928115,46.958444],[28.928806,46.9587],[28.929837,46.957599]]]]}},{"type":"Feature","properties":{"tip":"farmland","nume":null,"ha":20.87},"geometry":{"type":"MultiPolygon","coordinates":[[[[28.926827,46.959808],[28.929803,46.960608],[28.928977,46.961644],[28.928856,46.961795],[28.92653,46.963986],[28.925474,46.964934],[28.924122,46.966174],[28.921603,46.964313],[28.922727,46.963355],[28.924295,46.961277],[28.924269,46.961193],[28.925433,46.959806],[28.925534,46.9596],[28.925559,46.95948],[28.926827,46.959808]]]]}},{"type":"Feature","properties":{"tip":"farmland","nume":null,"ha":13.82},"geometry":{"type":"MultiPolygon","coordinates":[[[[28.918802,46.966483],[28.921545,46.964367],[28.92403,46.966238],[28.921393,46.968495],[28.920826,46.968936],[28.920266,46.969379],[28.919697,46.96894],[28.919459,46.969176],[28.919428,46.969065],[28.917352,46.967851],[28.917315,46.967768],[28.91746,46.967643],[28.918802,46.966483]]]]}},{"type":"Feature","properties":{"tip":"meadow","nume":null,"ha":0.07},"geometry":{"type":"MultiPolygon","coordinates":[[[[28.924122,46.961263],[28.923761,46.961701],[28.924289,46.961051],[28.924122,46.961263]]],[[[28.922409,46.963294],[28.92199,46.963667],[28.923057,46.962556],[28.922814,46.962852],[28.922409,46.963294]]],[[[28.921406,46.964187],[28.920167,46.965151],[28.921935,46.963716],[28.921406,46.964187]]],[[[28.918481,46.966518],[28.918337,46.966641],[28.918414,46.966572],[28.918481,46.966518]]]]}},{"type":"Feature","properties":{"tip":"meadow","nume":null,"ha":8.92},"geometry":{"type":"MultiPolygon","coordinates":[[[[28.930677,46.95793],[28.93103,46.957231],[28.930937,46.958244],[28.930722,46.959764],[28.930598,46.960286],[28.930379,46.961437],[28.930212,46.961665],[28.929392,46.962439],[28.927478,46.964178],[28.926113,46.96547],[28.925856,46.965625],[28.924457,46.966803],[28.921929,46.968855],[28.919015,46.971131],[28.918704,46.970982],[28.918911,46.970813],[28.919041,46.970716],[28.919876,46.970017],[28.919735,46.969968],[28.920014,46.96981],[28.919914,46.96975],[28.920008,46.969651],[28.920084,46.969702],[28.921152,46.968917],[28.922191,46.968],[28.924152,46.966313],[28.9255,46.965124],[28.927242,46.963552],[28.929186,46.961703],[28.928977,46.961644],[28.929803,46.960608],[28.930677,46.95793]]]]}},{"type":"Feature","properties":{"tip":"farmland","nume":null,"ha":28.91},"geometry":{"type":"MultiPolygon","coordinates":[[[[28.923462,46.975981],[28.92271,46.976859],[28.921158,46.976329],[28.921087,46.97625],[28.921065,46.976153],[28.921065,46.975985],[28.920927,46.975705],[28.920695,46.975292],[28.920553,46.975093],[28.920329,46.974927],[28.920198,46.974812],[28.920105,46.974688],[28.920045,46.974583],[28.919842,46.974395],[28.919841,46.974305],[28.920607,46.973497],[28.92107,46.972859],[28.921664,46.97221],[28.92305,46.97049],[28.923274,46.970322],[28.923435,46.97039],[28.925278,46.971167],[28.925635,46.970738],[28.924487,46.97022],[28.923815,46.969918],[28.926003,46.96828],[28.926046,46.968243],[28.926149,46.968303],[28.926777,46.967701],[28.926872,46.967678],[28.926986,46.967695],[28.929297,46.968716],[28.929322,46.968779],[28.928297,46.970081],[28.926744,46.96944],[28.926386,46.969864],[28.927947,46.970512],[28.926809,46.971952],[28.925407,46.973659],[28.924246,46.975053],[28.923462,46.975981]]]]}},{"type":"Feature","properties":{"tip":"farmyard","nume":"Fermă","ha":0.99},"geometry":{"type":"MultiPolygon","coordinates":[[[[28.923274,46.970322],[28.923815,46.969918],[28.924487,46.97022],[28.925635,46.970738],[28.925278,46.971167],[28.923435,46.97039],[28.923274,46.970322]]]]}},{"type":"Feature","properties":{"tip":"farmyard","nume":"Fermă","ha":0.76},"geometry":{"type":"MultiPolygon","coordinates":[[[[28.928297,46.970081],[28.928007,46.970449],[28.927947,46.970512],[28.926386,46.969864],[28.926744,46.96944],[28.928297,46.970081]]]]}},{"type":"Feature","properties":{"tip":"farmland","nume":null,"ha":8.78},"geometry":{"type":"MultiPolygon","coordinates":[[[[28.931388,46.970719],[28.931202,46.970634],[28.931227,46.970604],[28.931416,46.970372],[28.931538,46.970222],[28.931686,46.970041],[28.931817,46.96988],[28.931721,46.96985],[28.931809,46.969659],[28.931907,46.969494],[28.932014,46.969313],[28.932116,46.969141],[28.932708,46.968141],[28.933439,46.966944],[28.936524,46.967635],[28.936208,46.967935],[28.936115,46.968027],[28.935891,46.968247],[28.93579,46.968346],[28.93569,46.968446],[28.93559,46.968543],[28.933115,46.970983],[28.932682,46.970777],[28.932282,46.971187],[28.931388,46.970719]]]]}},{"type":"Feature","properties":{"tip":"vineyard","nume":null,"ha":0.22},"geometry":{"type":"MultiPolygon","coordinates":[[[[28.932676,46.971396],[28.932282,46.971187],[28.932682,46.970777],[28.933115,46.970983],[28.932676,46.971396]]]]}},{"type":"Feature","properties":{"tip":"meadow","nume":null,"ha":0.59},"geometry":{"type":"MultiPolygon","coordinates":[[[[28.919685,46.974893],[28.919964,46.974627],[28.920052,46.974775],[28.920209,46.97493],[28.920406,46.975091],[28.920504,46.97517],[28.920664,46.975417],[28.920836,46.975754],[28.920963,46.975947],[28.920997,46.976223],[28.921012,46.976286],[28.920328,46.976038],[28.920384,46.975751],[28.920395,46.975488],[28.920328,46.975353],[28.920201,46.975259],[28.919481,46.97501],[28.919684,46.974895],[28.919685,46.974893]]]]}},{"type":"Feature","properties":{"tip":"farmland","nume":null,"ha":11.06},"geometry":{"type":"MultiPolygon","coordinates":[[[[28.93726,46.968475],[28.937476,46.96837],[28.937861,46.968791],[28.938243,46.969174],[28.938823,46.969818],[28.939076,46.970105],[28.939172,46.970297],[28.939139,46.970487],[28.93906,46.97059],[28.936632,46.973182],[28.93653,46.973346],[28.936354,46.974026],[28.936225,46.973973],[28.935497,46.973582],[28.934419,46.972792],[28.934308,46.972696],[28.934724,46.97231],[28.935383,46.971842],[28.936245,46.97136],[28.936703,46.97086],[28.936874,46.970636],[28.936981,46.970487],[28.937514,46.969922],[28.937386,46.969848],[28.936962,46.970295],[28.936854,46.970427],[28.934859,46.969382],[28.936258,46.967998],[28.936445,46.968115],[28.936516,46.968161],[28.936642,46.968242],[28.936793,46.968129],[28.937105,46.96834],[28.93726,46.968475]]]]}},{"type":"Feature","properties":{"tip":"vineyard","nume":null,"ha":0.53},"geometry":{"type":"MultiPolygon","coordinates":[[[[28.934634,46.969597],[28.934859,46.969382],[28.936854,46.970427],[28.936691,46.970627],[28.934634,46.969597]]]]}},{"type":"Feature","properties":{"tip":"farmland","nume":null,"ha":4.92},"geometry":{"type":"MultiPolygon","coordinates":[[[[28.933184,46.971027],[28.934634,46.969597],[28.936691,46.970627],[28.936409,46.970971],[28.936045,46.971362],[28.935236,46.971806],[28.934186,46.972559],[28.934058,46.972427],[28.934028,46.972396],[28.933113,46.971736],[28.93287,46.971509],[28.933184,46.971027]]]]}},{"type":"Feature","properties":{"tip":"meadow","nume":null,"ha":0.03},"geometry":{"type":"MultiPolygon","coordinates":[[[[28.932676,46.971396],[28.933115,46.970983],[28.932789,46.971469],[28.932676,46.971396]]]]}},{"type":"Feature","properties":{"tip":"farmland","nume":null,"ha":0.16},"geometry":{"type":"MultiPolygon","coordinates":[[[[28.918292,46.970483],[28.918911,46.970813],[28.918704,46.970982],[28.918063,46.970708],[28.918292,46.970483]]]]}},{"type":"Feature","properties":{"tip":"meadow","nume":null,"ha":0.0},"geometry":{"type":"MultiPolygon","coordinates":[[[[28.950809,46.943109],[28.95062,46.942958],[28.95062,46.942958],[28.950812,46.943107],[28.950809,46.943109]]]]}},{"type":"Feature","properties":{"tip":"farmland","nume":null,"ha":0.0},"geometry":{"type":"MultiPolygon","coordinates":[[[[28.950826,46.943118],[28.950852,46.943143],[28.95081,46.94311],[28.950812,46.943107],[28.950826,46.943118]]],[[[28.950917,46.943196],[28.95086,46.94315],[28.950933,46.943176],[28.950917,46.943195],[28.950917,46.943196]]]]}},{"type":"Feature","properties":{"tip":"meadow","nume":null,"ha":0.12},"geometry":{"type":"MultiPolygon","coordinates":[[[[28.938473,46.96092],[28.938566,46.960778],[28.938526,46.960951],[28.938351,46.961252],[28.937966,46.961799],[28.937575,46.96223],[28.937382,46.962381],[28.937333,46.962376],[28.937683,46.962035],[28.938473,46.96092]]]]}},{"type":"Feature","properties":{"tip":"meadow","nume":null,"ha":0.0},"geometry":{"type":"MultiPolygon","coordinates":[[[[28.915871,46.969202],[28.915868,46.969153],[28.915981,46.969028],[28.915871,46.969202]]]]}},{"type":"Feature","properties":{"tip":"farmland","nume":null,"ha":0.76},"geometry":{"type":"MultiPolygon","coordinates":[[[[28.915871,46.969202],[28.915981,46.969028],[28.916032,46.968971],[28.91607,46.968803],[28.916078,46.968791],[28.916187,46.968818],[28.916249,46.968649],[28.917236,46.967723],[28.917315,46.967768],[28.917352,46.967851],[28.917553,46.96806],[28.917256,46.968327],[28.91732,46.968394],[28.916752,46.968883],[28.916508,46.969113],[28.916416,46.969154],[28.916323,46.969186],[28.91619,46.969214],[28.915968,46.969208],[28.915871,46.969202]]]]}},{"type":"Feature","properties":{"tip":"meadow","nume":null,"ha":0.2},"geometry":{"type":"MultiPolygon","coordinates":[[[[28.917553,46.96806],[28.917352,46.967851],[28.919428,46.969065],[28.919459,46.969176],[28.919552,46.969315],[28.919239,46.969611],[28.91889,46.969955],[28.91878,46.96999],[28.91875,46.969974],[28.918788,46.96994],[28.919407,46.969335],[28.919354,46.969074],[28.918681,46.968665],[28.918564,46.968594],[28.91853,46.968624],[28.917692,46.968139],[28.91764,46.968106],[28.917553,46.96806]]]]}},{"type":"Feature","properties":{"tip":"meadow","nume":null,"ha":0.02},"geometry":{"type":"MultiPolygon","coordinates":[[[[28.91745,46.967541],[28.91746,46.967643],[28.917315,46.967768],[28.917236,46.967723],[28.91745,46.967541]]]]}},{"type":"Feature","properties":{"tip":"industrial","nume":null,"ha":0.69},"geometry":{"type":"MultiPolygon","coordinates":[[[[28.918292,46.97021],[28.918172,46.970307],[28.916009,46.969266],[28.916224,46.969261],[28.916363,46.969234],[28.916492,46.96919],[28.916605,46.969106],[28.916746,46.969179],[28.916822,46.969218],[28.918467,46.970073],[28.918502,46.970071],[28.918331,46.970177],[28.918292,46.97021]]]]}},{"type":"Feature","properties":{"tip":"industrial","nume":null,"ha":0.67},"geometry":{"type":"MultiPolygon","coordinates":[[[[28.917358,46.970005],[28.918084,46.970402],[28.917946,46.970528],[28.917898,46.970572],[28.917809,46.970652],[28.91707,46.970231],[28.916641,46.969986],[28.916294,46.969861],[28.916172,46.969805],[28.915741,46.969645],[28.91589,46.969397],[28.915925,46.969338],[28.9164,46.969572],[28.916521,46.969566],[28.917358,46.970005]]]]}},{"type":"Feature","properties":{"tip":"meadow","nume":null,"ha":0.04},"geometry":{"type":"MultiPolygon","coordinates":[[[[28.91562,46.969599],[28.915847,46.969241],[28.915878,46.969281],[28.915855,46.969339],[28.915862,46.969359],[28.91589,46.969397],[28.915741,46.969645],[28.91562,46.969599]]]]}},{"type":"Feature","properties":{"tip":"grass","nume":null,"ha":0.03},"geometry":{"type":"MultiPolygon","coordinates":[[[[28.917649,46.970956],[28.917584,46.970927],[28.917809,46.970652],[28.917898,46.970572],[28.917923,46.97064],[28.917891,46.970686],[28.917649,46.970956]]]]}},{"type":"Feature","properties":{"tip":"grass","nume":null,"ha":0.14},"geometry":{"type":"MultiPolygon","coordinates":[[[[28.917409,46.971141],[28.91755,46.97097],[28.917582,46.971031],[28.917463,46.971199],[28.917011,46.971767],[28.916387,46.972535],[28.916299,46.972569],[28.916244,46.972567],[28.916296,46.972503],[28.916572,46.972166],[28.916956,46.971697],[28.917409,46.971141]]]]}},{"type":"Feature","properties":{"tip":"grass","nume":null,"ha":0.19},"geometry":{"type":"MultiPolygon","coordinates":[[[[28.91618,46.972645],[28.916208,46.972611],[28.916253,46.972627],[28.916262,46.972693],[28.915547,46.973587],[28.915185,46.974028],[28.914888,46.974398],[28.914782,46.974362],[28.914797,46.974343],[28.914999,46.974093],[28.915108,46.973955],[28.91618,46.972645]]]]}},{"type":"Feature","properties":{"tip":"grass","nume":null,"ha":0.07},"geometry":{"type":"MultiPolygon","coordinates":[[[[28.914215,46.974744],[28.914217,46.974687],[28.914464,46.974783],[28.914755,46.974398],[28.91482,46.974423],[28.914839,46.974448],[28.914414,46.974966],[28.914268,46.974826],[28.914234,46.974775],[28.914215,46.974744]]]]}},{"type":"Feature","properties":{"tip":"industrial","nume":"GMD Gates & Fences","ha":1.43},"geometry":{"type":"MultiPolygon","coordinates":[[[[28.914291,46.974983],[28.91359,46.975824],[28.913588,46.975824],[28.912482,46.975399],[28.912307,46.97533],[28.912307,46.97533],[28.912451,46.975041],[28.91267,46.974789],[28.91281,46.974675],[28.913038,46.974528],[28.913161,46.974545],[28.913434,46.974384],[28.913754,46.974508],[28.914137,46.974656],[28.914116,46.974691],[28.914123,46.97478],[28.914099,46.974807],[28.914082,46.974828],[28.914198,46.974896],[28.914291,46.974983]]]]}},{"type":"Feature","properties":{"tip":"meadow","nume":null,"ha":3.13},"geometry":{"type":"MultiPolygon","coordinates":[[[[28.912451,46.975041],[28.912307,46.97533],[28.912332,46.975243],[28.913183,46.972245],[28.913495,46.971684],[28.913595,46.971639],[28.913909,46.972361],[28.913959,46.972475],[28.914042,46.972552],[28.914204,46.972631],[28.914995,46.97294],[28.914249,46.973861],[28.914369,46.973957],[28.914223,46.974123],[28.91411,46.974079],[28.913754,46.974508],[28.913434,46.974384],[28.913161,46.974545],[28.913038,46.974528],[28.91281,46.974675],[28.91267,46.974789],[28.912451,46.975041]]]]}},{"type":"Feature","properties":{"tip":"grass","nume":null,"ha":0.1},"geometry":{"type":"MultiPolygon","coordinates":[[[[28.913716,46.975819],[28.913652,46.975849],[28.913649,46.975848],[28.91359,46.975824],[28.914291,46.974983],[28.914198,46.974896],[28.914082,46.974828],[28.914099,46.974807],[28.914123,46.97478],[28.914209,46.974856],[28.91432,46.974961],[28.914367,46.975029],[28.914315,46.975106],[28.913716,46.975819]]]]}},{"type":"Feature","properties":{"tip":"construction","nume":null,"ha":0.45},"geometry":{"type":"MultiPolygon","coordinates":[[[[28.919459,46.969176],[28.919697,46.96894],[28.920266,46.969379],[28.920008,46.969651],[28.919914,46.96975],[28.920014,46.96981],[28.919735,46.969968],[28.919239,46.969611],[28.919552,46.969315],[28.919459,46.969176]]]]}},{"type":"Feature","properties":{"tip":"construction","nume":null,"ha":0.63},"geometry":{"type":"MultiPolygon","coordinates":[[[[28.919239,46.969611],[28.919735,46.969968],[28.919876,46.970017],[28.919041,46.970716],[28.918393,46.970383],[28.918939,46.969985],[28.91889,46.969955],[28.919239,46.969611]]]]}},{"type":"Feature","properties":{"tip":"farmland","nume":null,"ha":0.72},"geometry":{"type":"MultiPolygon","coordinates":[[[[28.914285,46.976176],[28.913776,46.976599],[28.913424,46.97643],[28.914423,46.975412],[28.914577,46.975441],[28.914676,46.975403],[28.915307,46.974668],[28.915547,46.974765],[28.914285,46.976176]]]]}},{"type":"Feature","properties":{"tip":"meadow","nume":null,"ha":0.02},"geometry":{"type":"MultiPolygon","coordinates":[[[[28.913934,46.977059],[28.913736,46.97727],[28.913642,46.977217],[28.913867,46.977001],[28.913934,46.977059]]]]}},{"type":"Feature","properties":{"tip":"farmland","nume":null,"ha":10.94},"geometry":{"type":"MultiPolygon","coordinates":[[[[28.921328,46.982056],[28.920817,46.982556],[28.920083,46.982189],[28.919388,46.981525],[28.919015,46.981142],[28.919403,46.980565],[28.922148,46.97771],[28.922937,46.977951],[28.923501,46.977951],[28.925058,46.977684],[28.925156,46.977743],[28.925054,46.977897],[28.922384,46.980881],[28.921328,46.982056]]]]}},{"type":"Feature","properties":{"tip":"meadow","nume":null,"ha":0.71},"geometry":{"type":"MultiPolygon","coordinates":[[[[28.920817,46.982556],[28.92072,46.982659],[28.920192,46.982366],[28.919677,46.981912],[28.919422,46.981655],[28.919228,46.981444],[28.918705,46.98099],[28.918849,46.980835],[28.919099,46.980657],[28.922048,46.977703],[28.922148,46.97771],[28.919403,46.980565],[28.919015,46.981142],[28.919388,46.981525],[28.920083,46.982189],[28.920817,46.982556]]]]}},{"type":"Feature","properties":{"tip":"orchard","nume":null,"ha":1.03},"geometry":{"type":"MultiPolygon","coordinates":[[[[28.927177,46.976501],[28.927602,46.974995],[28.928376,46.974623],[28.927876,46.976594],[28.927177,46.976501]]]]}},{"type":"Feature","properties":{"tip":"farmland","nume":null,"ha":0.87},"geometry":{"type":"MultiPolygon","coordinates":[[[[28.923748,46.97655],[28.923263,46.976389],[28.923737,46.975804],[28.924413,46.976047],[28.924654,46.976199],[28.925154,46.976391],[28.925256,46.976553],[28.925229,46.976676],[28.925139,46.976774],[28.924891,46.976771],[28.924447,46.976668],[28.924173,46.976645],[28.923748,46.97655]]]]}},{"type":"Feature","properties":{"tip":"meadow","nume":null,"ha":2.73},"geometry":{"type":"MultiPolygon","coordinates":[[[[28.925229,46.977641],[28.925156,46.977743],[28.925058,46.977684],[28.923501,46.977951],[28.922937,46.977951],[28.922148,46.97771],[28.922048,46.977703],[28.922746,46.976976],[28.923202,46.976453],[28.9238,46.97663],[28.924131,46.976694],[28.924443,46.976725],[28.924823,46.976817],[28.92535,46.976838],[28.925229,46.977641]]]]}},{"type":"Feature","properties":{"tip":"meadow","nume":null,"ha":0.19},"geometry":{"type":"MultiPolygon","coordinates":[[[[28.924413,46.976047],[28.923737,46.975804],[28.923827,46.975706],[28.924097,46.975796],[28.924402,46.97595],[28.924793,46.976196],[28.925135,46.976278],[28.925376,46.976389],[28.925425,46.976461],[28.925387,46.976776],[28.925139,46.976774],[28.925229,46.976676],[28.925256,46.976553],[28.925154,46.976391],[28.924654,46.976199],[28.924413,46.976047]]]]}},{"type":"Feature","properties":{"tip":"meadow","nume":null,"ha":0.68},"geometry":{"type":"MultiPolygon","coordinates":[[[[28.914752,46.97759],[28.91686,46.979231],[28.916636,46.979348],[28.91553,46.9785],[28.914547,46.977727],[28.9139,46.977321],[28.914062,46.977165],[28.914752,46.97759]]]]}},{"type":"Feature","properties":{"tip":"meadow","nume":null,"ha":0.36},"geometry":{"type":"MultiPolygon","coordinates":[[[[28.91671,46.979405],[28.916925,46.979295],[28.918406,46.980485],[28.918257,46.98064],[28.91671,46.979405]]]]}},{"type":"Feature","properties":{"tip":"farmland","nume":null,"ha":14.75},"geometry":{"type":"MultiPolygon","coordinates":[[[[28.927477,46.971289],[28.928154,46.970471],[28.92994,46.970739],[28.930366,46.970847],[28.930661,46.970922],[28.930256,46.97316],[28.930062,46.974267],[28.928979,46.974412],[28.928262,46.974578],[28.928045,46.97468],[28.926371,46.975518],[28.925463,46.976357],[28.925217,46.976247],[28.924843,46.976148],[28.924443,46.975903],[28.924492,46.975712],[28.924036,46.975447],[28.925194,46.974058],[28.927316,46.974534],[28.92763,46.974078],[28.926887,46.973892],[28.9271,46.973538],[28.92584,46.973257],[28.92673,46.972171],[28.927477,46.971289]]]]}},{"type":"Feature","properties":{"tip":"orchard","nume":null,"ha":1.4},"geometry":{"type":"MultiPolygon","coordinates":[[[[28.925194,46.974058],[28.92584,46.973257],[28.9271,46.973538],[28.926887,46.973892],[28.92763,46.974078],[28.927316,46.974534],[28.925194,46.974058]]]]}},{"type":"Feature","properties":{"tip":"meadow","nume":null,"ha":0.1},"geometry":{"type":"MultiPolygon","coordinates":[[[[28.923884,46.975627],[28.924036,46.975447],[28.924492,46.975712],[28.924443,46.975903],[28.924249,46.975777],[28.923884,46.975627]]]]}},{"type":"Feature","properties":{"tip":"farmland","nume":null,"ha":0.38},"geometry":{"type":"MultiPolygon","coordinates":[[[[28.927285,46.97583],[28.9263,46.975679],[28.926469,46.975526],[28.9275,46.975034],[28.927285,46.97583]]]]}},{"type":"Feature","properties":{"tip":"vineyard","nume":null,"ha":0.31},"geometry":{"type":"MultiPolygon","coordinates":[[[[28.9263,46.975679],[28.927285,46.97583],[28.927175,46.976152],[28.925971,46.975968],[28.9263,46.975679]]]]}},{"type":"Feature","properties":{"tip":"farmland","nume":null,"ha":1.86},"geometry":{"type":"MultiPolygon","coordinates":[[[[28.925971,46.975968],[28.927175,46.976152],[28.926885,46.976864],[28.926658,46.977652],[28.92535,46.977583],[28.925552,46.976396],[28.925971,46.975968]]]]}},{"type":"Feature","properties":{"tip":"orchard","nume":null,"ha":0.21},"geometry":{"type":"MultiPolygon","coordinates":[[[[28.927177,46.976501],[28.927876,46.976594],[28.928492,46.976689],[28.92842,46.97686],[28.927083,46.976676],[28.927177,46.976501]]]]}},{"type":"Feature","properties":{"tip":"farmland","nume":null,"ha":5.59},"geometry":{"type":"MultiPolygon","coordinates":[[[[28.927876,46.976594],[28.928376,46.974623],[28.928897,46.974496],[28.930041,46.974335],[28.929928,46.975525],[28.92974,46.976457],[28.929454,46.977786],[28.928808,46.977749],[28.927754,46.977786],[28.926768,46.977665],[28.927083,46.976676],[28.92842,46.97686],[28.928492,46.976689],[28.927876,46.976594]]]]}},{"type":"Feature","properties":{"tip":"farmland","nume":null,"ha":4.4},"geometry":{"type":"MultiPolygon","coordinates":[[[[28.93018,46.974343],[28.931966,46.974331],[28.931262,46.976387],[28.931266,46.976659],[28.930931,46.977845],[28.929571,46.977798],[28.930039,46.97569],[28.93018,46.974343]]]]}},{"type":"Feature","properties":{"tip":"farmland","nume":null,"ha":1.97},"geometry":{"type":"MultiPolygon","coordinates":[[[[28.932511,46.977889],[28.931056,46.977842],[28.931382,46.976671],[28.931391,46.976407],[28.931438,46.976268],[28.933132,46.976587],[28.932511,46.977889]]]]}},{"type":"Feature","properties":{"tip":"orchard","nume":null,"ha":0.23},"geometry":{"type":"MultiPolygon","coordinates":[[[[28.933132,46.976587],[28.931438,46.976268],[28.931499,46.976118],[28.933193,46.976437],[28.933132,46.976587]]]]}},{"type":"Feature","properties":{"tip":"farmland","nume":null,"ha":3.48},"geometry":{"type":"MultiPolygon","coordinates":[[[[28.934528,46.974369],[28.933193,46.976437],[28.931499,46.976118],[28.932095,46.974354],[28.934528,46.974369]]]]}},{"type":"Feature","properties":{"tip":"meadow","nume":null,"ha":0.02},"geometry":{"type":"MultiPolygon","coordinates":[[[[28.933751,46.977933],[28.933797,46.977931],[28.933807,46.977987],[28.933589,46.978125],[28.933584,46.978114],[28.933582,46.978044],[28.933616,46.977982],[28.933664,46.977953],[28.933751,46.977933]]]]}},{"type":"Feature","properties":{"tip":"farmland","nume":null,"ha":4.45},"geometry":{"type":"MultiPolygon","coordinates":[[[[28.933881,46.975528],[28.934671,46.974365],[28.935783,46.974388],[28.936227,46.974431],[28.936221,46.974473],[28.936192,46.974608],[28.936038,46.974649],[28.93518,46.975908],[28.934396,46.977066],[28.93409,46.977583],[28.933949,46.97789],[28.93381,46.977881],[28.933676,46.97789],[28.933473,46.977941],[28.932644,46.977896],[28.932808,46.977446],[28.933213,46.9766],[28.933881,46.975528]]]]}},{"type":"Feature","properties":{"tip":"meadow","nume":null,"ha":0.13},"geometry":{"type":"MultiPolygon","coordinates":[[[[28.918483,46.980579],[28.918592,46.980354],[28.918608,46.980421],[28.918762,46.980535],[28.918864,46.980544],[28.918959,46.980526],[28.918987,46.980577],[28.918609,46.980915],[28.918347,46.980711],[28.918483,46.980579]]]]}},{"type":"Feature","properties":{"tip":"farmland","nume":null,"ha":0.58},"geometry":{"type":"MultiPolygon","coordinates":[[[[28.930562,46.972086],[28.930697,46.971288],[28.932031,46.972012],[28.931858,46.972159],[28.930562,46.972086]]]]}},{"type":"Feature","properties":{"tip":"farmland","nume":null,"ha":0.4},"geometry":{"type":"MultiPolygon","coordinates":[[[[28.932029,46.972159],[28.932737,46.971524],[28.933046,46.971793],[28.933553,46.972159],[28.932029,46.972159]]]]}},{"type":"Feature","properties":{"tip":"farmland","nume":null,"ha":4.21},"geometry":{"type":"MultiPolygon","coordinates":[[[[28.93036,46.973199],[28.930579,46.972168],[28.931876,46.972228],[28.932995,46.972238],[28.9336,46.972212],[28.933913,46.972411],[28.932583,46.973368],[28.931931,46.974001],[28.931609,46.974244],[28.930163,46.974253],[28.93036,46.973199]]]]}},{"type":"Feature","properties":{"tip":"farmland","nume":null,"ha":2.89},"geometry":{"type":"MultiPolygon","coordinates":[[[[28.934235,46.97275],[28.935239,46.973486],[28.934424,46.974285],[28.931733,46.974256],[28.932111,46.973931],[28.93266,46.973409],[28.933292,46.972963],[28.933973,46.972481],[28.934235,46.97275]]]]}},{"type":"Feature","properties":{"tip":"farmland","nume":null,"ha":0.66},"geometry":{"type":"MultiPolygon","coordinates":[[[[28.93626,46.974335],[28.934587,46.974294],[28.935312,46.973538],[28.935454,46.973641],[28.936318,46.974084],[28.936295,46.974183],[28.93626,46.974335]]]]}},{"type":"Feature","properties":{"tip":"farmland","nume":null,"ha":1.78},"geometry":{"type":"MultiPolygon","coordinates":[[[[28.93607,46.974693],[28.936174,46.974663],[28.936129,46.974799],[28.93586,46.975866],[28.935481,46.977371],[28.935327,46.977611],[28.934985,46.977815],[28.934161,46.97759],[28.934898,46.976444],[28.935538,46.975507],[28.93607,46.974693]]]]}},{"type":"Feature","properties":{"tip":"vineyard","nume":null,"ha":0.2},"geometry":{"type":"MultiPolygon","coordinates":[[[[28.934048,46.977921],[28.934161,46.97759],[28.934985,46.977815],[28.934635,46.978001],[28.934523,46.978046],[28.934048,46.977921]]]]}},{"type":"Feature","properties":{"tip":"commercial","nume":null,"ha":0.13},"geometry":{"type":"MultiPolygon","coordinates":[[[[28.933432,46.978017],[28.933474,46.978163],[28.933381,46.978277],[28.933332,46.978258],[28.933208,46.97822],[28.932652,46.978044],[28.932717,46.977952],[28.933424,46.977992],[28.933432,46.978017]]]]}},{"type":"Feature","properties":{"tip":"commercial","nume":null,"ha":0.15},"geometry":{"type":"MultiPolygon","coordinates":[[[[28.932823,46.978836],[28.932869,46.978849],[28.932685,46.979058],[28.932643,46.979043],[28.932035,46.978851],[28.932192,46.978627],[28.932823,46.978836]]]]}},{"type":"Feature","properties":{"tip":"commercial","nume":null,"ha":0.2},"geometry":{"type":"MultiPolygon","coordinates":[[[[28.931806,46.979146],[28.932035,46.978851],[28.932643,46.979043],[28.932685,46.979058],[28.932426,46.979346],[28.932393,46.979333],[28.931806,46.979146]]]]}},{"type":"Feature","properties":{"tip":"commercial","nume":null,"ha":0.15},"geometry":{"type":"MultiPolygon","coordinates":[[[[28.931631,46.979387],[28.931806,46.979146],[28.932393,46.979333],[28.932426,46.979346],[28.932293,46.979493],[28.932221,46.979573],[28.932186,46.979558],[28.931631,46.979387]]]]}},{"type":"Feature","properties":{"tip":"farmyard","nume":"Stână","ha":1.04},"geometry":{"type":"MultiPolygon","coordinates":[[[[28.924373,46.981669],[28.923963,46.982216],[28.923755,46.982141],[28.923641,46.982096],[28.923524,46.982051],[28.923196,46.981924],[28.923392,46.981702],[28.924358,46.980608],[28.924986,46.98085],[28.924373,46.981669]]]]}},{"type":"Feature","properties":{"tip":"farmyard","nume":"Fermă","ha":0.48},"geometry":{"type":"MultiPolygon","coordinates":[[[[28.923392,46.981702],[28.923196,46.981924],[28.922883,46.981795],[28.924044,46.980479],[28.924358,46.980608],[28.923392,46.981702]]]]}},{"type":"Feature","properties":{"tip":"farmland","nume":null,"ha":4.36},"geometry":{"type":"MultiPolygon","coordinates":[[[[28.923963,46.982216],[28.922789,46.983819],[28.922583,46.983696],[28.922004,46.983374],[28.921859,46.983292],[28.921847,46.983287],[28.921651,46.983178],[28.920908,46.982764],[28.92326,46.980179],[28.924044,46.980479],[28.922883,46.981795],[28.923196,46.981924],[28.923524,46.982051],[28.923641,46.982096],[28.923755,46.982141],[28.923963,46.982216]]]]}},{"type":"Feature","properties":{"tip":"meadow","nume":null,"ha":0.62},"geometry":{"type":"MultiPolygon","coordinates":[[[[28.92326,46.980179],[28.920908,46.982764],[28.920812,46.98271],[28.923163,46.980118],[28.925076,46.977977],[28.925319,46.977684],[28.925465,46.977682],[28.924548,46.978722],[28.923309,46.980124],[28.92326,46.980179]]]]}},{"type":"Feature","properties":{"tip":"vineyard","nume":null,"ha":1.5},"geometry":{"type":"MultiPolygon","coordinates":[[[[28.925012,46.980786],[28.923966,46.980386],[28.925229,46.979043],[28.926122,46.979412],[28.925012,46.980786]]]]}},{"type":"Feature","properties":{"tip":"farmland","nume":null,"ha":1.09},"geometry":{"type":"MultiPolygon","coordinates":[[[[28.925229,46.979043],[28.923966,46.980386],[28.923309,46.980124],[28.924548,46.978722],[28.925229,46.979043]]]]}},{"type":"Feature","properties":{"tip":"farmland","nume":null,"ha":1.12},"geometry":{"type":"MultiPolygon","coordinates":[[[[28.926301,46.978938],[28.926122,46.979412],[28.925229,46.979043],[28.926327,46.977718],[28.927019,46.977758],[28.926791,46.978145],[28.926301,46.978938]]]]}},{"type":"Feature","properties":{"tip":"farmyard","nume":"Fermă","ha":0.24},"geometry":{"type":"MultiPolygon","coordinates":[[[[28.923572,46.982935],[28.923675,46.982793],[28.924743,46.983155],[28.924588,46.983368],[28.92352,46.983006],[28.923572,46.982935]]]]}},{"type":"Feature","properties":{"tip":"farmland","nume":null,"ha":6.16},"geometry":{"type":"MultiPolygon","coordinates":[[[[28.924743,46.983155],[28.923675,46.982793],[28.926211,46.979429],[28.926406,46.978936],[28.927128,46.977773],[28.927301,46.977811],[28.927808,46.97786],[28.928797,46.977825],[28.927671,46.979278],[28.92706,46.980055],[28.926461,46.980942],[28.925284,46.982436],[28.924743,46.983155]]]]}},{"type":"Feature","properties":{"tip":"farmland","nume":null,"ha":1.11},"geometry":{"type":"MultiPolygon","coordinates":[[[[28.924588,46.983368],[28.923827,46.984442],[28.922868,46.983867],[28.92352,46.983006],[28.924588,46.983368]]]]}},{"type":"Feature","properties":{"tip":"farmland","nume":null,"ha":4.4},"geometry":{"type":"MultiPolygon","coordinates":[[[[28.92587,46.985693],[28.925852,46.985681],[28.924982,46.985135],[28.923915,46.984495],[28.924953,46.983023],[28.926137,46.983407],[28.926321,46.983143],[28.927493,46.983525],[28.92587,46.985693]]]]}},{"type":"Feature","properties":{"tip":"orchard","nume":null,"ha":0.68},"geometry":{"type":"MultiPolygon","coordinates":[[[[28.926524,46.982853],[28.926321,46.983143],[28.926137,46.983407],[28.924953,46.983023],[28.925339,46.982469],[28.926524,46.982853]]]]}},{"type":"Feature","properties":{"tip":"farmyard","nume":"Fermă","ha":0.35},"geometry":{"type":"MultiPolygon","coordinates":[[[[28.926321,46.983143],[28.926524,46.982853],[28.927696,46.983235],[28.927663,46.983283],[28.927606,46.983362],[28.927493,46.983525],[28.926321,46.983143]]]]}},{"type":"Feature","properties":{"tip":"farmland","nume":null,"ha":11.85},"geometry":{"type":"MultiPolygon","coordinates":[[[[28.929402,46.980852],[28.927696,46.983235],[28.926524,46.982853],[28.925339,46.982469],[28.92572,46.982011],[28.927177,46.980053],[28.92776,46.979322],[28.928903,46.977831],[28.929687,46.977905],[28.930177,46.977935],[28.931634,46.977943],[28.929402,46.980852]]]]}},{"type":"Feature","properties":{"tip":"commercial","nume":null,"ha":0.2},"geometry":{"type":"MultiPolygon","coordinates":[[[[28.928029,46.984808],[28.929079,46.985141],[28.929016,46.985233],[28.928952,46.985328],[28.928567,46.985207],[28.927888,46.984994],[28.928029,46.984808]]]]}},{"type":"Feature","properties":{"tip":"commercial","nume":null,"ha":0.1},"geometry":{"type":"MultiPolygon","coordinates":[[[[28.928567,46.985207],[28.928952,46.985328],[28.928865,46.985456],[28.928793,46.985561],[28.92877,46.985593],[28.928415,46.985479],[28.928567,46.985207]]]]}},{"type":"Feature","properties":{"tip":"commercial","nume":null,"ha":0.19},"geometry":{"type":"MultiPolygon","coordinates":[[[[28.928303,46.985698],[28.928614,46.985799],[28.928516,46.985928],[28.928504,46.985942],[28.928491,46.985958],[28.928169,46.985863],[28.927879,46.985771],[28.927783,46.985739],[28.927432,46.985622],[28.927555,46.985456],[28.928303,46.985698]]]]}},{"type":"Feature","properties":{"tip":"commercial","nume":null,"ha":0.17},"geometry":{"type":"MultiPolygon","coordinates":[[[[28.927314,46.985784],[28.927432,46.985622],[28.927783,46.985739],[28.927879,46.985771],[28.928169,46.985863],[28.928491,46.985958],[28.928476,46.985975],[28.928461,46.985993],[28.928348,46.986108],[28.927314,46.985784]]]]}},{"type":"Feature","properties":{"tip":"commercial","nume":null,"ha":0.26},"geometry":{"type":"MultiPolygon","coordinates":[[[[28.926554,46.986201],[28.926313,46.98601],[28.926182,46.985888],[28.926076,46.985822],[28.926073,46.985819],[28.925942,46.985738],[28.926037,46.985602],[28.92743,46.986525],[28.927176,46.986609],[28.926927,46.986446],[28.926795,46.986359],[28.926554,46.986201]]]]}},{"type":"Feature","properties":{"tip":"commercial","nume":null,"ha":0.1},"geometry":{"type":"MultiPolygon","coordinates":[[[[28.929222,46.984962],[28.929151,46.985051],[28.928808,46.984946],[28.929018,46.984679],[28.929364,46.984786],[28.929257,46.98492],[28.929222,46.984962]]]]}},{"type":"Feature","properties":{"tip":"commercial","nume":null,"ha":0.29},"geometry":{"type":"MultiPolygon","coordinates":[[[[28.92851,46.984185],[28.929561,46.984525],[28.929501,46.98461],[28.929466,46.98466],[28.929455,46.984673],[28.929364,46.984786],[28.929018,46.984679],[28.928317,46.984451],[28.92851,46.984185]]]]}},{"type":"Feature","properties":{"tip":"commercial","nume":"Bază de metal","ha":0.24},"geometry":{"type":"MultiPolygon","coordinates":[[[[28.928659,46.983968],[28.929718,46.984306],[28.929654,46.984396],[28.92964,46.984416],[28.929561,46.984525],[28.92851,46.984185],[28.928659,46.983968]]]]}},{"type":"Feature","properties":{"tip":"commercial","nume":"Bază de metal","ha":0.53},"geometry":{"type":"MultiPolygon","coordinates":[[[[28.929821,46.983747],[28.930057,46.983819],[28.929889,46.984067],[28.929878,46.984082],[28.929718,46.984306],[28.928659,46.983968],[28.929007,46.983486],[28.929821,46.983747]]]]}},{"type":"Feature","properties":{"tip":"commercial","nume":"Bază de metal - Metalica Grup","ha":0.58},"geometry":{"type":"MultiPolygon","coordinates":[[[[28.930238,46.981775],[28.930581,46.981829],[28.930539,46.982022],[28.930526,46.982082],[28.930492,46.982239],[28.930375,46.982793],[28.930332,46.982998],[28.929536,46.982745],[28.930238,46.981775]]]]}},{"type":"Feature","properties":{"tip":"commercial","nume":null,"ha":0.33},"geometry":{"type":"MultiPolygon","coordinates":[[[[28.930581,46.981829],[28.930238,46.981775],[28.929886,46.981687],[28.929966,46.981573],[28.929154,46.981324],[28.929285,46.981142],[28.930101,46.981386],[28.93036,46.981471],[28.930562,46.98153],[28.93065,46.981549],[28.930633,46.981618],[28.930591,46.981784],[28.930581,46.981829]]]]}},{"type":"Feature","properties":{"tip":"commercial","nume":null,"ha":0.32},"geometry":{"type":"MultiPolygon","coordinates":[[[[28.930101,46.981386],[28.929285,46.981142],[28.929469,46.980895],[28.93029,46.981157],[28.930736,46.981299],[28.930719,46.981329],[28.930679,46.981402],[28.93065,46.981549],[28.930562,46.98153],[28.93036,46.981471],[28.930101,46.981386]]]]}},{"type":"Feature","properties":{"tip":"farmland","nume":null,"ha":3.55},"geometry":{"type":"MultiPolygon","coordinates":[[[[28.931235,46.980659],[28.930736,46.981299],[28.93029,46.981157],[28.929469,46.980895],[28.930571,46.979467],[28.931752,46.97793],[28.932717,46.977952],[28.932652,46.978044],[28.933208,46.97822],[28.933332,46.978258],[28.933381,46.978277],[28.933334,46.978334],[28.933155,46.978531],[28.932976,46.978728],[28.932869,46.978849],[28.932823,46.978836],[28.932192,46.978627],[28.932035,46.978851],[28.931806,46.979146],[28.931631,46.979387],[28.931381,46.979726],[28.931933,46.979892],[28.931843,46.979991],[28.931308,46.979826],[28.931014,46.980226],[28.931465,46.980413],[28.931235,46.980659]]]]}},{"type":"Feature","properties":{"tip":"commercial","nume":null,"ha":0.2},"geometry":{"type":"MultiPolygon","coordinates":[[[[28.931381,46.979726],[28.931631,46.979387],[28.932186,46.979558],[28.932221,46.979573],[28.931995,46.979822],[28.931933,46.979892],[28.931381,46.979726]]]]}},{"type":"Feature","properties":{"tip":"commercial","nume":"Parcare pentru autocamioane","ha":0.22},"geometry":{"type":"MultiPolygon","coordinates":[[[[28.931308,46.979826],[28.931843,46.979991],[28.931811,46.980028],[28.931611,46.980252],[28.931465,46.980413],[28.931014,46.980226],[28.931308,46.979826]]]]}},{"type":"Feature","properties":{"tip":"farmland","nume":null,"ha":6.44},"geometry":{"type":"MultiPolygon","coordinates":[[[[28.926037,46.985602],[28.929154,46.981324],[28.929966,46.981573],[28.929886,46.981687],[28.930238,46.981775],[28.929536,46.982745],[28.929007,46.983486],[28.928659,46.983968],[28.92851,46.984185],[28.928317,46.984451],[28.929018,46.984679],[28.928808,46.984946],[28.929151,46.985051],[28.929079,46.985141],[28.928029,46.984808],[28.927888,46.984994],[28.928567,46.985207],[28.928415,46.985479],[28.92877,46.985593],[28.928745,46.985627],[28.928718,46.985661],[28.928693,46.985695],[28.928614,46.985799],[28.928303,46.985698],[28.927555,46.985456],[28.927432,46.985622],[28.927314,46.985784],[28.928348,46.986108],[28.927982,46.986346],[28.92743,46.986525],[28.926037,46.985602]]]]}},{"type":"Feature","properties":{"tip":"commercial","nume":"Bază de metal","ha":0.73},"geometry":{"type":"MultiPolygon","coordinates":[[[[28.929821,46.983747],[28.929007,46.983486],[28.929536,46.982745],[28.930332,46.982998],[28.930317,46.983066],[28.930311,46.983092],[28.93029,46.983182],[28.930271,46.983275],[28.930252,46.983364],[28.930249,46.983379],[28.930234,46.98345],[28.930217,46.983533],[28.93021,46.983566],[28.930186,46.983608],[28.930146,46.98368],[28.930057,46.983819],[28.929821,46.983747]]]]}},{"type":"Feature","properties":{"tip":"grass","nume":null,"ha":0.09},"geometry":{"type":"MultiPolygon","coordinates":[[[[28.928011,46.986393],[28.927319,46.98667],[28.927253,46.986622],[28.927176,46.986609],[28.92743,46.986525],[28.927982,46.986346],[28.928348,46.986108],[28.928473,46.986166],[28.928433,46.986227],[28.928011,46.986393]]]]}},{"type":"Feature","properties":{"tip":"meadow","nume":null,"ha":0.02},"geometry":{"type":"MultiPolygon","coordinates":[[[[28.928599,46.98628],[28.928622,46.986299],[28.927436,46.98676],[28.927411,46.986751],[28.927425,46.986746],[28.928599,46.98628]]],[[[28.928678,46.986355],[28.928658,46.986363],[28.928667,46.986343],[28.928678,46.986355]]]]}},{"type":"Feature","properties":{"tip":"farmland","nume":null,"ha":0.01},"geometry":{"type":"MultiPolygon","coordinates":[[[[28.930539,46.992568],[28.930531,46.992578],[28.929332,46.992142],[28.930539,46.992568]]]]}},{"type":"Feature","properties":{"tip":"orchard","nume":null,"ha":0.0},"geometry":{"type":"MultiPolygon","coordinates":[[[[28.930776,46.992652],[28.930766,46.992663],[28.930531,46.992578],[28.930539,46.992568],[28.930776,46.992652]]]]}},{"type":"Feature","properties":{"tip":"farmland","nume":null,"ha":0.01},"geometry":{"type":"MultiPolygon","coordinates":[[[[28.93194,46.993077],[28.931934,46.993087],[28.931824,46.993048],[28.930766,46.992663],[28.930776,46.992652],[28.93194,46.993077]]]]}},{"type":"Feature","properties":{"tip":"farmland","nume":null,"ha":0.01},"geometry":{"type":"MultiPolygon","coordinates":[[[[28.930951,46.997248],[28.930935,46.997242],[28.93108,46.997086],[28.931847,46.996256],[28.931859,46.996261],[28.931536,46.996603],[28.931443,46.99671],[28.930951,46.997248]]]]}},{"type":"Feature","properties":{"tip":"orchard","nume":null,"ha":0.02},"geometry":{"type":"MultiPolygon","coordinates":[[[[28.931859,46.996261],[28.931847,46.996256],[28.932819,46.995204],[28.932742,46.995326],[28.931859,46.996261]]]]}},{"type":"Feature","properties":{"tip":"forest","nume":null,"ha":0.0},"geometry":{"type":"MultiPolygon","coordinates":[[[[28.934154,47.000488],[28.934159,47.000493],[28.934159,47.000492],[28.934154,47.000488]]]]}},{"type":"Feature","properties":{"tip":"farmyard","nume":"Întreprinderea Agricolă de Stat „Dumbrava Vest”","ha":0.08},"geometry":{"type":"MultiPolygon","coordinates":[[[[28.929332,46.992142],[28.930539,46.992568],[28.930776,46.992652],[28.93194,46.993077],[28.932427,46.993267],[28.931824,46.993048],[28.929332,46.992142]]],[[[28.933104,46.994338],[28.933222,46.993898],[28.933353,46.993623],[28.933368,46.993634],[28.933236,46.99391],[28.933104,46.994338]]],[[[28.932742,46.995326],[28.931859,46.996261],[28.931536,46.996603],[28.931443,46.99671],[28.930951,46.997248],[28.930935,46.997242],[28.93108,46.997086],[28.932819,46.995204],[28.932742,46.995326]]],[[[28.939636,46.997272],[28.939493,46.997383],[28.93949,46.997389],[28.939435,46.997432],[28.939571,46.997284],[28.939948,46.997028],[28.939636,46.997272]]],[[[28.938474,46.998004],[28.938414,46.998046],[28.938098,46.99827],[28.938099,46.998269],[28.938415,46.998041],[28.938474,46.998004]]],[[[28.938095,46.998272],[28.938098,46.99827],[28.938092,46.998275],[28.938095,46.998272]]],[[[28.934159,47.000493],[28.934154,47.000488],[28.934159,47.000492],[28.934159,47.000493]]]]}},{"type":"Feature","properties":{"tip":"commercial","nume":null,"ha":0.21},"geometry":{"type":"MultiPolygon","coordinates":[[[[28.932476,46.99911],[28.932247,46.998997],[28.931986,46.998863],[28.93219,46.998521],[28.932764,46.99877],[28.932642,46.998922],[28.932503,46.999079],[28.932476,46.99911]]]]}},{"type":"Feature","properties":{"tip":"commercial","nume":null,"ha":0.21},"geometry":{"type":"MultiPolygon","coordinates":[[[[28.932299,46.998339],[28.931978,46.998054],[28.931982,46.998049],[28.931982,46.998049],[28.932092,46.997949],[28.932168,46.997983],[28.932397,46.998083],[28.932619,46.998179],[28.932933,46.998316],[28.932921,46.998379],[28.932882,46.998584],[28.932299,46.998339]]]]}},{"type":"Feature","properties":{"tip":"industrial","nume":null,"ha":0.02},"geometry":{"type":"MultiPolygon","coordinates":[[[[28.928303,46.987422],[28.928382,46.987276],[28.928497,46.987305],[28.928418,46.987451],[28.928303,46.987422]]]]}},{"type":"Feature","properties":{"tip":"commercial","nume":null,"ha":0.11},"geometry":{"type":"MultiPolygon","coordinates":[[[[28.930103,46.985749],[28.929886,46.986213],[28.929601,46.986151],[28.929727,46.985901],[28.929747,46.985888],[28.929801,46.98585],[28.930107,46.985641],[28.930149,46.985651],[28.930103,46.985749]]]]}},{"type":"Feature","properties":{"tip":"commercial","nume":"Poligonul Auto de la Bubuieci","ha":0.23},"geometry":{"type":"MultiPolygon","coordinates":[[[[28.930103,46.985749],[28.930149,46.985651],[28.930181,46.985658],[28.930585,46.985751],[28.930317,46.986307],[28.929886,46.986213],[28.930103,46.985749]]]]}},{"type":"Feature","properties":{"tip":"commercial","nume":null,"ha":0.2},"geometry":{"type":"MultiPolygon","coordinates":[[[[28.930744,46.984898],[28.930671,46.984889],[28.930772,46.984761],[28.9308,46.984727],[28.930862,46.984648],[28.930875,46.98463],[28.931062,46.98441],[28.931078,46.984404],[28.931138,46.98441],[28.931177,46.98443],[28.931201,46.984462],[28.931208,46.984476],[28.931325,46.984722],[28.931401,46.984882],[28.931453,46.984993],[28.931411,46.984988],[28.931314,46.984975],[28.930744,46.984898]]]]}},{"type":"Feature","properties":{"tip":"commercial","nume":null,"ha":0.12},"geometry":{"type":"MultiPolygon","coordinates":[[[[28.931411,46.984988],[28.931453,46.984993],[28.931511,46.985129],[28.931552,46.985224],[28.931481,46.985206],[28.930988,46.985084],[28.93066,46.985002],[28.930596,46.984986],[28.930671,46.984889],[28.930744,46.984898],[28.931314,46.984975],[28.931411,46.984988]]]]}},{"type":"Feature","properties":{"tip":"commercial","nume":null,"ha":0.14},"geometry":{"type":"MultiPolygon","coordinates":[[[[28.932126,46.98383],[28.931634,46.98386],[28.931646,46.983495],[28.932105,46.983498],[28.932126,46.98383]]]]}},{"type":"Feature","properties":{"tip":"grass","nume":null,"ha":0.02},"geometry":{"type":"MultiPolygon","coordinates":[[[[28.962584,46.948627],[28.962561,46.948595],[28.962611,46.9486],[28.962711,46.948677],[28.962835,46.948703],[28.963632,46.948755],[28.963716,46.948795],[28.963648,46.948784],[28.962866,46.948727],[28.962707,46.948698],[28.962584,46.948627]]]]}},{"type":"Feature","properties":{"tip":"farmyard","nume":"Fermă","ha":0.75},"geometry":{"type":"MultiPolygon","coordinates":[[[[28.955729,46.947247],[28.95577,46.947276],[28.955787,46.947296],[28.955847,46.947329],[28.955946,46.947398],[28.956092,46.947475],[28.956116,46.947481],[28.95617,46.947511],[28.956981,46.947698],[28.956809,46.947908],[28.956631,46.947948],[28.955431,46.947805],[28.954815,46.947781],[28.955417,46.947073],[28.955522,46.947075],[28.955729,46.947247]]]]}},{"type":"Feature","properties":{"tip":"grass","nume":null,"ha":0.0},"geometry":{"type":"MultiPolygon","coordinates":[[[[28.953113,46.94488],[28.95299,46.944691],[28.95315,46.944861],[28.953113,46.94488]]]]}},{"type":"Feature","properties":{"tip":"grass","nume":null,"ha":0.02},"geometry":{"type":"MultiPolygon","coordinates":[[[[28.95315,46.944861],[28.953184,46.944897],[28.953199,46.944915],[28.953197,46.944954],[28.95339,46.945139],[28.953499,46.945235],[28.953502,46.945239],[28.95347,46.945258],[28.953226,46.94509],[28.953113,46.94488],[28.95315,46.944861]]]]}},{"type":"Feature","properties":{"tip":"grass","nume":null,"ha":0.01},"geometry":{"type":"MultiPolygon","coordinates":[[[[28.95334,46.945315],[28.953263,46.945177],[28.953426,46.94528],[28.95334,46.945315]]]]}},{"type":"Feature","properties":{"tip":"meadow","nume":null,"ha":0.0},"geometry":{"type":"MultiPolygon","coordinates":[[[[28.955506,46.946968],[28.954824,46.946316],[28.955144,46.946619],[28.955506,46.946968],[28.955506,46.946968]]]]}},{"type":"Feature","properties":{"tip":"meadow","nume":null,"ha":0.83},"geometry":{"type":"MultiPolygon","coordinates":[[[[28.956809,46.947908],[28.956981,46.947698],[28.957,46.947702],[28.957412,46.947794],[28.958388,46.947948],[28.958818,46.948115],[28.9593,46.948364],[28.959585,46.94836],[28.960002,46.948352],[28.960313,46.948396],[28.96146,46.94849],[28.962455,46.948585],[28.96254,46.948702],[28.962664,46.948754],[28.961588,46.948585],[28.961064,46.948521],[28.960636,46.948508],[28.96021,46.948515],[28.960143,46.948516],[28.960081,46.948517],[28.959516,46.948496],[28.959192,46.948437],[28.958815,46.948287],[28.958474,46.948136],[28.958136,46.948017],[28.957695,46.947938],[28.957385,46.947915],[28.956984,46.947985],[28.956609,46.948026],[28.955811,46.947953],[28.955159,46.947926],[28.954955,46.947947],[28.954608,46.948023],[28.954815,46.947781],[28.955431,46.947805],[28.956631,46.947948],[28.956809,46.947908]]],[[[28.955946,46.947398],[28.955847,46.947329],[28.956116,46.947481],[28.956092,46.947475],[28.955946,46.947398]]],[[[28.955417,46.947073],[28.955506,46.946968],[28.95577,46.947276],[28.955729,46.947247],[28.955522,46.947075],[28.955417,46.947073]]]]}},{"type":"Feature","properties":{"tip":"farmland","nume":null,"ha":0.05},"geometry":{"type":"MultiPolygon","coordinates":[[[[28.971818,46.950074],[28.971826,46.950047],[28.971964,46.950012],[28.972155,46.949908],[28.972254,46.949783],[28.972357,46.94954],[28.972711,46.949226],[28.972748,46.949182],[28.972758,46.949182],[28.972718,46.949226],[28.97244,46.949502],[28.972178,46.949955],[28.972001,46.950143],[28.971818,46.950074]]],[[[28.97107,46.949848],[28.970863,46.949816],[28.971088,46.949836],[28.971223,46.949883],[28.97107,46.949848]]]]}},{"type":"Feature","properties":{"tip":"meadow","nume":null,"ha":0.0},"geometry":{"type":"MultiPolygon","coordinates":[[[[28.963852,46.948961],[28.96388,46.948957],[28.963885,46.948967],[28.963852,46.948961]]]]}},{"type":"Feature","properties":{"tip":"farmland","nume":null,"ha":0.05},"geometry":{"type":"MultiPolygon","coordinates":[[[[28.972867,46.94922],[28.972897,46.949178],[28.973031,46.949174],[28.974341,46.949124],[28.97433,46.949162],[28.972867,46.94922]]]]}},{"type":"Feature","properties":{"tip":"meadow","nume":null,"ha":0.01},"geometry":{"type":"MultiPolygon","coordinates":[[[[28.972718,46.949226],[28.972758,46.949182],[28.972897,46.949178],[28.972867,46.94922],[28.972718,46.949226]]],[[[28.97433,46.949162],[28.974341,46.949124],[28.974516,46.949117],[28.974517,46.949142],[28.974418,46.949158],[28.97433,46.949162]]]]}},{"type":"Feature","properties":{"tip":"vineyard","nume":null,"ha":0.01},"geometry":{"type":"MultiPolygon","coordinates":[[[[28.973457,46.954478],[28.973468,46.954364],[28.973567,46.954483],[28.973457,46.954478]]]]}},{"type":"Feature","properties":{"tip":"meadow","nume":null,"ha":0.0},"geometry":{"type":"MultiPolygon","coordinates":[[[[28.973658,46.954642],[28.973707,46.954652],[28.973733,46.954684],[28.97372,46.954786],[28.973677,46.954686],[28.973658,46.954642]]]]}},{"type":"Feature","properties":{"tip":"meadow","nume":null,"ha":0.13},"geometry":{"type":"MultiPolygon","coordinates":[[[[28.972029,46.959831],[28.972411,46.958692],[28.97211,46.959847],[28.971923,46.960752],[28.971786,46.960757],[28.972029,46.959831]]]]}},{"type":"Feature","properties":{"tip":"farmland","nume":null,"ha":0.04},"geometry":{"type":"MultiPolygon","coordinates":[[[[28.971657,46.961981],[28.971736,46.961452],[28.97184,46.961158],[28.971629,46.962167],[28.971334,46.964004],[28.971288,46.964263],[28.971178,46.96495],[28.971102,46.965468],[28.971075,46.965939],[28.971092,46.965425],[28.971657,46.961981]]]]}},{"type":"Feature","properties":{"tip":"meadow","nume":null,"ha":0.04},"geometry":{"type":"MultiPolygon","coordinates":[[[[28.971778,46.960814],[28.971913,46.960801],[28.971894,46.960899],[28.97184,46.961158],[28.971736,46.961452],[28.971778,46.960814]]]]}},{"type":"Feature","properties":{"tip":"farmland","nume":null,"ha":0.0},"geometry":{"type":"MultiPolygon","coordinates":[[[[28.986358,46.966755],[28.984784,46.966671],[28.986355,46.966754],[28.986358,46.966754],[28.986358,46.966755]]]]}},{"type":"Feature","properties":{"tip":"meadow","nume":null,"ha":0.01},"geometry":{"type":"MultiPolygon","coordinates":[[[[28.971786,46.960757],[28.971923,46.960752],[28.971923,46.960752],[28.971913,46.960801],[28.971778,46.960814],[28.971786,46.960757]]]]}},{"type":"Feature","properties":{"tip":"forest","nume":null,"ha":0.0},"geometry":{"type":"MultiPolygon","coordinates":[[[[28.986358,46.966755],[28.986358,46.966754],[28.986486,46.966761],[28.98649,46.966762],[28.986358,46.966755]]]]}},{"type":"Feature","properties":{"tip":"forest","nume":null,"ha":0.0},"geometry":{"type":"MultiPolygon","coordinates":[[[[28.993932,46.966894],[28.993817,46.966892],[28.993932,46.966892],[28.993932,46.966894]]]]}},{"type":"Feature","properties":{"tip":"forest","nume":null,"ha":6.6},"geometry":{"type":"MultiPolygon","coordinates":[[[[28.987174,46.966817],[28.987376,46.966748],[28.987821,46.966706],[28.988119,46.966693],[28.988378,46.966698],[28.991722,46.966867],[28.992192,46.966872],[28.99242,46.966888],[28.992725,46.966889],[28.993569,46.966893],[28.993817,46.966892],[28.993932,46.966894],[28.993837,46.967864],[28.99388,46.967996],[28.993945,46.968073],[28.993943,46.968139],[28.993824,46.968867],[28.993819,46.968917],[28.993784,46.968923],[28.993775,46.96901],[28.992759,46.978752],[28.992716,46.978949],[28.992582,46.979443],[28.99251,46.979476],[28.992044,46.97959],[28.993605,46.967241],[28.993528,46.967175],[28.988765,46.967024],[28.987106,46.966889],[28.987174,46.966817]]]]}},{"type":"Feature","properties":{"tip":"meadow","nume":null,"ha":0.01},"geometry":{"type":"MultiPolygon","coordinates":[[[[28.987106,46.966889],[28.987069,46.966887],[28.98722,46.966782],[28.987355,46.96675],[28.987376,46.966748],[28.987174,46.966817],[28.987106,46.966889]]],[[[28.986505,46.966862],[28.986519,46.966764],[28.986571,46.966769],[28.986586,46.966862],[28.986709,46.966871],[28.986577,46.966865],[28.986505,46.966862]]]]}},{"type":"Feature","properties":{"tip":"farmland","nume":null,"ha":0.05},"geometry":{"type":"MultiPolygon","coordinates":[[[[28.991722,46.966867],[28.988378,46.966698],[28.988859,46.966707],[28.989285,46.966716],[28.989931,46.966753],[28.990036,46.96676],[28.990858,46.966812],[28.991118,46.966829],[28.991483,46.966838],[28.991826,46.966847],[28.992097,46.966866],[28.992192,46.966872],[28.991722,46.966867]]],[[[28.988119,46.966693],[28.987821,46.966706],[28.987986,46.96669],[28.988119,46.966693]]]]}},{"type":"Feature","properties":{"tip":"forest","nume":null,"ha":0.0},"geometry":{"type":"MultiPolygon","coordinates":[[[[28.990851,46.979914],[28.990869,46.979909],[28.990953,46.980068],[28.990937,46.980073],[28.990851,46.979914]]]]}},{"type":"Feature","properties":{"tip":"farmland","nume":null,"ha":0.08},"geometry":{"type":"MultiPolygon","coordinates":[[[[28.990937,46.980073],[28.990953,46.980068],[28.990957,46.980077],[28.991979,46.981924],[28.992433,46.982732],[28.992663,46.983141],[28.993166,46.984075],[28.993204,46.984144],[28.993236,46.984234],[28.993236,46.984234],[28.993236,46.984234],[28.990937,46.980073]]]]}},{"type":"Feature","properties":{"tip":"forest","nume":null,"ha":2.55},"geometry":{"type":"MultiPolygon","coordinates":[[[[28.986358,46.966755],[28.98649,46.966762],[28.986519,46.966764],[28.986505,46.966862],[28.986577,46.966865],[28.98417,46.981319],[28.983956,46.981287],[28.985071,46.974663],[28.9851,46.974486],[28.986345,46.967088],[28.986358,46.966755]]]]}},{"type":"Feature","properties":{"tip":"forest","nume":null,"ha":2.52},"geometry":{"type":"MultiPolygon","coordinates":[[[[28.98553,46.981375],[28.990851,46.979914],[28.990937,46.980073],[28.990756,46.980129],[28.990292,46.980255],[28.989581,46.980451],[28.988931,46.980614],[28.987878,46.98089],[28.986657,46.981234],[28.98621,46.981354],[28.986013,46.981418],[28.985276,46.981615],[28.985166,46.981662],[28.984893,46.981613],[28.977183,46.9802],[28.976541,46.980109],[28.974846,46.979868],[28.974613,46.979815],[28.974636,46.979714],[28.974647,46.979665],[28.975596,46.979764],[28.977752,46.980085],[28.979376,46.980399],[28.979448,46.980413],[28.979573,46.980438],[28.983956,46.981287],[28.98417,46.981319],[28.98492,46.981459],[28.985154,46.981466],[28.98553,46.981375]]]]}},{"type":"Feature","properties":{"tip":"farmland","nume":null,"ha":84.57},"geometry":{"type":"MultiPolygon","coordinates":[[[[28.986577,46.966865],[28.986709,46.966871],[28.987055,46.966897],[28.987069,46.966887],[28.987106,46.966889],[28.988765,46.967024],[28.993528,46.967175],[28.993605,46.967241],[28.992044,46.97959],[28.991039,46.979838],[28.99084,46.979854],[28.990869,46.979909],[28.990851,46.979914],[28.98553,46.981375],[28.985154,46.981466],[28.98492,46.981459],[28.98417,46.981319],[28.986577,46.966865]]]]}},{"type":"Feature","properties":{"tip":"forest","nume":null,"ha":0.84},"geometry":{"type":"MultiPolygon","coordinates":[[[[28.985071,46.974663],[28.982184,46.966532],[28.982211,46.966534],[28.982342,46.966541],[28.9851,46.974486],[28.985071,46.974663]]]]}},{"type":"Feature","properties":{"tip":"farmland","nume":null,"ha":13.38},"geometry":{"type":"MultiPolygon","coordinates":[[[[28.9851,46.974486],[28.982342,46.966541],[28.984784,46.966671],[28.986358,46.966755],[28.986345,46.967088],[28.9851,46.974486]]]]}},{"type":"Feature","properties":{"tip":"forest","nume":null,"ha":1.35},"geometry":{"type":"MultiPolygon","coordinates":[[[[28.977441,46.966338],[28.97742,46.966278],[28.977549,46.966285],[28.980476,46.974948],[28.979573,46.980438],[28.979448,46.980413],[28.98035,46.975019],[28.980339,46.974832],[28.980168,46.974298],[28.979047,46.971034],[28.977656,46.966956],[28.977441,46.966338]]]]}},{"type":"Feature","properties":{"tip":"farmland","nume":null,"ha":56.07},"geometry":{"type":"MultiPolygon","coordinates":[[[[28.980476,46.974948],[28.977549,46.966285],[28.982184,46.966532],[28.985071,46.974663],[28.983956,46.981287],[28.979573,46.980438],[28.980476,46.974948]]]]}},{"type":"Feature","properties":{"tip":"forest","nume":null,"ha":1.43},"geometry":{"type":"MultiPolygon","coordinates":[[[[28.9762,46.966266],[28.976217,46.966214],[28.976342,46.966221],[28.976324,46.966274],[28.973338,46.975319],[28.97332,46.975374],[28.972696,46.977265],[28.972681,46.977311],[28.972006,46.979358],[28.97188,46.979342],[28.972887,46.976295],[28.97403,46.972836],[28.974051,46.97277],[28.974695,46.970822],[28.9762,46.966266]]]]}},{"type":"Feature","properties":{"tip":"vineyard","nume":null,"ha":1.08},"geometry":{"type":"MultiPolygon","coordinates":[[[[28.978881,46.974531],[28.978309,46.976237],[28.97759,46.976106],[28.978185,46.974406],[28.978881,46.974531]]]]}},{"type":"Feature","properties":{"tip":"farmland","nume":null,"ha":33.53},"geometry":{"type":"MultiPolygon","coordinates":[[[[28.978185,46.974406],[28.97759,46.976106],[28.973338,46.975319],[28.976324,46.966274],[28.977373,46.966334],[28.978974,46.971069],[28.980109,46.974321],[28.980266,46.974825],[28.980283,46.975026],[28.980028,46.976566],[28.978309,46.976237],[28.978881,46.974531],[28.978185,46.974406]]]]}},{"type":"Feature","properties":{"tip":"vineyard","nume":null,"ha":3.78},"geometry":{"type":"MultiPolygon","coordinates":[[[[28.978026,46.976244],[28.977421,46.978122],[28.975181,46.97772],[28.97579,46.975831],[28.978026,46.976244]]]]}},{"type":"Feature","properties":{"tip":"farmland","nume":null,"ha":4.2},"geometry":{"type":"MultiPolygon","coordinates":[[[[28.97579,46.975831],[28.975181,46.97772],[28.972696,46.977265],[28.97332,46.975374],[28.97579,46.975831]]]]}},{"type":"Feature","properties":{"tip":"farmland","nume":null,"ha":3.57},"geometry":{"type":"MultiPolygon","coordinates":[[[[28.977421,46.978122],[28.978026,46.976244],[28.980017,46.976619],[28.979698,46.97853],[28.977421,46.978122]]]]}},{"type":"Feature","properties":{"tip":"orchard","nume":null,"ha":7.38},"geometry":{"type":"MultiPolygon","coordinates":[[[[28.972887,46.976295],[28.97188,46.979342],[28.969142,46.978941],[28.970191,46.975872],[28.972887,46.976295]]]]}},{"type":"Feature","properties":{"tip":"farmland","nume":null,"ha":11.86},"geometry":{"type":"MultiPolygon","coordinates":[[[[28.974636,46.979714],[28.972006,46.979358],[28.972681,46.977311],[28.979676,46.978595],[28.979376,46.980399],[28.977752,46.980085],[28.975596,46.979764],[28.974647,46.979665],[28.974636,46.979714]]]]}},{"type":"Feature","properties":{"tip":"orchard","nume":null,"ha":13.93},"geometry":{"type":"MultiPolygon","coordinates":[[[[28.972887,46.976295],[28.970191,46.975872],[28.968354,46.975591],[28.969484,46.972139],[28.97403,46.972836],[28.972887,46.976295]]]]}},{"type":"Feature","properties":{"tip":"orchard","nume":null,"ha":10.33},"geometry":{"type":"MultiPolygon","coordinates":[[[[28.974051,46.97277],[28.969224,46.97202],[28.970383,46.968841],[28.972533,46.969157],[28.97205,46.970748],[28.972362,46.970798],[28.974695,46.970822],[28.974051,46.97277]]]]}},{"type":"Feature","properties":{"tip":"farmland","nume":null,"ha":22.02},"geometry":{"type":"MultiPolygon","coordinates":[[[[28.970383,46.968841],[28.969224,46.97202],[28.968019,46.971835],[28.968161,46.971391],[28.969977,46.966681],[28.970027,46.966419],[28.970034,46.966292],[28.97018,46.966278],[28.970749,46.966334],[28.970998,46.966346],[28.97119,46.965994],[28.9762,46.966266],[28.974695,46.970822],[28.972362,46.970798],[28.97205,46.970748],[28.972533,46.969157],[28.970383,46.968841]]]]}},{"type":"Feature","properties":{"tip":"farmland","nume":null,"ha":15.11},"geometry":{"type":"MultiPolygon","coordinates":[[[[28.968,46.971894],[28.969484,46.972139],[28.968354,46.975591],[28.970191,46.975872],[28.969142,46.978941],[28.965881,46.978494],[28.96573,46.97817],[28.965684,46.978015],[28.965746,46.977749],[28.966915,46.974226],[28.968,46.971894]]]]}},{"type":"Feature","properties":{"tip":"forest","nume":null,"ha":0.88},"geometry":{"type":"MultiPolygon","coordinates":[[[[28.962824,46.970376],[28.962958,46.970396],[28.960629,46.977702],[28.960493,46.977682],[28.962824,46.970376]]]]}},{"type":"Feature","properties":{"tip":"forest","nume":null,"ha":2.44},"geometry":{"type":"MultiPolygon","coordinates":[[[[28.96884,46.951877],[28.962985,46.970322],[28.962852,46.970305],[28.964364,46.965514],[28.964387,46.965438],[28.965185,46.962912],[28.968677,46.951842],[28.96884,46.951877]]]]}},{"type":"Feature","properties":{"tip":"orchard","nume":null,"ha":2.72},"geometry":{"type":"MultiPolygon","coordinates":[[[[28.962118,46.954871],[28.963315,46.955053],[28.962479,46.957616],[28.961281,46.957434],[28.962118,46.954871]]]]}},{"type":"Feature","properties":{"tip":"farmland","nume":null,"ha":145.27},"geometry":{"type":"MultiPolygon","coordinates":[[[[28.963885,46.949287],[28.9645,46.949262],[28.965,46.949327],[28.96556,46.949399],[28.965989,46.949455],[28.966119,46.949462],[28.966278,46.94947],[28.967088,46.949571],[28.967217,46.949593],[28.967757,46.949687],[28.968172,46.94976],[28.96831,46.949747],[28.968558,46.949724],[28.968881,46.94974],[28.969279,46.949765],[28.969738,46.949846],[28.96991,46.949865],[28.970745,46.949841],[28.971037,46.94988],[28.971733,46.950107],[28.972094,46.950278],[28.971777,46.951334],[28.971278,46.953152],[28.97099,46.954117],[28.970945,46.954349],[28.970233,46.957086],[28.970226,46.957181],[28.970287,46.957344],[28.970546,46.957689],[28.970749,46.958036],[28.970917,46.958405],[28.970973,46.958658],[28.970966,46.958816],[28.970615,46.960901],[28.97024,46.962989],[28.96995,46.965567],[28.969962,46.966301],[28.969964,46.966391],[28.969918,46.966677],[28.968061,46.971378],[28.965551,46.97079],[28.963619,46.970412],[28.962985,46.970322],[28.96884,46.951877],[28.968677,46.951842],[28.965185,46.962912],[28.9646,46.962818],[28.963783,46.965346],[28.959036,46.964632],[28.961281,46.957434],[28.962479,46.957616],[28.963315,46.955053],[28.963336,46.954985],[28.962136,46.954804],[28.963885,46.949287]]]]}},{"type":"Feature","properties":{"tip":"orchard","nume":null,"ha":1.33},"geometry":{"type":"MultiPolygon","coordinates":[[[[28.964387,46.965438],[28.963783,46.965346],[28.9646,46.962818],[28.965185,46.962912],[28.964387,46.965438]]]]}},{"type":"Feature","properties":{"tip":"farmland","nume":null,"ha":31.24},"geometry":{"type":"MultiPolygon","coordinates":[[[[28.960629,46.977702],[28.962958,46.970396],[28.963564,46.970468],[28.96551,46.970843],[28.968028,46.971437],[28.967923,46.971849],[28.966789,46.974226],[28.965639,46.977737],[28.965584,46.978005],[28.965691,46.97831],[28.963947,46.978173],[28.962543,46.97798],[28.960629,46.977702]]]]}},{"type":"Feature","properties":{"tip":"meadow","nume":null,"ha":0.11},"geometry":{"type":"MultiPolygon","coordinates":[[[[28.965754,46.978468],[28.963947,46.978173],[28.965691,46.97831],[28.965754,46.978468]]]]}},{"type":"Feature","properties":{"tip":"meadow","nume":null,"ha":0.17},"geometry":{"type":"MultiPolygon","coordinates":[[[[28.963885,46.949287],[28.963905,46.949197],[28.964381,46.949246],[28.964437,46.949254],[28.9645,46.949262],[28.963885,46.949287]]],[[[28.97107,46.949848],[28.971223,46.949883],[28.971754,46.950065],[28.971826,46.950047],[28.971818,46.950074],[28.972001,46.950143],[28.972094,46.950278],[28.971733,46.950107],[28.971037,46.94988],[28.970745,46.949841],[28.96991,46.949865],[28.969738,46.949846],[28.969279,46.949765],[28.968881,46.94974],[28.968558,46.949724],[28.968879,46.949695],[28.968942,46.94969],[28.969399,46.949752],[28.96949,46.949763],[28.970001,46.94982],[28.97052,46.949786],[28.970863,46.949816],[28.97107,46.949848]]],[[[28.967088,46.949571],[28.966278,46.94947],[28.966617,46.949489],[28.966679,46.9495],[28.967088,46.949571]]]]}},{"type":"Feature","properties":{"tip":"orchard","nume":null,"ha":3.7},"geometry":{"type":"MultiPolygon","coordinates":[[[[28.964364,46.965514],[28.962852,46.970305],[28.962258,46.970309],[28.961855,46.970293],[28.961921,46.970092],[28.96261,46.96799],[28.962743,46.968009],[28.963586,46.965394],[28.964364,46.965514]]]]}},{"type":"Feature","properties":{"tip":"farmland","nume":null,"ha":9.09},"geometry":{"type":"MultiPolygon","coordinates":[[[[28.96261,46.96799],[28.961921,46.970092],[28.961864,46.96998],[28.961796,46.969949],[28.96052,46.969754],[28.960387,46.969682],[28.960334,46.969525],[28.960278,46.969407],[28.960241,46.96847],[28.960189,46.968382],[28.961154,46.965013],[28.963586,46.965394],[28.962743,46.968009],[28.96261,46.96799]]]]}},{"type":"Feature","properties":{"tip":"orchard","nume":null,"ha":2.16},"geometry":{"type":"MultiPolygon","coordinates":[[[[28.961154,46.965013],[28.960189,46.968382],[28.959979,46.968399],[28.959759,46.968389],[28.95967,46.96836],[28.959659,46.968319],[28.9601,46.96685],[28.960043,46.966784],[28.959719,46.966714],[28.960296,46.96488],[28.961154,46.965013]]]]}},{"type":"Feature","properties":{"tip":"farmland","nume":null,"ha":2.1},"geometry":{"type":"MultiPolygon","coordinates":[[[[28.960296,46.96488],[28.959719,46.966714],[28.958779,46.966529],[28.958402,46.966413],[28.959011,46.964691],[28.960296,46.96488]]]]}},{"type":"Feature","properties":{"tip":"farmland","nume":null,"ha":0.84},"geometry":{"type":"MultiPolygon","coordinates":[[[[28.958305,46.968448],[28.958206,46.96946],[28.957384,46.969308],[28.957861,46.967889],[28.958357,46.967985],[28.958305,46.968448]]]]}},{"type":"Feature","properties":{"tip":"meadow","nume":null,"ha":0.23},"geometry":{"type":"MultiPolygon","coordinates":[[[[28.960237,46.969506],[28.960158,46.969479],[28.960164,46.968467],[28.95964,46.968463],[28.95967,46.96836],[28.959759,46.968389],[28.959979,46.968399],[28.960189,46.968382],[28.960241,46.96847],[28.960278,46.969407],[28.960334,46.969525],[28.960387,46.969682],[28.96052,46.969754],[28.961796,46.969949],[28.961864,46.96998],[28.961921,46.970092],[28.961855,46.970293],[28.961774,46.970298],[28.961809,46.970095],[28.961793,46.970007],[28.960303,46.969757],[28.960237,46.969506]]]]}},{"type":"Feature","properties":{"tip":"meadow","nume":null,"ha":2.79},"geometry":{"type":"MultiPolygon","coordinates":[[[[28.963852,46.948961],[28.963885,46.948967],[28.963885,46.948967],[28.96385,46.949191],[28.963905,46.949197],[28.963885,46.949287],[28.962136,46.954804],[28.962118,46.954871],[28.961281,46.957434],[28.959036,46.964632],[28.959011,46.964691],[28.958402,46.966413],[28.958779,46.966529],[28.958752,46.966583],[28.958397,46.966818],[28.958283,46.967112],[28.95843,46.967737],[28.958445,46.967881],[28.957926,46.967807],[28.957874,46.967739],[28.959293,46.963196],[28.961138,46.957409],[28.96379,46.949168],[28.963818,46.949069],[28.963852,46.948961]]]]}},{"type":"Feature","properties":{"tip":"forest","nume":null,"ha":0.82},"geometry":{"type":"MultiPolygon","coordinates":[[[[28.971403,46.958389],[28.971289,46.960821],[28.971102,46.960832],[28.970863,46.960711],[28.970785,46.960545],[28.970982,46.9594],[28.971065,46.958666],[28.971014,46.958464],[28.971403,46.958389]]]]}},{"type":"Feature","properties":{"tip":"forest","nume":null,"ha":0.85},"geometry":{"type":"MultiPolygon","coordinates":[[[[28.970946,46.96102],[28.971071,46.961059],[28.971143,46.961172],[28.970858,46.962129],[28.970785,46.962771],[28.970541,46.963629],[28.97025,46.963735],[28.970343,46.962923],[28.970556,46.961768],[28.970723,46.961133],[28.970821,46.961045],[28.970946,46.96102]]]]}},{"type":"Feature","properties":{"tip":"forest","nume":null,"ha":0.04},"geometry":{"type":"MultiPolygon","coordinates":[[[[28.97131,46.961505],[28.971294,46.961403],[28.971621,46.961431],[28.971668,46.961512],[28.97158,46.96159],[28.971424,46.961598],[28.97131,46.961505]]]]}},{"type":"Feature","properties":{"tip":"forest","nume":null,"ha":0.39},"geometry":{"type":"MultiPolygon","coordinates":[[[[28.970023,46.965601],[28.970105,46.965173],[28.970417,46.965267],[28.970572,46.966017],[28.970568,46.966135],[28.970449,46.966226],[28.970247,46.966229],[28.970032,46.966201],[28.970023,46.965601]]]]}},{"type":"Feature","properties":{"tip":"farmyard","nume":"Stână","ha":0.07},"geometry":{"type":"MultiPolygon","coordinates":[[[[28.971657,46.961981],[28.971638,46.962125],[28.971629,46.962167],[28.971625,46.962191],[28.971383,46.962176],[28.971395,46.962088],[28.971259,46.96208],[28.971272,46.961981],[28.971385,46.961988],[28.971398,46.961892],[28.971667,46.961909],[28.971657,46.961981]]]]}},{"type":"Feature","properties":{"tip":"meadow","nume":null,"ha":11.07},"geometry":{"type":"MultiPolygon","coordinates":[[[[28.971657,46.961981],[28.971638,46.962125],[28.971629,46.962167],[28.971512,46.962895],[28.971092,46.965424],[28.971075,46.965939],[28.971074,46.96594],[28.971075,46.96594],[28.971075,46.96594],[28.971124,46.965942],[28.971212,46.965947],[28.97119,46.965994],[28.970998,46.966346],[28.970749,46.966334],[28.97018,46.966278],[28.970034,46.966292],[28.969962,46.966301],[28.96995,46.965567],[28.97024,46.962989],[28.970615,46.960901],[28.970966,46.958816],[28.970973,46.958658],[28.970917,46.958405],[28.971314,46.958281],[28.971062,46.957737],[28.97156,46.957031],[28.971579,46.956734],[28.972389,46.956603],[28.972797,46.955915],[28.973122,46.955494],[28.973355,46.955034],[28.973351,46.95495],[28.973303,46.954859],[28.973664,46.954932],[28.973367,46.955714],[28.972733,46.95775],[28.972456,46.958521],[28.97237,46.95885],[28.972029,46.959831],[28.971786,46.960757],[28.971778,46.960814],[28.971736,46.961452],[28.971667,46.961909],[28.971657,46.961981]]]]}},{"type":"Feature","properties":{"tip":"meadow","nume":null,"ha":0.21},"geometry":{"type":"MultiPolygon","coordinates":[[[[28.97119,46.965994],[28.971212,46.965947],[28.976217,46.966214],[28.9762,46.966266],[28.97119,46.965994]]]]}},{"type":"Feature","properties":{"tip":"meadow","nume":null,"ha":0.05},"geometry":{"type":"MultiPolygon","coordinates":[[[[28.976324,46.966274],[28.976342,46.966221],[28.97742,46.966278],[28.977441,46.966338],[28.977373,46.966334],[28.976324,46.966274]]]]}},{"type":"Feature","properties":{"tip":"meadow","nume":null,"ha":0.3},"geometry":{"type":"MultiPolygon","coordinates":[[[[28.97297,46.953629],[28.972999,46.953542],[28.973026,46.953722],[28.973018,46.95384],[28.97297,46.953629]]],[[[28.974418,46.949158],[28.974517,46.949142],[28.974523,46.949258],[28.974189,46.95024],[28.974098,46.950536],[28.973078,46.953298],[28.974418,46.949158]]]]}},{"type":"Feature","properties":{"tip":"farmland","nume":null,"ha":0.0},"geometry":{"type":"MultiPolygon","coordinates":[[[[28.973018,46.95384],[28.973026,46.953722],[28.97305,46.953879],[28.973018,46.95384]]]]}},{"type":"Feature","properties":{"tip":"forest","nume":null,"ha":0.01},"geometry":{"type":"MultiPolygon","coordinates":[[[[28.973457,46.954478],[28.973567,46.954483],[28.973707,46.954652],[28.973658,46.954642],[28.973457,46.954478]]]]}},{"type":"Feature","properties":{"tip":"farmland","nume":null,"ha":4.55},"geometry":{"type":"MultiPolygon","coordinates":[[[[28.958371,46.96982],[28.958762,46.969944],[28.957589,46.973466],[28.956976,46.973357],[28.956393,46.973249],[28.9562,46.973214],[28.95729,46.969688],[28.95752,46.969727],[28.958157,46.969782],[28.958371,46.96982]]]]}},{"type":"Feature","properties":{"tip":"orchard","nume":null,"ha":17.54},"geometry":{"type":"MultiPolygon","coordinates":[[[[28.957589,46.973466],[28.958762,46.969944],[28.959263,46.970035],[28.961488,46.970365],[28.960375,46.973825],[28.959294,46.977186],[28.95919,46.977509],[28.956382,46.97709],[28.956754,46.975973],[28.95703,46.975147],[28.957589,46.973466]]]]}},{"type":"Feature","properties":{"tip":"farmland","nume":null,"ha":0.43},"geometry":{"type":"MultiPolygon","coordinates":[[[[28.956446,46.975056],[28.95703,46.975147],[28.956754,46.975973],[28.956165,46.975884],[28.956446,46.975056]]]]}},{"type":"Feature","properties":{"tip":"vineyard","nume":null,"ha":0.94},"geometry":{"type":"MultiPolygon","coordinates":[[[[28.95703,46.975147],[28.956446,46.975056],[28.956396,46.975046],[28.956976,46.973357],[28.957589,46.973466],[28.95703,46.975147]]]]}},{"type":"Feature","properties":{"tip":"orchard","nume":null,"ha":2.41},"geometry":{"type":"MultiPolygon","coordinates":[[[[28.956393,46.973249],[28.956976,46.973357],[28.956396,46.975046],[28.956446,46.975056],[28.956165,46.975884],[28.956754,46.975973],[28.956382,46.97709],[28.95525,46.976923],[28.956393,46.973249]]]]}},{"type":"Feature","properties":{"tip":"farmland","nume":null,"ha":0.74},"geometry":{"type":"MultiPolygon","coordinates":[[[[28.9562,46.973214],[28.956393,46.973249],[28.95525,46.976923],[28.954989,46.976894],[28.9562,46.973214]]]]}},{"type":"Feature","properties":{"tip":"orchard","nume":null,"ha":2.16},"geometry":{"type":"MultiPolygon","coordinates":[[[[28.961098,46.973949],[28.960013,46.9773],[28.959294,46.977186],[28.960375,46.973825],[28.961098,46.973949]]]]}},{"type":"Feature","properties":{"tip":"farmland","nume":null,"ha":6.09},"geometry":{"type":"MultiPolygon","coordinates":[[[[28.960493,46.977682],[28.95919,46.977509],[28.959294,46.977186],[28.960013,46.9773],[28.961098,46.973949],[28.960375,46.973825],[28.961488,46.970365],[28.962824,46.970376],[28.960493,46.977682]]]]}},{"type":"Feature","properties":{"tip":"forest","nume":null,"ha":0.8},"geometry":{"type":"MultiPolygon","coordinates":[[[[28.947447,46.970752],[28.947498,46.970567],[28.952862,46.971323],[28.952801,46.971506],[28.950387,46.971135],[28.947447,46.970752]]]]}},{"type":"Feature","properties":{"tip":"brownfield","nume":null,"ha":0.12},"geometry":{"type":"MultiPolygon","coordinates":[[[[28.943338,46.976994],[28.943636,46.977032],[28.943487,46.977595],[28.943362,46.97758],[28.943301,46.977573],[28.943305,46.977504],[28.943322,46.977251],[28.943338,46.976994]]]]}},{"type":"Feature","properties":{"tip":"meadow","nume":null,"ha":0.01},"geometry":{"type":"MultiPolygon","coordinates":[[[[28.943362,46.97758],[28.943487,46.977595],[28.943455,46.977697],[28.943357,46.977685],[28.943362,46.97758]]]]}},{"type":"Feature","properties":{"tip":"brownfield","nume":null,"ha":0.23},"geometry":{"type":"MultiPolygon","coordinates":[[[[28.943357,46.977685],[28.943455,46.977697],[28.943329,46.978313],[28.942946,46.978315],[28.942963,46.977964],[28.942975,46.977693],[28.943162,46.977689],[28.943357,46.977685]]]]}},{"type":"Feature","properties":{"tip":"brownfield","nume":null,"ha":0.8},"geometry":{"type":"MultiPolygon","coordinates":[[[[28.946351,46.973886],[28.945805,46.973811],[28.946303,46.972212],[28.946885,46.972022],[28.946351,46.973886]]]]}},{"type":"Feature","properties":{"tip":"brownfield","nume":null,"ha":0.72},"geometry":{"type":"MultiPolygon","coordinates":[[[[28.945428,46.973535],[28.944996,46.97348],[28.945234,46.972707],[28.946194,46.972248],[28.945768,46.973578],[28.945428,46.973535]]]]}},{"type":"Feature","properties":{"tip":"brownfield","nume":null,"ha":0.26},"geometry":{"type":"MultiPolygon","coordinates":[[[[28.945109,46.972752],[28.944906,46.973468],[28.944342,46.973397],[28.944442,46.973042],[28.945109,46.972752]]]]}},{"type":"Feature","properties":{"tip":"brownfield","nume":null,"ha":1.27},"geometry":{"type":"MultiPolygon","coordinates":[[[[28.94831,46.970942],[28.94769,46.972892],[28.947023,46.972181],[28.947415,46.970818],[28.94831,46.970942]]]]}},{"type":"Feature","properties":{"tip":"brownfield","nume":null,"ha":1.15},"geometry":{"type":"MultiPolygon","coordinates":[[[[28.948284,46.97142],[28.948943,46.972075],[28.94843,46.973673],[28.94779,46.972973],[28.948284,46.97142]]]]}},{"type":"Feature","properties":{"tip":"brownfield","nume":null,"ha":1.24},"geometry":{"type":"MultiPolygon","coordinates":[[[[28.949043,46.972169],[28.949723,46.97283],[28.94919,46.974495],[28.948524,46.973781],[28.949043,46.972169]]]]}},{"type":"Feature","properties":{"tip":"brownfield","nume":null,"ha":1.18},"geometry":{"type":"MultiPolygon","coordinates":[[[[28.946503,46.973945],[28.946981,46.972309],[28.947629,46.97301],[28.94713,46.97466],[28.946503,46.973945]]]]}},{"type":"Feature","properties":{"tip":"brownfield","nume":null,"ha":1.24},"geometry":{"type":"MultiPolygon","coordinates":[[[[28.947222,46.974731],[28.947731,46.973098],[28.948395,46.973802],[28.947873,46.975483],[28.947222,46.974731]]]]}},{"type":"Feature","properties":{"tip":"brownfield","nume":null,"ha":1.52},"geometry":{"type":"MultiPolygon","coordinates":[[[[28.947741,46.976251],[28.948494,46.973892],[28.949144,46.974597],[28.948599,46.976321],[28.947741,46.976251]]]]}},{"type":"Feature","properties":{"tip":"brownfield","nume":null,"ha":0.74},"geometry":{"type":"MultiPolygon","coordinates":[[[[28.947174,46.974877],[28.947832,46.97559],[28.947619,46.976231],[28.946744,46.976187],[28.947174,46.974877]]]]}},{"type":"Feature","properties":{"tip":"brownfield","nume":null,"ha":1.14},"geometry":{"type":"MultiPolygon","coordinates":[[[[28.946462,46.974079],[28.947076,46.974755],[28.946622,46.976168],[28.945896,46.976134],[28.946462,46.974079]]]]}},{"type":"Feature","properties":{"tip":"forest","nume":null,"ha":1.09},"geometry":{"type":"MultiPolygon","coordinates":[[[[28.949269,46.964807],[28.949212,46.96454],[28.949416,46.964604],[28.949705,46.964732],[28.949962,46.964785],[28.950305,46.964821],[28.95442,46.96545],[28.95472,46.965496],[28.954639,46.965701],[28.949236,46.964908],[28.949269,46.964807]]]]}},{"type":"Feature","properties":{"tip":"orchard","nume":null,"ha":0.34},"geometry":{"type":"MultiPolygon","coordinates":[[[[28.952891,46.966485],[28.952974,46.966212],[28.954365,46.966409],[28.954281,46.966683],[28.952891,46.966485]]]]}},{"type":"Feature","properties":{"tip":"meadow","nume":null,"ha":2.54},"geometry":{"type":"MultiPolygon","coordinates":[[[[28.95472,46.965496],[28.95442,46.96545],[28.954388,46.965372],[28.954511,46.96535],[28.954562,46.965319],[28.9549,46.964624],[28.954983,46.964675],[28.954974,46.965406],[28.95138,46.976837],[28.951398,46.976944],[28.951207,46.976928],[28.95122,46.97683],[28.951254,46.976699],[28.952306,46.973196],[28.952314,46.973148],[28.952788,46.97155],[28.952801,46.971506],[28.952862,46.971323],[28.952877,46.971273],[28.954281,46.966683],[28.954365,46.966409],[28.954621,46.965746],[28.954639,46.965701],[28.95472,46.965496]]]]}},{"type":"Feature","properties":{"tip":"farmland","nume":null,"ha":11.93},"geometry":{"type":"MultiPolygon","coordinates":[[[[28.95222,46.965398],[28.954621,46.965746],[28.954365,46.966409],[28.952974,46.966212],[28.952891,46.966485],[28.954281,46.966683],[28.952877,46.971273],[28.950219,46.970905],[28.95222,46.965398]]]]}},{"type":"Feature","properties":{"tip":"farmland","nume":null,"ha":13.85},"geometry":{"type":"MultiPolygon","coordinates":[[[[28.949221,46.964956],[28.952154,46.965391],[28.950153,46.970895],[28.947505,46.970539],[28.947505,46.970479],[28.948187,46.968149],[28.949221,46.964956]]]]}},{"type":"Feature","properties":{"tip":"orchard","nume":null,"ha":3.07},"geometry":{"type":"MultiPolygon","coordinates":[[[[28.957872,46.962578],[28.959238,46.96275],[28.958443,46.965319],[28.957084,46.965111],[28.957872,46.962578]]]]}},{"type":"Feature","properties":{"tip":"farmland","nume":null,"ha":106.61},"geometry":{"type":"MultiPolygon","coordinates":[[[[28.955624,46.962265],[28.9549,46.964624],[28.954562,46.965319],[28.954511,46.96535],[28.954388,46.965372],[28.949875,46.964711],[28.949656,46.964662],[28.949465,46.964558],[28.949193,46.964485],[28.947296,46.964256],[28.94725,46.964196],[28.949156,46.958662],[28.949452,46.957773],[28.950284,46.955272],[28.950702,46.954017],[28.950772,46.953806],[28.950507,46.952911],[28.950542,46.952771],[28.9513,46.951895],[28.952014,46.95107],[28.954608,46.948023],[28.954955,46.947947],[28.955159,46.947926],[28.955811,46.947953],[28.956609,46.948026],[28.956984,46.947985],[28.957385,46.947915],[28.957695,46.947938],[28.958136,46.948017],[28.958474,46.948136],[28.958815,46.948287],[28.959192,46.948437],[28.959516,46.948496],[28.960081,46.948517],[28.960143,46.948516],[28.96014,46.948569],[28.958548,46.953553],[28.956636,46.959471],[28.95639,46.959915],[28.955624,46.962265]]]]}},{"type":"Feature","properties":{"tip":"farmland","nume":null,"ha":42.2},"geometry":{"type":"MultiPolygon","coordinates":[[[[28.960198,46.948591],[28.96021,46.948515],[28.960636,46.948508],[28.961064,46.948521],[28.961588,46.948585],[28.962664,46.948754],[28.963566,46.948853],[28.96365,46.948884],[28.963737,46.948965],[28.962342,46.953061],[28.95928,46.962684],[28.955719,46.962249],[28.956435,46.95995],[28.956689,46.959482],[28.95863,46.95358],[28.960198,46.948591]]]]}},{"type":"Feature","properties":{"tip":"farmland","nume":null,"ha":38.96},"geometry":{"type":"MultiPolygon","coordinates":[[[[28.957084,46.965111],[28.958443,46.965319],[28.957256,46.969129],[28.957187,46.969173],[28.954805,46.976841],[28.954754,46.976873],[28.952286,46.976871],[28.952079,46.976843],[28.95138,46.976837],[28.954974,46.965406],[28.954983,46.964675],[28.955714,46.962305],[28.957872,46.962578],[28.957084,46.965111]]]]}},{"type":"Feature","properties":{"tip":"meadow","nume":null,"ha":0.15},"geometry":{"type":"MultiPolygon","coordinates":[[[[28.951398,46.976944],[28.95138,46.976837],[28.952079,46.976843],[28.952286,46.976871],[28.954754,46.976873],[28.954742,46.976888],[28.953715,46.9769],[28.95186,46.976945],[28.951398,46.976944]]]]}},{"type":"Feature","properties":{"tip":"meadow","nume":null,"ha":0.06},"geometry":{"type":"MultiPolygon","coordinates":[[[[28.954784,46.976945],[28.954826,46.977008],[28.953598,46.977031],[28.953588,46.976983],[28.954784,46.976945]]]]}},{"type":"Feature","properties":{"tip":"meadow","nume":null,"ha":0.24},"geometry":{"type":"MultiPolygon","coordinates":[[[[28.951308,46.977073],[28.951185,46.977068],[28.948433,46.976829],[28.948439,46.976777],[28.948454,46.976726],[28.951274,46.976983],[28.951308,46.977073]]]]}},{"type":"Feature","properties":{"tip":"meadow","nume":null,"ha":0.6},"geometry":{"type":"MultiPolygon","coordinates":[[[[28.948767,46.97642],[28.948725,46.976368],[28.949106,46.976418],[28.950922,46.976653],[28.951254,46.976699],[28.95122,46.97683],[28.951207,46.976928],[28.948686,46.976697],[28.948699,46.976628],[28.94871,46.976597],[28.948767,46.97642]]]]}},{"type":"Feature","properties":{"tip":"brownfield","nume":null,"ha":0.06},"geometry":{"type":"MultiPolygon","coordinates":[[[[28.948699,46.976628],[28.948405,46.976608],[28.94839,46.976372],[28.948767,46.97642],[28.94871,46.976597],[28.948699,46.976628]]]]}},{"type":"Feature","properties":{"tip":"orchard","nume":null,"ha":0.59},"geometry":{"type":"MultiPolygon","coordinates":[[[[28.949106,46.976418],[28.948725,46.976368],[28.949279,46.974623],[28.949663,46.974681],[28.949106,46.976418]]]]}},{"type":"Feature","properties":{"tip":"brownfield","nume":null,"ha":0.96},"geometry":{"type":"MultiPolygon","coordinates":[[[[28.950234,46.971182],[28.949766,46.972734],[28.949075,46.972063],[28.949404,46.971055],[28.950234,46.971182]]]]}},{"type":"Feature","properties":{"tip":"brownfield","nume":null,"ha":0.47},"geometry":{"type":"MultiPolygon","coordinates":[[[[28.949282,46.97105],[28.948997,46.971969],[28.948329,46.971298],[28.948441,46.970939],[28.949282,46.97105]]]]}},{"type":"Feature","properties":{"tip":"orchard","nume":null,"ha":2.95},"geometry":{"type":"MultiPolygon","coordinates":[[[[28.951948,46.973096],[28.949856,46.972803],[28.950369,46.971191],[28.95244,46.971497],[28.951948,46.973096]]]]}},{"type":"Feature","properties":{"tip":"farmland","nume":null,"ha":0.5},"geometry":{"type":"MultiPolygon","coordinates":[[[[28.951948,46.973096],[28.95244,46.971497],[28.952788,46.97155],[28.952314,46.973148],[28.951948,46.973096]]]]}},{"type":"Feature","properties":{"tip":"farmland","nume":null,"ha":6.11},"geometry":{"type":"MultiPolygon","coordinates":[[[[28.949663,46.974681],[28.949279,46.974623],[28.949842,46.972851],[28.951975,46.973149],[28.950922,46.976653],[28.949106,46.976418],[28.949663,46.974681]]]]}},{"type":"Feature","properties":{"tip":"meadow","nume":null,"ha":2.39},"geometry":{"type":"MultiPolygon","coordinates":[[[[28.954836,46.976887],[28.954742,46.976888],[28.954754,46.976873],[28.954805,46.976841],[28.957187,46.969173],[28.957256,46.969129],[28.958443,46.965319],[28.959238,46.96275],[28.95928,46.962684],[28.962342,46.953061],[28.963737,46.948965],[28.963739,46.949071],[28.963681,46.949255],[28.958778,46.964618],[28.954836,46.976887]]]]}},{"type":"Feature","properties":{"tip":"meadow","nume":null,"ha":0.57},"geometry":{"type":"MultiPolygon","coordinates":[[[[28.9562,46.973214],[28.954989,46.976894],[28.954904,46.976887],[28.957818,46.967905],[28.957861,46.967889],[28.957384,46.969308],[28.957313,46.969481],[28.957297,46.969564],[28.957341,46.969617],[28.95729,46.969688],[28.9562,46.973214]]]]}},{"type":"Feature","properties":{"tip":"brownfield","nume":null,"ha":0.06},"geometry":{"type":"MultiPolygon","coordinates":[[[[28.95174,46.977758],[28.951534,46.977774],[28.951464,46.977415],[28.951676,46.9774],[28.95174,46.977758]]]]}},{"type":"Feature","properties":{"tip":"meadow","nume":null,"ha":0.59},"geometry":{"type":"MultiPolygon","coordinates":[[[[28.951785,46.980484],[28.951998,46.981708],[28.951802,46.981614],[28.951794,46.981529],[28.951787,46.981457],[28.95177,46.981279],[28.951748,46.981146],[28.951742,46.981109],[28.951726,46.981013],[28.951708,46.980905],[28.951699,46.980855],[28.951697,46.980816],[28.951694,46.980771],[28.95169,46.980726],[28.951678,46.980548],[28.95167,46.980434],[28.95166,46.980355],[28.951651,46.980302],[28.95164,46.980241],[28.95163,46.980179],[28.951607,46.980047],[28.951584,46.979914],[28.951564,46.979781],[28.951551,46.979692],[28.951545,46.979647],[28.951512,46.979425],[28.951501,46.979346],[28.951493,46.979305],[28.951185,46.977068],[28.951308,46.977073],[28.951524,46.978166],[28.951637,46.979213],[28.951785,46.980484]]]]}},{"type":"Feature","properties":{"tip":"farmyard","nume":"Fermă","ha":0.31},"geometry":{"type":"MultiPolygon","coordinates":[[[[28.953176,46.977403],[28.95234,46.977449],[28.952251,46.977017],[28.953139,46.976992],[28.953176,46.977403]]]]}},{"type":"Feature","properties":{"tip":"farmland","nume":null,"ha":1.5},"geometry":{"type":"MultiPolygon","coordinates":[[[[28.951609,46.977023],[28.952251,46.977017],[28.95234,46.977449],[28.953176,46.977403],[28.953139,46.976992],[28.953588,46.976983],[28.953598,46.977031],[28.953793,46.978],[28.951812,46.978156],[28.95174,46.977758],[28.951676,46.9774],[28.951609,46.977023]]]]}},{"type":"Feature","properties":{"tip":"brownfield","nume":null,"ha":0.12},"geometry":{"type":"MultiPolygon","coordinates":[[[[28.95224,46.982932],[28.951504,46.983117],[28.951458,46.982868],[28.95194,46.982833],[28.952225,46.982807],[28.95224,46.982932]]]]}},{"type":"Feature","properties":{"tip":"farmland","nume":null,"ha":0.75},"geometry":{"type":"MultiPolygon","coordinates":[[[[28.993775,46.96901],[28.993812,46.968988],[28.993784,46.969259],[28.993659,46.970474],[28.993723,46.970703],[28.993667,46.971534],[28.99359,46.972071],[28.993572,46.97247],[28.9935,46.972832],[28.993492,46.972877],[28.993471,46.972979],[28.993454,46.973064],[28.993427,46.973205],[28.993392,46.973571],[28.993254,46.974669],[28.993308,46.97487],[28.993322,46.975089],[28.993316,46.975155],[28.993255,46.975415],[28.993137,46.975906],[28.993044,46.976541],[28.993042,46.976563],[28.992953,46.977443],[28.992946,46.977514],[28.992881,46.978162],[28.992873,46.978232],[28.992779,46.978664],[28.992759,46.978752],[28.993775,46.96901]]],[[[28.993893,46.967875],[28.993969,46.967147],[28.993959,46.967508],[28.993949,46.967915],[28.993947,46.967968],[28.993947,46.967988],[28.993893,46.967875]]]]}},{"type":"Feature","properties":{"tip":"forest","nume":null,"ha":0.01},"geometry":{"type":"MultiPolygon","coordinates":[[[[28.99611,46.993161],[28.997842,46.992778],[28.99754,46.992858],[28.99611,46.993161]]]]}},{"type":"Feature","properties":{"tip":"brownfield","nume":null,"ha":0.05},"geometry":{"type":"MultiPolygon","coordinates":[[[[28.939799,46.95964],[28.939702,46.959805],[28.939392,46.959721],[28.939489,46.959555],[28.939799,46.95964]]]]}},{"type":"Feature","properties":{"tip":"grass","nume":null,"ha":0.06},"geometry":{"type":"MultiPolygon","coordinates":[[[[28.939892,46.959481],[28.939883,46.959499],[28.939573,46.959413],[28.939489,46.959555],[28.939392,46.959721],[28.939302,46.959873],[28.939204,46.960039],[28.939135,46.960022],[28.939549,46.959284],[28.939603,46.959299],[28.939552,46.959387],[28.939892,46.959481]]]]}},{"type":"Feature","properties":{"tip":"vineyard","nume":null,"ha":0.04},"geometry":{"type":"MultiPolygon","coordinates":[[[[28.930591,46.966331],[28.93055,46.966355],[28.92993,46.966049],[28.929993,46.966001],[28.930631,46.966306],[28.930591,46.966331]]]]}},{"type":"Feature","properties":{"tip":"industrial","nume":null,"ha":0.21},"geometry":{"type":"MultiPolygon","coordinates":[[[[28.930905,46.967947],[28.930552,46.967819],[28.930649,46.967731],[28.930777,46.967616],[28.93082,46.96763],[28.930838,46.967612],[28.930908,46.967644],[28.930919,46.967633],[28.930959,46.967651],[28.931045,46.967677],[28.931124,46.9677],[28.931139,46.967676],[28.93133,46.967742],[28.93138,46.967723],[28.931703,46.967823],[28.931999,46.967914],[28.931919,46.968049],[28.931434,46.967899],[28.931416,46.967928],[28.931021,46.967812],[28.930905,46.967947]]]]}},{"type":"Feature","properties":{"tip":"commercial","nume":null,"ha":0.02},"geometry":{"type":"MultiPolygon","coordinates":[[[[28.93082,46.96763],[28.930777,46.967616],[28.930894,46.967506],[28.931042,46.967567],[28.931127,46.967591],[28.931045,46.967677],[28.930959,46.967651],[28.930919,46.967633],[28.930908,46.967644],[28.930838,46.967612],[28.93082,46.96763]]]]}},{"type":"Feature","properties":{"tip":"brownfield","nume":null,"ha":0.09},"geometry":{"type":"MultiPolygon","coordinates":[[[[28.931999,46.967914],[28.931703,46.967823],[28.931856,46.967536],[28.93217,46.967608],[28.931999,46.967914]]]]}},{"type":"Feature","properties":{"tip":"meadow","nume":null,"ha":0.18},"geometry":{"type":"MultiPolygon","coordinates":[[[[28.942394,46.970256],[28.942467,46.970262],[28.942284,46.970798],[28.941493,46.97079],[28.941523,46.970739],[28.940534,46.970784],[28.940541,46.970721],[28.940866,46.970711],[28.94165,46.970663],[28.941649,46.970703],[28.941951,46.970719],[28.942172,46.970724],[28.942228,46.970253],[28.942394,46.970256]]]]}},{"type":"Feature","properties":{"tip":"meadow","nume":null,"ha":3.91},"geometry":{"type":"MultiPolygon","coordinates":[[[[28.940807,46.977968],[28.940338,46.977962],[28.940383,46.976541],[28.942226,46.97657],[28.942241,46.976172],[28.94345,46.976224],[28.943397,46.9764],[28.943368,46.976535],[28.943365,46.976579],[28.943352,46.976774],[28.943341,46.976954],[28.943338,46.976994],[28.943322,46.977251],[28.943305,46.977504],[28.943301,46.977573],[28.943362,46.97758],[28.943357,46.977685],[28.943162,46.977689],[28.942975,46.977693],[28.942963,46.977964],[28.942685,46.977962],[28.942674,46.978141],[28.942553,46.978141],[28.942114,46.978142],[28.942119,46.977983],[28.941695,46.977978],[28.941258,46.977973],[28.940807,46.977968]]]]}},{"type":"Feature","properties":{"tip":"brownfield","nume":null,"ha":0.53},"geometry":{"type":"MultiPolygon","coordinates":[[[[28.942119,46.977983],[28.942114,46.978142],[28.942098,46.978347],[28.940313,46.978305],[28.940338,46.977962],[28.940807,46.977968],[28.941258,46.977973],[28.941695,46.977978],[28.942119,46.977983]]]]}},{"type":"Feature","properties":{"tip":"grass","nume":null,"ha":0.19},"geometry":{"type":"MultiPolygon","coordinates":[[[[28.942555,46.978433],[28.94031,46.97835],[28.940313,46.978305],[28.942098,46.978347],[28.942114,46.978142],[28.942553,46.978141],[28.942555,46.978433]]]]}},{"type":"Feature","properties":{"tip":"commercial","nume":null,"ha":0.09},"geometry":{"type":"MultiPolygon","coordinates":[[[[28.942685,46.977962],[28.942963,46.977964],[28.942946,46.978315],[28.942728,46.978316],[28.942651,46.978316],[28.942652,46.978249],[28.942674,46.978141],[28.942685,46.977962]]]]}},{"type":"Feature","properties":{"tip":"grass","nume":null,"ha":0.08},"geometry":{"type":"MultiPolygon","coordinates":[[[[28.942646,46.978436],[28.942651,46.978316],[28.942728,46.978316],[28.942946,46.978315],[28.943329,46.978313],[28.943376,46.978311],[28.943383,46.978434],[28.943241,46.978451],[28.943053,46.978453],[28.942646,46.978436]]]]}},{"type":"Feature","properties":{"tip":"grass","nume":null,"ha":0.05},"geometry":{"type":"MultiPolygon","coordinates":[[[[28.943479,46.978431],[28.943465,46.978244],[28.94386,46.978273],[28.943856,46.978304],[28.944391,46.978087],[28.944385,46.978119],[28.94391,46.978312],[28.943479,46.978431]]]]}},{"type":"Feature","properties":{"tip":"farmland","nume":null,"ha":0.85},"geometry":{"type":"MultiPolygon","coordinates":[[[[28.940056,46.977675],[28.939191,46.977661],[28.939669,46.976129],[28.940023,46.976138],[28.940064,46.97624],[28.940084,46.976354],[28.940105,46.976619],[28.940056,46.977675]]]]}},{"type":"Feature","properties":{"tip":"commercial","nume":null,"ha":0.15},"geometry":{"type":"MultiPolygon","coordinates":[[[[28.939191,46.977661],[28.940056,46.977675],[28.939936,46.978084],[28.939783,46.977996],[28.939502,46.977835],[28.939191,46.977661]]]]}},{"type":"Feature","properties":{"tip":"commercial","nume":null,"ha":0.12},"geometry":{"type":"MultiPolygon","coordinates":[[[[28.939358,46.978085],[28.939383,46.977962],[28.939402,46.977888],[28.939642,46.977977],[28.939822,46.978117],[28.939816,46.978295],[28.93934,46.978281],[28.939307,46.978279],[28.939358,46.978085]]]]}},{"type":"Feature","properties":{"tip":"commercial","nume":null,"ha":0.06},"geometry":{"type":"MultiPolygon","coordinates":[[[[28.939309,46.977955],[28.939383,46.977962],[28.939307,46.978279],[28.939107,46.978274],[28.939178,46.977939],[28.939309,46.977955]]]]}},{"type":"Feature","properties":{"tip":"commercial","nume":null,"ha":0.09},"geometry":{"type":"MultiPolygon","coordinates":[[[[28.938938,46.977914],[28.939178,46.977939],[28.939107,46.978274],[28.939022,46.978271],[28.938924,46.978267],[28.938807,46.978263],[28.938812,46.978235],[28.938815,46.978222],[28.938823,46.978178],[28.938875,46.977908],[28.938938,46.977914]]]]}},{"type":"Feature","properties":{"tip":"industrial","nume":null,"ha":1.2},"geometry":{"type":"MultiPolygon","coordinates":[[[[28.938815,46.978222],[28.938812,46.978235],[28.938711,46.978229],[28.938653,46.978225],[28.938547,46.978219],[28.938605,46.977794],[28.938202,46.977763],[28.938188,46.977299],[28.938378,46.976348],[28.939181,46.976494],[28.939403,46.976531],[28.939334,46.976724],[28.938938,46.977914],[28.938875,46.977908],[28.938823,46.978178],[28.938815,46.978222]]]]}},{"type":"Feature","properties":{"tip":"industrial","nume":null,"ha":0.15},"geometry":{"type":"MultiPolygon","coordinates":[[[[28.938215,46.978246],[28.938202,46.977763],[28.938605,46.977794],[28.938547,46.978219],[28.93854,46.97826],[28.93826,46.978248],[28.938215,46.978246]]]]}},{"type":"Feature","properties":{"tip":"industrial","nume":null,"ha":0.77},"geometry":{"type":"MultiPolygon","coordinates":[[[[28.937234,46.977579],[28.937288,46.977239],[28.938188,46.977299],[28.938202,46.977763],[28.938215,46.978246],[28.937813,46.978227],[28.937792,46.978199],[28.937744,46.978197],[28.937704,46.978195],[28.937665,46.978214],[28.937191,46.978195],[28.937261,46.97758],[28.937234,46.977579]]]]}},{"type":"Feature","properties":{"tip":"industrial","nume":null,"ha":0.71},"geometry":{"type":"MultiPolygon","coordinates":[[[[28.93696,46.977219],[28.937288,46.977239],[28.937234,46.977579],[28.937261,46.97758],[28.937191,46.978195],[28.937088,46.97819],[28.937065,46.978151],[28.937019,46.97815],[28.936978,46.978149],[28.936953,46.97818],[28.93626,46.978151],[28.936298,46.97799],[28.936363,46.977997],[28.936374,46.977953],[28.936309,46.977946],[28.93644,46.977398],[28.936501,46.977148],[28.936697,46.977182],[28.936866,46.977198],[28.936934,46.977205],[28.93696,46.977219]]]]}},{"type":"Feature","properties":{"tip":"industrial","nume":null,"ha":0.14},"geometry":{"type":"MultiPolygon","coordinates":[[[[28.935962,46.977822],[28.935984,46.977497],[28.936272,46.977506],[28.936205,46.978029],[28.936171,46.978108],[28.936137,46.978142],[28.93594,46.978138],[28.935962,46.977822]]]]}},{"type":"Feature","properties":{"tip":"commercial","nume":null,"ha":0.14},"geometry":{"type":"MultiPolygon","coordinates":[[[[28.936476,46.975964],[28.9362,46.975962],[28.936231,46.975701],[28.936416,46.975706],[28.936433,46.975532],[28.936643,46.975551],[28.93674,46.975589],[28.936688,46.975927],[28.936519,46.975963],[28.936476,46.975964]]]]}},{"type":"Feature","properties":{"tip":"industrial","nume":null,"ha":0.34},"geometry":{"type":"MultiPolygon","coordinates":[[[[28.939609,46.975875],[28.939611,46.975949],[28.939117,46.975926],[28.9391,46.975743],[28.939011,46.975746],[28.938993,46.975265],[28.939435,46.975284],[28.939688,46.975296],[28.939609,46.975875]]]]}},{"type":"Feature","properties":{"tip":"grass","nume":null,"ha":0.01},"geometry":{"type":"MultiPolygon","coordinates":[[[[28.936404,46.97603],[28.936458,46.976009],[28.936432,46.976073],[28.936413,46.976143],[28.936407,46.976186],[28.936497,46.976193],[28.936478,46.976282],[28.936434,46.976278],[28.936362,46.97622],[28.936367,46.976105],[28.936404,46.97603]]]]}},{"type":"Feature","properties":{"tip":"industrial","nume":null,"ha":1.76},"geometry":{"type":"MultiPolygon","coordinates":[[[[28.936413,46.976143],[28.936432,46.976073],[28.936764,46.976095],[28.937055,46.976104],[28.938378,46.976348],[28.938188,46.977299],[28.937288,46.977239],[28.93696,46.977219],[28.936934,46.977205],[28.936866,46.977198],[28.936697,46.977182],[28.936501,46.977148],[28.936387,46.977127],[28.936384,46.977016],[28.936175,46.97699],[28.936178,46.976976],[28.93619,46.976903],[28.936206,46.976829],[28.936228,46.97673],[28.936293,46.976426],[28.936309,46.976353],[28.936358,46.976359],[28.936524,46.976377],[28.936543,46.976323],[28.936554,46.976293],[28.936478,46.976282],[28.936497,46.976193],[28.936407,46.976186],[28.936413,46.976143]]]]}},{"type":"Feature","properties":{"tip":"industrial","nume":null,"ha":0.17},"geometry":{"type":"MultiPolygon","coordinates":[[[[28.936286,46.977382],[28.936272,46.977506],[28.935984,46.977497],[28.935989,46.977437],[28.935999,46.977306],[28.93601,46.977176],[28.936029,46.976965],[28.936178,46.976976],[28.936175,46.97699],[28.936384,46.977016],[28.936387,46.977127],[28.936501,46.977148],[28.93644,46.977398],[28.936286,46.977382]]]]}},{"type":"Feature","properties":{"tip":"grass","nume":null,"ha":0.0},"geometry":{"type":"MultiPolygon","coordinates":[[[[28.936298,46.97799],[28.936309,46.977946],[28.936374,46.977953],[28.936363,46.977997],[28.936298,46.97799]]]]}},{"type":"Feature","properties":{"tip":"industrial","nume":"Valandex - Flori angro","ha":0.92},"geometry":{"type":"MultiPolygon","coordinates":[[[[28.937746,46.975025],[28.936261,46.974955],[28.93645,46.974254],[28.936492,46.974205],[28.936582,46.974192],[28.937114,46.974199],[28.937164,46.9742],[28.937212,46.974201],[28.937737,46.974207],[28.937746,46.975025]]]]}},{"type":"Feature","properties":{"tip":"industrial","nume":null,"ha":0.76},"geometry":{"type":"MultiPolygon","coordinates":[[[[28.936261,46.974955],[28.937746,46.975025],[28.937744,46.975595],[28.93679,46.975568],[28.93674,46.975589],[28.936643,46.975551],[28.936433,46.975532],[28.93612,46.975517],[28.93613,46.975475],[28.936137,46.975448],[28.936261,46.974955]]]]}},{"type":"Feature","properties":{"tip":"industrial","nume":null,"ha":0.7},"geometry":{"type":"MultiPolygon","coordinates":[[[[28.939155,46.974252],[28.939494,46.974263],[28.939435,46.975284],[28.938993,46.975265],[28.93857,46.975254],[28.938671,46.975065],[28.938622,46.97429],[28.938749,46.974296],[28.938783,46.974298],[28.938811,46.974299],[28.938846,46.974237],[28.939155,46.974252]]]]}},{"type":"Feature","properties":{"tip":"farmland","nume":null,"ha":0.3},"geometry":{"type":"MultiPolygon","coordinates":[[[[28.939435,46.975284],[28.939494,46.974263],[28.939936,46.974278],[28.939763,46.974967],[28.939688,46.975296],[28.939435,46.975284]]]]}},{"type":"Feature","properties":{"tip":"forest","nume":null,"ha":0.22},"geometry":{"type":"MultiPolygon","coordinates":[[[[28.937904,46.974223],[28.93801,46.97524],[28.937875,46.975236],[28.937861,46.975598],[28.937744,46.975595],[28.937746,46.975025],[28.937737,46.974207],[28.937904,46.974223]]]]}},{"type":"Feature","properties":{"tip":"commercial","nume":"Poligon de instruire auto","ha":0.59},"geometry":{"type":"MultiPolygon","coordinates":[[[[28.93857,46.975254],[28.93801,46.97524],[28.937904,46.974223],[28.937947,46.974217],[28.937976,46.974213],[28.938612,46.974221],[28.938622,46.97429],[28.938671,46.975065],[28.93857,46.975254]]]]}},{"type":"Feature","properties":{"tip":"grass","nume":null,"ha":0.03},"geometry":{"type":"MultiPolygon","coordinates":[[[[28.937737,46.974207],[28.937212,46.974201],[28.937251,46.97416],[28.937558,46.974153],[28.937851,46.974171],[28.937904,46.974223],[28.937737,46.974207]]]]}},{"type":"Feature","properties":{"tip":"grass","nume":null,"ha":0.02},"geometry":{"type":"MultiPolygon","coordinates":[[[[28.938612,46.974221],[28.937976,46.974213],[28.93796,46.974178],[28.938724,46.974211],[28.938749,46.974296],[28.938622,46.97429],[28.938612,46.974221]]]]}},{"type":"Feature","properties":{"tip":"grass","nume":null,"ha":0.01},"geometry":{"type":"MultiPolygon","coordinates":[[[[28.938798,46.974212],[28.939159,46.974219],[28.939155,46.974252],[28.938846,46.974237],[28.938811,46.974299],[28.938798,46.974212]]]]}},{"type":"Feature","properties":{"tip":"industrial","nume":null,"ha":0.25},"geometry":{"type":"MultiPolygon","coordinates":[[[[28.938353,46.974112],[28.93818,46.974113],[28.938176,46.973891],[28.938488,46.973884],[28.938486,46.973824],[28.93856,46.973821],[28.93856,46.97373],[28.938641,46.97373],[28.938883,46.973729],[28.939121,46.97373],[28.939099,46.974107],[28.938412,46.974111],[28.938353,46.974112]]]]}},{"type":"Feature","properties":{"tip":"industrial","nume":"Danvaldor, bază de materiale pentru construcții","ha":1.14},"geometry":{"type":"MultiPolygon","coordinates":[[[[28.938005,46.973962],[28.93801,46.974113],[28.936751,46.974106],[28.936753,46.974088],[28.936494,46.974093],[28.936671,46.973412],[28.936725,46.973294],[28.936765,46.973265],[28.937049,46.973181],[28.937072,46.973152],[28.937085,46.973135],[28.937184,46.973008],[28.937905,46.973019],[28.937909,46.973121],[28.937921,46.973787],[28.938001,46.973786],[28.938005,46.973962]]]]}},{"type":"Feature","properties":{"tip":"industrial","nume":null,"ha":0.48},"geometry":{"type":"MultiPolygon","coordinates":[[[[28.937921,46.973787],[28.937909,46.973121],[28.937905,46.973019],[28.938156,46.973022],[28.938448,46.973026],[28.93845,46.973168],[28.938558,46.973165],[28.93856,46.97373],[28.93856,46.973821],[28.938486,46.973824],[28.938488,46.973884],[28.938176,46.973891],[28.93818,46.974113],[28.93801,46.974113],[28.938005,46.973962],[28.938001,46.973786],[28.937921,46.973787]]]]}},{"type":"Feature","properties":{"tip":"industrial","nume":null,"ha":0.35},"geometry":{"type":"MultiPolygon","coordinates":[[[[28.93845,46.973168],[28.938448,46.973026],[28.939143,46.973031],[28.939121,46.97373],[28.938883,46.973729],[28.938641,46.97373],[28.93856,46.97373],[28.938558,46.973165],[28.93845,46.973168]]]]}},{"type":"Feature","properties":{"tip":"grass","nume":null,"ha":0.01},"geometry":{"type":"MultiPolygon","coordinates":[[[[28.937032,46.972991],[28.936911,46.973141],[28.936808,46.973153],[28.936958,46.972986],[28.937032,46.972991]]]]}},{"type":"Feature","properties":{"tip":"grass","nume":null,"ha":0.05},"geometry":{"type":"MultiPolygon","coordinates":[[[[28.936671,46.973412],[28.936494,46.974093],[28.936424,46.974101],[28.936603,46.97344],[28.936638,46.973358],[28.936699,46.973257],[28.936724,46.973238],[28.937049,46.973181],[28.936765,46.973265],[28.936725,46.973294],[28.936671,46.973412]]]]}},{"type":"Feature","properties":{"tip":"grass","nume":null,"ha":0.03},"geometry":{"type":"MultiPolygon","coordinates":[[[[28.939296,46.970255],[28.93935,46.970236],[28.939418,46.970413],[28.939269,46.97067],[28.939179,46.970636],[28.939269,46.970528],[28.939317,46.970396],[28.939296,46.970255]]]]}},{"type":"Feature","properties":{"tip":"grass","nume":null,"ha":0.06},"geometry":{"type":"MultiPolygon","coordinates":[[[[28.937023,46.974162],[28.937114,46.974199],[28.936582,46.974192],[28.936492,46.974205],[28.93645,46.974254],[28.936261,46.974955],[28.936137,46.975448],[28.936102,46.975429],[28.936394,46.974252],[28.936415,46.974209],[28.936494,46.97417],[28.937023,46.974162]]]]}},{"type":"Feature","properties":{"tip":"commercial","nume":null,"ha":0.14},"geometry":{"type":"MultiPolygon","coordinates":[[[[28.937905,46.973019],[28.937184,46.973008],[28.937295,46.972898],[28.937319,46.972875],[28.937351,46.972843],[28.937375,46.972819],[28.937868,46.972837],[28.938142,46.972833],[28.938143,46.972908],[28.938156,46.973022],[28.937905,46.973019]]]]}},{"type":"Feature","properties":{"tip":"industrial","nume":null,"ha":0.21},"geometry":{"type":"MultiPolygon","coordinates":[[[[28.937868,46.972837],[28.937375,46.972819],[28.937491,46.972701],[28.937511,46.972681],[28.937541,46.97265],[28.937825,46.972361],[28.937945,46.972361],[28.938127,46.972358],[28.938142,46.972833],[28.937868,46.972837]]]]}},{"type":"Feature","properties":{"tip":"industrial","nume":"Dezmembrare auto","ha":0.88},"geometry":{"type":"MultiPolygon","coordinates":[[[[28.938127,46.972358],[28.937945,46.972361],[28.937825,46.972361],[28.937975,46.972206],[28.937994,46.972186],[28.938016,46.972164],[28.938029,46.972147],[28.938336,46.972169],[28.938483,46.972177],[28.938731,46.972186],[28.939364,46.972218],[28.939361,46.972233],[28.939279,46.973034],[28.939143,46.973031],[28.938448,46.973026],[28.938156,46.973022],[28.938143,46.972908],[28.938142,46.972833],[28.938127,46.972358]]]]}},{"type":"Feature","properties":{"tip":"grass","nume":null,"ha":0.03},"geometry":{"type":"MultiPolygon","coordinates":[[[[28.937252,46.972698],[28.937491,46.972701],[28.937375,46.972819],[28.937351,46.972843],[28.937131,46.972832],[28.937252,46.972698]]]]}},{"type":"Feature","properties":{"tip":"grass","nume":null,"ha":0.02},"geometry":{"type":"MultiPolygon","coordinates":[[[[28.937032,46.972991],[28.936958,46.972986],[28.937067,46.972879],[28.937295,46.972898],[28.937184,46.973008],[28.937032,46.972991]]]]}},{"type":"Feature","properties":{"tip":"industrial","nume":null,"ha":0.58},"geometry":{"type":"MultiPolygon","coordinates":[[[[28.939488,46.970991],[28.939683,46.970982],[28.939597,46.971744],[28.93954,46.971743],[28.939448,46.971739],[28.939455,46.971649],[28.939257,46.971642],[28.939114,46.971636],[28.939108,46.971716],[28.938431,46.971674],[28.938331,46.971669],[28.938891,46.971068],[28.939014,46.971084],[28.939034,46.971063],[28.939052,46.971045],[28.939072,46.971024],[28.939112,46.970984],[28.939306,46.971027],[28.939348,46.970998],[28.939488,46.970991]]]]}},{"type":"Feature","properties":{"tip":"industrial","nume":null,"ha":0.32},"geometry":{"type":"MultiPolygon","coordinates":[[[[28.939021,46.972118],[28.939054,46.971712],[28.939108,46.971716],[28.939114,46.971636],[28.939257,46.971642],[28.939455,46.971649],[28.939448,46.971739],[28.93954,46.971743],[28.939597,46.971744],[28.93954,46.972246],[28.939361,46.972233],[28.939364,46.972218],[28.938731,46.972186],[28.938483,46.972177],[28.938336,46.972169],[28.938029,46.972147],[28.938076,46.972091],[28.938092,46.972072],[28.93811,46.972051],[28.939021,46.972118]]]]}},{"type":"Feature","properties":{"tip":"commercial","nume":null,"ha":0.1},"geometry":{"type":"MultiPolygon","coordinates":[[[[28.939527,46.970788],[28.939488,46.970991],[28.939348,46.970998],[28.939306,46.971027],[28.939112,46.970984],[28.938977,46.970928],[28.939177,46.970699],[28.939439,46.97078],[28.939527,46.970788]]]]}},{"type":"Feature","properties":{"tip":"grass","nume":null,"ha":0.15},"geometry":{"type":"MultiPolygon","coordinates":[[[[28.938905,46.971025],[28.939034,46.971063],[28.939014,46.971084],[28.938891,46.971068],[28.938331,46.971669],[28.938431,46.971674],[28.93811,46.972051],[28.937872,46.972026],[28.938776,46.971061],[28.938842,46.971033],[28.938905,46.971025]]]]}},{"type":"Feature","properties":{"tip":"grass","nume":null,"ha":0.01},"geometry":{"type":"MultiPolygon","coordinates":[[[[28.938076,46.972091],[28.938029,46.972147],[28.937834,46.972069],[28.938076,46.972091]]]]}},{"type":"Feature","properties":{"tip":"grass","nume":null,"ha":0.01},"geometry":{"type":"MultiPolygon","coordinates":[[[[28.939112,46.970984],[28.939072,46.971024],[28.938941,46.97097],[28.938977,46.970928],[28.939112,46.970984]]]]}},{"type":"Feature","properties":{"tip":"commercial","nume":"rolo.md","ha":0.26},"geometry":{"type":"MultiPolygon","coordinates":[[[[28.939054,46.971712],[28.939021,46.972118],[28.93811,46.972051],[28.938431,46.971674],[28.939054,46.971712]]]]}},{"type":"Feature","properties":{"tip":"grass","nume":null,"ha":0.01},"geometry":{"type":"MultiPolygon","coordinates":[[[[28.935054,46.980852],[28.935009,46.980845],[28.935004,46.980798],[28.935016,46.98078],[28.935046,46.980764],[28.935241,46.980764],[28.935261,46.980772],[28.93525,46.980788],[28.935054,46.980852]]]]}},{"type":"Feature","properties":{"tip":"brownfield","nume":null,"ha":0.05},"geometry":{"type":"MultiPolygon","coordinates":[[[[28.935767,46.980636],[28.935572,46.980613],[28.935551,46.980489],[28.935547,46.980452],[28.935541,46.980391],[28.935551,46.980335],[28.935636,46.980344],[28.935704,46.980351],[28.935702,46.980401],[28.935752,46.980404],[28.935767,46.980636]]]]}},{"type":"Feature","properties":{"tip":"commercial","nume":null,"ha":0.02},"geometry":{"type":"MultiPolygon","coordinates":[[[[28.935551,46.980489],[28.935572,46.980613],[28.9355,46.980619],[28.935397,46.980627],[28.935369,46.980467],[28.935447,46.980461],[28.935496,46.980457],[28.935547,46.980452],[28.935551,46.980489]]]]}},{"type":"Feature","properties":{"tip":"grass","nume":null,"ha":0.04},"geometry":{"type":"MultiPolygon","coordinates":[[[[28.935367,46.980691],[28.935358,46.980631],[28.9355,46.980619],[28.935572,46.980613],[28.935767,46.980636],[28.935996,46.980653],[28.935992,46.980701],[28.935436,46.980716],[28.935392,46.980709],[28.935367,46.980691]]]]}},{"type":"Feature","properties":{"tip":"grass","nume":null,"ha":0.0},"geometry":{"type":"MultiPolygon","coordinates":[[[[28.936066,46.980695],[28.936066,46.980659],[28.936153,46.980666],[28.936139,46.9807],[28.936066,46.980695]]]]}},{"type":"Feature","properties":{"tip":"brownfield","nume":null,"ha":0.04},"geometry":{"type":"MultiPolygon","coordinates":[[[[28.935687,46.978542],[28.935733,46.978431],[28.936092,46.978485],[28.936059,46.978617],[28.936045,46.978615],[28.935764,46.978571],[28.935705,46.978556],[28.935687,46.978542]]]]}},{"type":"Feature","properties":{"tip":"grass","nume":null,"ha":0.02},"geometry":{"type":"MultiPolygon","coordinates":[[[[28.935441,46.981834],[28.936128,46.981811],[28.936133,46.981845],[28.935447,46.981852],[28.935441,46.981834]]]]}},{"type":"Feature","properties":{"tip":"grass","nume":null,"ha":0.08},"geometry":{"type":"MultiPolygon","coordinates":[[[[28.936093,46.981319],[28.936099,46.981423],[28.935934,46.981429],[28.935926,46.981333],[28.935889,46.981333],[28.935862,46.980793],[28.93551,46.980797],[28.935439,46.980809],[28.935364,46.980846],[28.935303,46.980894],[28.93531,46.980825],[28.935382,46.980749],[28.936053,46.980739],[28.936067,46.980966],[28.935983,46.980969],[28.935979,46.980923],[28.93589,46.980927],[28.93592,46.981325],[28.936093,46.981319]]]]}},{"type":"Feature","properties":{"tip":"brownfield","nume":null,"ha":0.96},"geometry":{"type":"MultiPolygon","coordinates":[[[[28.940096,46.978487],[28.940145,46.978486],[28.94069,46.979482],[28.939578,46.979914],[28.939406,46.979632],[28.939355,46.979548],[28.939299,46.979456],[28.93939,46.979305],[28.939412,46.979205],[28.939387,46.978948],[28.9397,46.978839],[28.939927,46.978637],[28.940057,46.978488],[28.940096,46.978487]]]]}},{"type":"Feature","properties":{"tip":"brownfield","nume":null,"ha":0.31},"geometry":{"type":"MultiPolygon","coordinates":[[[[28.941784,46.981086],[28.942109,46.981498],[28.941424,46.98175],[28.941098,46.981338],[28.941784,46.981086]]]]}},{"type":"Feature","properties":{"tip":"meadow","nume":null,"ha":0.03},"geometry":{"type":"MultiPolygon","coordinates":[[[[28.941458,46.981798],[28.941424,46.98175],[28.942109,46.981498],[28.942142,46.98154],[28.941458,46.981798]]]]}},{"type":"Feature","properties":{"tip":"meadow","nume":null,"ha":0.08},"geometry":{"type":"MultiPolygon","coordinates":[[[[28.941366,46.981792],[28.941101,46.981904],[28.94114,46.981819],[28.941155,46.981736],[28.941101,46.981556],[28.941058,46.981516],[28.940762,46.981451],[28.940678,46.981445],[28.940704,46.981409],[28.940807,46.98137],[28.940899,46.981358],[28.940979,46.98137],[28.941045,46.981396],[28.941232,46.981571],[28.941325,46.981698],[28.941366,46.981792]]]]}},{"type":"Feature","properties":{"tip":"grass","nume":null,"ha":0.02},"geometry":{"type":"MultiPolygon","coordinates":[[[[28.943399,46.982586],[28.943177,46.982706],[28.943147,46.982673],[28.943281,46.98254],[28.943476,46.982569],[28.943399,46.982586]]]]}},{"type":"Feature","properties":{"tip":"grass","nume":null,"ha":0.02},"geometry":{"type":"MultiPolygon","coordinates":[[[[28.943081,46.982721],[28.943142,46.982769],[28.942906,46.98292],[28.942641,46.983057],[28.942625,46.983019],[28.942879,46.982896],[28.942991,46.982824],[28.943081,46.982721]]]]}},{"type":"Feature","properties":{"tip":"meadow","nume":null,"ha":0.11},"geometry":{"type":"MultiPolygon","coordinates":[[[[28.939964,46.981295],[28.939881,46.981219],[28.940411,46.980861],[28.94043,46.980848],[28.940472,46.980848],[28.940519,46.980883],[28.940588,46.980984],[28.940612,46.981071],[28.94018,46.981195],[28.939964,46.981295]]]]}},{"type":"Feature","properties":{"tip":"meadow","nume":null,"ha":1.88},"geometry":{"type":"MultiPolygon","coordinates":[[[[28.941418,46.98059],[28.941784,46.981086],[28.941098,46.981338],[28.941056,46.981353],[28.940942,46.981327],[28.940698,46.981326],[28.940702,46.981294],[28.940653,46.981004],[28.940573,46.980854],[28.940488,46.980782],[28.940382,46.980828],[28.940198,46.980656],[28.940116,46.980634],[28.939845,46.980655],[28.939796,46.980664],[28.939671,46.980778],[28.939633,46.980757],[28.939716,46.980689],[28.939375,46.980528],[28.939047,46.980736],[28.93899,46.980716],[28.939263,46.980469],[28.939576,46.980051],[28.939651,46.979977],[28.940475,46.979626],[28.940741,46.97956],[28.941418,46.98059]]]]}},{"type":"Feature","properties":{"tip":"meadow","nume":null,"ha":0.2},"geometry":{"type":"MultiPolygon","coordinates":[[[[28.939297,46.980334],[28.93876,46.9809],[28.938727,46.980817],[28.938712,46.980731],[28.939141,46.980186],[28.939381,46.979974],[28.939401,46.979855],[28.939406,46.979632],[28.939578,46.979914],[28.939297,46.980334]]]]}},{"type":"Feature","properties":{"tip":"industrial","nume":"Cazangeria Bubuieci","ha":0.34},"geometry":{"type":"MultiPolygon","coordinates":[[[[28.938123,46.981309],[28.937826,46.981171],[28.937826,46.981151],[28.937828,46.981076],[28.937832,46.980892],[28.937848,46.980877],[28.937919,46.980878],[28.937921,46.980848],[28.938137,46.980848],[28.938171,46.980848],[28.938215,46.980848],[28.938663,46.980849],[28.93866,46.98128],[28.938656,46.981418],[28.938237,46.981362],[28.938123,46.981309]]]]}},{"type":"Feature","properties":{"tip":"commercial","nume":null,"ha":0.06},"geometry":{"type":"MultiPolygon","coordinates":[[[[28.937832,46.980892],[28.937828,46.981076],[28.937476,46.981061],[28.937544,46.980838],[28.937614,46.98084],[28.937849,46.980847],[28.937848,46.980877],[28.937832,46.980892]]]]}},{"type":"Feature","properties":{"tip":"grass","nume":null,"ha":0.02},"geometry":{"type":"MultiPolygon","coordinates":[[[[28.937828,46.981076],[28.937826,46.981151],[28.937779,46.981146],[28.937457,46.981116],[28.937476,46.981061],[28.937828,46.981076]]]]}},{"type":"Feature","properties":{"tip":"grass","nume":null,"ha":0.0},"geometry":{"type":"MultiPolygon","coordinates":[[[[28.937764,46.980755],[28.937626,46.980744],[28.937776,46.980728],[28.937764,46.980755]]]]}},{"type":"Feature","properties":{"tip":"grass","nume":null,"ha":0.01},"geometry":{"type":"MultiPolygon","coordinates":[[[[28.937839,46.980766],[28.937855,46.980725],[28.937991,46.980714],[28.938047,46.980709],[28.93806,46.980778],[28.937839,46.980766]]]]}},{"type":"Feature","properties":{"tip":"grass","nume":null,"ha":0.01},"geometry":{"type":"MultiPolygon","coordinates":[[[[28.93812,46.980782],[28.938113,46.980707],[28.938285,46.98071],[28.938279,46.980799],[28.93812,46.980782]]]]}},{"type":"Feature","properties":{"tip":"grass","nume":null,"ha":0.03},"geometry":{"type":"MultiPolygon","coordinates":[[[[28.938349,46.980798],[28.938357,46.980709],[28.938538,46.98071],[28.938608,46.980719],[28.938645,46.980618],[28.938653,46.980496],[28.938787,46.980521],[28.938727,46.98059],[28.93864,46.98073],[28.938586,46.980769],[28.938449,46.980797],[28.938349,46.980798]]]]}},{"type":"Feature","properties":{"tip":"grass","nume":null,"ha":0.02},"geometry":{"type":"MultiPolygon","coordinates":[[[[28.937849,46.980847],[28.937614,46.98084],[28.937587,46.980787],[28.938122,46.980827],[28.938137,46.980848],[28.937921,46.980848],[28.937849,46.980847]]]]}},{"type":"Feature","properties":{"tip":"grass","nume":null,"ha":0.01},"geometry":{"type":"MultiPolygon","coordinates":[[[[28.938663,46.980849],[28.938215,46.980848],[28.938202,46.980825],[28.938411,46.980831],[28.9386,46.980807],[28.938663,46.980829],[28.938663,46.980849]]]]}},{"type":"Feature","properties":{"tip":"commercial","nume":null,"ha":0.01},"geometry":{"type":"MultiPolygon","coordinates":[[[[28.933325,46.983216],[28.93333,46.983184],[28.933488,46.983206],[28.933493,46.983289],[28.933483,46.983303],[28.933458,46.983303],[28.933313,46.983295],[28.933325,46.983216]]]]}},{"type":"Feature","properties":{"tip":"brownfield","nume":null,"ha":0.04},"geometry":{"type":"MultiPolygon","coordinates":[[[[28.932731,46.980025],[28.932569,46.980022],[28.932638,46.979844],[28.93283,46.979851],[28.932883,46.979879],[28.932871,46.980028],[28.932731,46.980025]]]]}},{"type":"Feature","properties":{"tip":"brownfield","nume":null,"ha":0.06},"geometry":{"type":"MultiPolygon","coordinates":[[[[28.932243,46.980727],[28.931905,46.980738],[28.931891,46.980545],[28.932232,46.980534],[28.932243,46.980727]]]]}},{"type":"Feature","properties":{"tip":"commercial","nume":null,"ha":0.1},"geometry":{"type":"MultiPolygon","coordinates":[[[[28.931921,46.980961],[28.931346,46.980982],[28.931355,46.980911],[28.931371,46.980782],[28.931385,46.980755],[28.931905,46.980744],[28.931914,46.980864],[28.931921,46.980961]]]]}},{"type":"Feature","properties":{"tip":"industrial","nume":null,"ha":0.06},"geometry":{"type":"MultiPolygon","coordinates":[[[[28.930947,46.981367],[28.930895,46.981369],[28.930982,46.981248],[28.931136,46.981037],[28.931202,46.981033],[28.931229,46.981049],[28.931268,46.981345],[28.931047,46.981361],[28.930947,46.981367]]]]}},{"type":"Feature","properties":{"tip":"brownfield","nume":null,"ha":0.01},"geometry":{"type":"MultiPolygon","coordinates":[[[[28.933124,46.980271],[28.933239,46.980271],[28.93324,46.980408],[28.933124,46.980408],[28.933124,46.980271]]]]}},{"type":"Feature","properties":{"tip":"brownfield","nume":null,"ha":0.03},"geometry":{"type":"MultiPolygon","coordinates":[[[[28.933074,46.979534],[28.933297,46.979542],[28.933293,46.97969],[28.933114,46.979684],[28.933066,46.979682],[28.933074,46.979534]]]]}},{"type":"Feature","properties":{"tip":"brownfield","nume":null,"ha":0.07},"geometry":{"type":"MultiPolygon","coordinates":[[[[28.933438,46.978681],[28.933193,46.978673],[28.933312,46.978531],[28.933861,46.978576],[28.933806,46.978694],[28.933438,46.978681]]]]}},{"type":"Feature","properties":{"tip":"farmland","nume":null,"ha":0.15},"geometry":{"type":"MultiPolygon","coordinates":[[[[28.929285,46.981142],[28.930101,46.981386],[28.929966,46.981573],[28.929154,46.981324],[28.929285,46.981142]]]]}},{"type":"Feature","properties":{"tip":"farmland","nume":null,"ha":0.2},"geometry":{"type":"MultiPolygon","coordinates":[[[[28.93029,46.981157],[28.930101,46.981386],[28.929285,46.981142],[28.929469,46.980895],[28.93029,46.981157]]]]}},{"type":"Feature","properties":{"tip":"brownfield","nume":null,"ha":0.45},"geometry":{"type":"MultiPolygon","coordinates":[[[[28.931881,46.980415],[28.931673,46.980418],[28.932626,46.979309],[28.932856,46.979317],[28.932783,46.979494],[28.93271,46.979669],[28.932638,46.979844],[28.932569,46.980022],[28.93249,46.980217],[28.932408,46.98041],[28.932305,46.980411],[28.932225,46.980412],[28.931881,46.980415]]]]}},{"type":"Feature","properties":{"tip":"commercial","nume":null,"ha":0.1},"geometry":{"type":"MultiPolygon","coordinates":[[[[28.931905,46.980744],[28.931385,46.980755],[28.931673,46.980418],[28.931881,46.980415],[28.931891,46.980545],[28.931905,46.980738],[28.931905,46.980744]]]]}},{"type":"Feature","properties":{"tip":"grass","nume":null,"ha":0.01},"geometry":{"type":"MultiPolygon","coordinates":[[[[28.938697,46.978295],[28.938711,46.978229],[28.938812,46.978235],[28.938807,46.978263],[28.938924,46.978267],[28.93891,46.9783],[28.938697,46.978295]]]]}},{"type":"Feature","properties":{"tip":"grass","nume":null,"ha":0.0},"geometry":{"type":"MultiPolygon","coordinates":[[[[28.939015,46.978307],[28.939022,46.978271],[28.939107,46.978274],[28.939101,46.978312],[28.939015,46.978307]]]]}},{"type":"Feature","properties":{"tip":"grass","nume":null,"ha":0.02},"geometry":{"type":"MultiPolygon","coordinates":[[[[28.937813,46.978227],[28.938215,46.978246],[28.938212,46.97829],[28.937829,46.978275],[28.937813,46.978227]]]]}},{"type":"Feature","properties":{"tip":"grass","nume":null,"ha":0.03},"geometry":{"type":"MultiPolygon","coordinates":[[[[28.937665,46.978214],[28.937704,46.978195],[28.937697,46.978222],[28.937668,46.978246],[28.937619,46.978261],[28.93708,46.978242],[28.937065,46.978151],[28.937088,46.97819],[28.937191,46.978195],[28.937665,46.978214]]]]}},{"type":"Feature","properties":{"tip":"grass","nume":null,"ha":0.03},"geometry":{"type":"MultiPolygon","coordinates":[[[[28.936953,46.97818],[28.936978,46.978149],[28.936967,46.978237],[28.936251,46.978195],[28.93626,46.978151],[28.936953,46.97818]]]]}},{"type":"Feature","properties":{"tip":"grass","nume":null,"ha":0.01},"geometry":{"type":"MultiPolygon","coordinates":[[[[28.93574,46.978176],[28.935713,46.978147],[28.935939,46.978157],[28.93594,46.978138],[28.936137,46.978142],[28.936171,46.978108],[28.936148,46.978149],[28.936101,46.978191],[28.935869,46.978193],[28.93574,46.978176]]]]}},{"type":"Feature","properties":{"tip":"grass","nume":null,"ha":0.06},"geometry":{"type":"MultiPolygon","coordinates":[[[[28.935524,46.978138],[28.935628,46.978143],[28.935625,46.978175],[28.934776,46.978147],[28.934727,46.978123],[28.9347,46.978092],[28.934702,46.97806],[28.934725,46.978035],[28.935369,46.97768],[28.935471,46.977621],[28.935528,46.977623],[28.935501,46.977654],[28.935499,46.977714],[28.935354,46.977722],[28.934777,46.978028],[28.934772,46.978066],[28.934782,46.9781],[28.935524,46.978138]]]]}},{"type":"Feature","properties":{"tip":"commercial","nume":"New Metal Construct","ha":0.26},"geometry":{"type":"MultiPolygon","coordinates":[[[[28.931596,46.982355],[28.930692,46.982257],[28.930742,46.982055],[28.930755,46.982003],[28.93185,46.982106],[28.931849,46.982121],[28.931831,46.982253],[28.931814,46.982369],[28.931791,46.98245],[28.931579,46.982427],[28.931596,46.982355]]]]}},{"type":"Feature","properties":{"tip":"commercial","nume":null,"ha":0.33},"geometry":{"type":"MultiPolygon","coordinates":[[[[28.930638,46.982546],[28.930692,46.982257],[28.931596,46.982355],[28.931579,46.982427],[28.931791,46.98245],[28.931731,46.982754],[28.931519,46.982731],[28.931123,46.982688],[28.931104,46.982647],[28.930626,46.982608],[28.930638,46.982546]]]]}},{"type":"Feature","properties":{"tip":"orchard","nume":null,"ha":0.06},"geometry":{"type":"MultiPolygon","coordinates":[[[[28.931519,46.982731],[28.931579,46.982427],[28.931791,46.98245],[28.931731,46.982754],[28.931519,46.982731]]]]}},{"type":"Feature","properties":{"tip":"commercial","nume":"Parcare pentru autocamioane","ha":0.36},"geometry":{"type":"MultiPolygon","coordinates":[[[[28.930594,46.982783],[28.930626,46.982608],[28.931104,46.982647],[28.931123,46.982688],[28.931519,46.982731],[28.931731,46.982754],[28.931546,46.983123],[28.931209,46.98309],[28.93055,46.983028],[28.930594,46.982783]]]]}},{"type":"Feature","properties":{"tip":"industrial","nume":null,"ha":0.23},"geometry":{"type":"MultiPolygon","coordinates":[[[[28.931101,46.983492],[28.93046,46.983461],[28.930508,46.983229],[28.93055,46.983028],[28.931209,46.98309],[28.931118,46.983398],[28.931101,46.983492]]]]}},{"type":"Feature","properties":{"tip":"brownfield","nume":null,"ha":0.08},"geometry":{"type":"MultiPolygon","coordinates":[[[[28.931209,46.98309],[28.931546,46.983123],[28.931403,46.983389],[28.931118,46.983398],[28.931209,46.98309]]]]}},{"type":"Feature","properties":{"tip":"commercial","nume":null,"ha":0.2},"geometry":{"type":"MultiPolygon","coordinates":[[[[28.93046,46.983461],[28.931101,46.983492],[28.931064,46.983922],[28.931011,46.983906],[28.930749,46.983828],[28.930364,46.983713],[28.93046,46.983461]]]]}},{"type":"Feature","properties":{"tip":"commercial","nume":"Sala de banchete „Camelot”","ha":0.13},"geometry":{"type":"MultiPolygon","coordinates":[[[[28.93056,46.984064],[28.930614,46.983968],[28.930663,46.983892],[28.930703,46.983901],[28.930749,46.983828],[28.931011,46.983906],[28.931064,46.983922],[28.931166,46.983954],[28.93114,46.983988],[28.93104,46.984135],[28.931009,46.984135],[28.930984,46.984171],[28.930967,46.984196],[28.930899,46.98428],[28.93067,46.984195],[28.930725,46.984125],[28.93056,46.984064]]]]}},{"type":"Feature","properties":{"tip":"grass","nume":null,"ha":0.12},"geometry":{"type":"MultiPolygon","coordinates":[[[[28.930364,46.983713],[28.930749,46.983828],[28.930703,46.983901],[28.930663,46.983892],[28.930614,46.983968],[28.93056,46.984064],[28.930355,46.983989],[28.93026,46.984108],[28.930245,46.984102],[28.930118,46.984057],[28.930077,46.984045],[28.930327,46.983703],[28.930364,46.983713]]]]}},{"type":"Feature","properties":{"tip":"commercial","nume":null,"ha":0.08},"geometry":{"type":"MultiPolygon","coordinates":[[[[28.930318,46.984531],[28.930407,46.984403],[28.930482,46.984431],[28.930641,46.984231],[28.930846,46.984307],[28.930646,46.984595],[28.930636,46.984609],[28.930623,46.984628],[28.930318,46.984531]]]]}},{"type":"Feature","properties":{"tip":"grass","nume":null,"ha":0.01},"geometry":{"type":"MultiPolygon","coordinates":[[[[28.930646,46.984595],[28.930846,46.984307],[28.93088,46.984322],[28.930879,46.984359],[28.930851,46.984387],[28.930678,46.984603],[28.930646,46.984595]]]]}},{"type":"Feature","properties":{"tip":"grass","nume":null,"ha":0.06},"geometry":{"type":"MultiPolygon","coordinates":[[[[28.929801,46.98585],[28.929747,46.985888],[28.929727,46.985901],[28.928858,46.98625],[28.928862,46.986277],[28.928794,46.986269],[28.928777,46.986217],[28.929719,46.985825],[28.929801,46.98585]]]]}},{"type":"Feature","properties":{"tip":"grass","nume":null,"ha":0.03},"geometry":{"type":"MultiPolygon","coordinates":[[[[28.930078,46.984455],[28.930182,46.98432],[28.930407,46.984403],[28.930318,46.984531],[28.930282,46.98452],[28.930078,46.984455]]]]}},{"type":"Feature","properties":{"tip":"industrial","nume":"DecoGravura","ha":0.06},"geometry":{"type":"MultiPolygon","coordinates":[[[[28.930112,46.984294],[28.930182,46.98432],[28.930078,46.984455],[28.92987,46.984389],[28.929893,46.984355],[28.929918,46.984319],[28.930118,46.984057],[28.930245,46.984102],[28.93026,46.984108],[28.930112,46.984294]]]]}},{"type":"Feature","properties":{"tip":"grass","nume":null,"ha":0.0},"geometry":{"type":"MultiPolygon","coordinates":[[[[28.931476,46.983927],[28.931457,46.983869],[28.93159,46.983862],[28.931575,46.983901],[28.931476,46.983927]]]]}},{"type":"Feature","properties":{"tip":"commercial","nume":"Pecos Auto","ha":0.19},"geometry":{"type":"MultiPolygon","coordinates":[[[[28.92987,46.984389],[28.930282,46.98452],[28.929933,46.984982],[28.929538,46.984828],[28.929727,46.984578],[28.92987,46.984389]]]]}},{"type":"Feature","properties":{"tip":"commercial","nume":"Local","ha":0.17},"geometry":{"type":"MultiPolygon","coordinates":[[[[28.929933,46.984982],[28.930282,46.98452],[28.930318,46.984531],[28.930623,46.984628],[28.930493,46.984795],[28.930475,46.984817],[28.930468,46.984827],[28.930252,46.985103],[28.929933,46.984982]]]]}},{"type":"Feature","properties":{"tip":"grass","nume":null,"ha":0.01},"geometry":{"type":"MultiPolygon","coordinates":[[[[28.930493,46.984795],[28.930623,46.984628],[28.930657,46.984638],[28.930525,46.984799],[28.930493,46.984795]]]]}},{"type":"Feature","properties":{"tip":"grass","nume":null,"ha":0.01},"geometry":{"type":"MultiPolygon","coordinates":[[[[28.930252,46.985103],[28.930468,46.984827],[28.930496,46.984841],[28.930159,46.985278],[28.930141,46.985275],[28.93027,46.985109],[28.930252,46.985103]]]]}},{"type":"Feature","properties":{"tip":"commercial","nume":"Buga Prim","ha":0.19},"geometry":{"type":"MultiPolygon","coordinates":[[[[28.929933,46.984982],[28.93027,46.985109],[28.930141,46.985275],[28.930108,46.985312],[28.930091,46.985331],[28.930079,46.985345],[28.92972,46.985212],[28.929347,46.985075],[28.929393,46.985015],[28.929538,46.984828],[28.929933,46.984982]]]]}},{"type":"Feature","properties":{"tip":"orchard","nume":null,"ha":0.1},"geometry":{"type":"MultiPolygon","coordinates":[[[[28.929063,46.985463],[28.929174,46.98532],[28.929444,46.985419],[28.929869,46.985575],[28.929684,46.985689],[28.929081,46.985469],[28.929063,46.985463]]]]}},{"type":"Feature","properties":{"tip":"commercial","nume":null,"ha":0.08},"geometry":{"type":"MultiPolygon","coordinates":[[[[28.929444,46.985419],[28.929174,46.98532],[28.929251,46.985211],[28.929262,46.985195],[28.929347,46.985075],[28.92972,46.985212],[28.929711,46.985222],[28.929675,46.985274],[28.929647,46.985265],[28.929611,46.985315],[28.929589,46.985345],[28.929524,46.985324],[28.929444,46.985419]]]]}},{"type":"Feature","properties":{"tip":"commercial","nume":null,"ha":0.1},"geometry":{"type":"MultiPolygon","coordinates":[[[[28.929869,46.985575],[28.929444,46.985419],[28.929524,46.985324],[28.929589,46.985345],[28.929611,46.985315],[28.929647,46.985265],[28.929675,46.985274],[28.929711,46.985222],[28.92972,46.985212],[28.930079,46.985345],[28.930003,46.985429],[28.929982,46.985452],[28.92997,46.985465],[28.929869,46.985575]]]]}},{"type":"Feature","properties":{"tip":"commercial","nume":null,"ha":0.09},"geometry":{"type":"MultiPolygon","coordinates":[[[[28.928676,46.986035],[28.928914,46.985695],[28.929328,46.985847],[28.929074,46.985945],[28.929045,46.985956],[28.928732,46.986076],[28.928676,46.986035]]]]}},{"type":"Feature","properties":{"tip":"grass","nume":null,"ha":0.0},"geometry":{"type":"MultiPolygon","coordinates":[[[[28.930079,46.985345],[28.930091,46.985331],[28.93011,46.985346],[28.930045,46.985425],[28.930003,46.985429],[28.930079,46.985345]]]]}},{"type":"Feature","properties":{"tip":"grass","nume":null,"ha":0.02},"geometry":{"type":"MultiPolygon","coordinates":[[[[28.929869,46.985575],[28.92997,46.985465],[28.929981,46.985476],[28.92998,46.985505],[28.929955,46.98553],[28.929901,46.985578],[28.929714,46.985692],[28.929562,46.985768],[28.929257,46.985887],[28.929087,46.985949],[28.929074,46.985945],[28.929328,46.985847],[28.929684,46.985689],[28.929869,46.985575]]]]}},{"type":"Feature","properties":{"tip":"grass","nume":null,"ha":0.0},"geometry":{"type":"MultiPolygon","coordinates":[[[[28.928678,46.986118],[28.928757,46.986085],[28.928767,46.986097],[28.928697,46.986126],[28.928678,46.986118]]]]}},{"type":"Feature","properties":{"tip":"grass","nume":null,"ha":0.04},"geometry":{"type":"MultiPolygon","coordinates":[[[[28.929212,46.985199],[28.929251,46.985211],[28.929174,46.98532],[28.929063,46.985463],[28.929081,46.985469],[28.928914,46.985695],[28.928676,46.986035],[28.928622,46.986021],[28.929212,46.985199]]]]}},{"type":"Feature","properties":{"tip":"grass","nume":null,"ha":0.02},"geometry":{"type":"MultiPolygon","coordinates":[[[[28.931748,46.984596],[28.931784,46.984577],[28.931734,46.984673],[28.931704,46.984679],[28.931389,46.984503],[28.931354,46.984466],[28.931351,46.984445],[28.931748,46.984596]]]]}},{"type":"Feature","properties":{"tip":"grass","nume":null,"ha":0.01},"geometry":{"type":"MultiPolygon","coordinates":[[[[28.931521,46.984746],[28.93147,46.984754],[28.93144,46.984685],[28.931463,46.98468],[28.931499,46.984679],[28.931605,46.984735],[28.931521,46.984746]]]]}},{"type":"Feature","properties":{"tip":"commercial","nume":null,"ha":0.01},"geometry":{"type":"MultiPolygon","coordinates":[[[[28.932853,46.983468],[28.932696,46.98347],[28.932701,46.983405],[28.932724,46.983405],[28.932784,46.983404],[28.932854,46.983451],[28.932853,46.983468]]]]}},{"type":"Feature","properties":{"tip":"commercial","nume":null,"ha":0.02},"geometry":{"type":"MultiPolygon","coordinates":[[[[28.932696,46.98347],[28.932853,46.983468],[28.932822,46.983611],[28.932798,46.983613],[28.932716,46.983611],[28.932719,46.983584],[28.932689,46.983582],[28.932696,46.98347]]]]}},{"type":"Feature","properties":{"tip":"brownfield","nume":null,"ha":0.03},"geometry":{"type":"MultiPolygon","coordinates":[[[[28.932558,46.983798],[28.932563,46.983581],[28.932689,46.983582],[28.932719,46.983584],[28.932716,46.983611],[28.932798,46.983613],[28.932709,46.983781],[28.932672,46.983797],[28.932558,46.983798]]]]}},{"type":"Feature","properties":{"tip":"grass","nume":null,"ha":0.0},"geometry":{"type":"MultiPolygon","coordinates":[[[[28.932879,46.983387],[28.932811,46.983351],[28.932954,46.983358],[28.932925,46.983423],[28.93291,46.983419],[28.932879,46.983387]]]]}},{"type":"Feature","properties":{"tip":"grass","nume":null,"ha":0.13},"geometry":{"type":"MultiPolygon","coordinates":[[[[28.932268,46.981893],[28.932192,46.981868],[28.933582,46.981854],[28.933676,46.981863],[28.933527,46.982159],[28.933406,46.982124],[28.933185,46.982023],[28.933075,46.981988],[28.93297,46.98197],[28.932943,46.981948],[28.932921,46.9819],[28.932678,46.981876],[28.932268,46.981893]]]]}},{"type":"Feature","properties":{"tip":"commercial","nume":null,"ha":0.04},"geometry":{"type":"MultiPolygon","coordinates":[[[[28.933034,46.982328],[28.933229,46.98237],[28.933125,46.982575],[28.932943,46.982531],[28.933034,46.982328]]]]}},{"type":"Feature","properties":{"tip":"commercial","nume":"Microimprumut AEI, sucursala Bubuieci","ha":0.05},"geometry":{"type":"MultiPolygon","coordinates":[[[[28.933139,46.982579],[28.933224,46.9826],[28.933168,46.982706],[28.932907,46.982689],[28.932897,46.9823],[28.933034,46.982328],[28.932943,46.982531],[28.933125,46.982575],[28.933139,46.982579]]]]}},{"type":"Feature","properties":{"tip":"grass","nume":null,"ha":0.05},"geometry":{"type":"MultiPolygon","coordinates":[[[[28.943234,46.986996],[28.943191,46.987006],[28.943161,46.986955],[28.942836,46.986397],[28.942432,46.985526],[28.942469,46.98552],[28.942855,46.986352],[28.943234,46.986996]]]]}},{"type":"Feature","properties":{"tip":"grass","nume":null,"ha":0.07},"geometry":{"type":"MultiPolygon","coordinates":[[[[28.941432,46.986342],[28.941445,46.986417],[28.941385,46.986407],[28.941416,46.98628],[28.942039,46.985516],[28.942161,46.985443],[28.942379,46.985371],[28.942445,46.985461],[28.942405,46.985471],[28.942359,46.985444],[28.942121,46.985498],[28.941432,46.986342]]]]}},{"type":"Feature","properties":{"tip":"commercial","nume":null,"ha":0.1},"geometry":{"type":"MultiPolygon","coordinates":[[[[28.944024,46.984521],[28.94415,46.984629],[28.94359,46.984911],[28.943483,46.984797],[28.943845,46.984528],[28.943915,46.984476],[28.944024,46.984521]]]]}},{"type":"Feature","properties":{"tip":"commercial","nume":null,"ha":0.04},"geometry":{"type":"MultiPolygon","coordinates":[[[[28.943446,46.984179],[28.943555,46.984139],[28.943571,46.984131],[28.943821,46.984365],[28.94347,46.984279],[28.943389,46.984265],[28.943375,46.984234],[28.943428,46.984224],[28.943397,46.9842],[28.943446,46.984179]]]]}},{"type":"Feature","properties":{"tip":"grass","nume":null,"ha":0.02},"geometry":{"type":"MultiPolygon","coordinates":[[[[28.943821,46.984365],[28.943571,46.984131],[28.943631,46.984102],[28.943917,46.984375],[28.943894,46.984391],[28.943871,46.984387],[28.943821,46.984365]]]]}},{"type":"Feature","properties":{"tip":"meadow","nume":null,"ha":0.43},"geometry":{"type":"MultiPolygon","coordinates":[[[[28.94851,46.985672],[28.948164,46.985764],[28.948073,46.985709],[28.948118,46.985682],[28.948373,46.985586],[28.948641,46.985399],[28.948662,46.985363],[28.948704,46.985344],[28.948918,46.985342],[28.948983,46.985328],[28.949009,46.985259],[28.949298,46.985292],[28.949378,46.985348],[28.949558,46.985358],[28.949642,46.985332],[28.949874,46.985337],[28.949828,46.985676],[28.949414,46.98583],[28.949355,46.985801],[28.94922,46.985673],[28.949163,46.985574],[28.94904,46.98559],[28.949026,46.985563],[28.94851,46.985672]]]]}},{"type":"Feature","properties":{"tip":"commercial","nume":null,"ha":0.14},"geometry":{"type":"MultiPolygon","coordinates":[[[[28.934924,46.980647],[28.934366,46.980662],[28.934366,46.980562],[28.934348,46.980561],[28.934365,46.980408],[28.934365,46.980356],[28.934555,46.980355],[28.934783,46.980327],[28.934863,46.980476],[28.934895,46.980474],[28.934921,46.980506],[28.934926,46.980563],[28.934924,46.980647]]]]}},{"type":"Feature","properties":{"tip":"brownfield","nume":null,"ha":0.11},"geometry":{"type":"MultiPolygon","coordinates":[[[[28.934034,46.980783],[28.933888,46.980785],[28.933881,46.980554],[28.934348,46.980561],[28.934366,46.980562],[28.934366,46.980662],[28.934373,46.980839],[28.934087,46.98084],[28.934085,46.980782],[28.934034,46.980783]]]]}},{"type":"Feature","properties":{"tip":"garages","nume":"Cooperativa de Construcție a Garajelor","ha":0.1},"geometry":{"type":"MultiPolygon","coordinates":[[[[28.936194,46.98146],[28.936173,46.980953],[28.936241,46.980953],[28.936252,46.980879],[28.93646,46.980902],[28.936403,46.981078],[28.93635,46.981254],[28.936411,46.981262],[28.936377,46.981389],[28.936306,46.981383],[28.936308,46.98144],[28.936308,46.98146],[28.936223,46.981461],[28.936194,46.98146]]]]}},{"type":"Feature","properties":{"tip":"grass","nume":null,"ha":0.03},"geometry":{"type":"MultiPolygon","coordinates":[[[[28.936224,46.982499],[28.936226,46.982288],[28.936257,46.982317],[28.936279,46.982318],[28.936287,46.982348],[28.936321,46.982404],[28.936302,46.982494],[28.936254,46.982612],[28.936227,46.982606],[28.93621,46.982672],[28.936154,46.982666],[28.936129,46.982663],[28.936121,46.982684],[28.93607,46.982674],[28.936093,46.982615],[28.936186,46.982552],[28.936224,46.982499]]]]}},{"type":"Feature","properties":{"tip":"commercial","nume":null,"ha":0.04},"geometry":{"type":"MultiPolygon","coordinates":[[[[28.936191,46.983997],[28.936051,46.983979],[28.936053,46.98397],[28.936097,46.983807],[28.936346,46.983838],[28.936331,46.983894],[28.936299,46.983991],[28.936282,46.984005],[28.936191,46.983997]]]]}},{"type":"Feature","properties":{"tip":"religious","nume":"Sala Regatului a Martorilor lui Iehova","ha":0.06},"geometry":{"type":"MultiPolygon","coordinates":[[[[28.934127,46.983848],[28.934172,46.983665],[28.934535,46.98364],[28.934505,46.983871],[28.934277,46.983857],[28.934127,46.983848]]]]}},{"type":"Feature","properties":{"tip":"commercial","nume":null,"ha":0.02},"geometry":{"type":"MultiPolygon","coordinates":[[[[28.935358,46.984177],[28.935378,46.984068],[28.935556,46.98408],[28.935503,46.984194],[28.935358,46.984177]]]]}},{"type":"Feature","properties":{"tip":"commercial","nume":null,"ha":0.01},"geometry":{"type":"MultiPolygon","coordinates":[[[[28.937665,46.984213],[28.937653,46.984261],[28.937651,46.984272],[28.937442,46.98424],[28.937508,46.984196],[28.93758,46.984203],[28.937665,46.984213]]]]}},{"type":"Feature","properties":{"tip":"grass","nume":null,"ha":0.0},"geometry":{"type":"MultiPolygon","coordinates":[[[[28.937665,46.984213],[28.93758,46.984203],[28.93759,46.984184],[28.937753,46.984189],[28.937762,46.984225],[28.937665,46.984213]]]]}},{"type":"Feature","properties":{"tip":"commercial","nume":null,"ha":0.03},"geometry":{"type":"MultiPolygon","coordinates":[[[[28.938053,46.98423],[28.938048,46.984264],[28.937999,46.984366],[28.938026,46.984372],[28.937898,46.98451],[28.937768,46.98447],[28.93785,46.984364],[28.937931,46.984242],[28.93795,46.984213],[28.938011,46.984223],[28.938053,46.98423]]]]}},{"type":"Feature","properties":{"tip":"grass","nume":null,"ha":0.0},"geometry":{"type":"MultiPolygon","coordinates":[[[[28.938446,46.984313],[28.938347,46.984299],[28.938369,46.984265],[28.938468,46.984281],[28.938446,46.984313]]]]}},{"type":"Feature","properties":{"tip":"grass","nume":null,"ha":0.0},"geometry":{"type":"MultiPolygon","coordinates":[[[[28.938252,46.984234],[28.938243,46.984278],[28.938212,46.984276],[28.938219,46.98423],[28.938252,46.984234]]]]}},{"type":"Feature","properties":{"tip":"commercial","nume":null,"ha":0.17},"geometry":{"type":"MultiPolygon","coordinates":[[[[28.939233,46.98402],[28.939253,46.984199],[28.939194,46.9842],[28.939147,46.9842],[28.939146,46.984189],[28.939035,46.984188],[28.93886,46.984185],[28.938516,46.984169],[28.938516,46.984136],[28.938516,46.984077],[28.938516,46.984058],[28.938516,46.984039],[28.938516,46.983981],[28.938534,46.983948],[28.938809,46.983909],[28.93906,46.983873],[28.939204,46.983853],[28.93924,46.983991],[28.939233,46.98402]]]]}},{"type":"Feature","properties":{"tip":"forest","nume":null,"ha":0.13},"geometry":{"type":"MultiPolygon","coordinates":[[[[28.937933,46.983405],[28.937912,46.983438],[28.937766,46.983658],[28.937938,46.983733],[28.937884,46.983741],[28.937871,46.983855],[28.937821,46.983848],[28.937628,46.983841],[28.937621,46.983905],[28.937617,46.983962],[28.9376,46.983963],[28.937541,46.983961],[28.937519,46.983959],[28.937439,46.984081],[28.937095,46.984063],[28.937093,46.984052],[28.937257,46.984055],[28.93737,46.98398],[28.937477,46.983848],[28.937566,46.983714],[28.937611,46.983645],[28.937668,46.983562],[28.93774,46.983457],[28.937815,46.983348],[28.937933,46.983405]]]]}},{"type":"Feature","properties":{"tip":"grass","nume":null,"ha":0.0},"geometry":{"type":"MultiPolygon","coordinates":[[[[28.937861,46.984084],[28.937875,46.983941],[28.9379,46.983942],[28.937887,46.984085],[28.937861,46.984084]]]]}},{"type":"Feature","properties":{"tip":"brownfield","nume":null,"ha":0.12},"geometry":{"type":"MultiPolygon","coordinates":[[[[28.937938,46.983733],[28.937766,46.983658],[28.937912,46.983438],[28.938142,46.98352],[28.938214,46.983672],[28.938264,46.98369],[28.938263,46.983714],[28.938274,46.983877],[28.938018,46.983885],[28.93793,46.983869],[28.937938,46.983733]]]]}},{"type":"Feature","properties":{"tip":"commercial","nume":null,"ha":0.01},"geometry":{"type":"MultiPolygon","coordinates":[[[[28.937594,46.984037],[28.9375,46.984066],[28.937439,46.984081],[28.937519,46.983959],[28.937541,46.983961],[28.9376,46.983963],[28.937617,46.983962],[28.937611,46.984044],[28.937594,46.984037]]]]}},{"type":"Feature","properties":{"tip":"commercial","nume":null,"ha":0.04},"geometry":{"type":"MultiPolygon","coordinates":[[[[28.937792,46.98405],[28.937611,46.984044],[28.937617,46.983962],[28.937621,46.983905],[28.937628,46.983841],[28.937821,46.983848],[28.937871,46.983855],[28.937851,46.983893],[28.937837,46.984051],[28.937792,46.98405]]]]}},{"type":"Feature","properties":{"tip":"grass","nume":null,"ha":0.02},"geometry":{"type":"MultiPolygon","coordinates":[[[[28.9372,46.984226],[28.937154,46.98419],[28.937162,46.98418],[28.937293,46.98419],[28.937326,46.9842],[28.937008,46.984455],[28.936953,46.984457],[28.9372,46.984226]]]]}},{"type":"Feature","properties":{"tip":"grass","nume":null,"ha":0.0},"geometry":{"type":"MultiPolygon","coordinates":[[[[28.938214,46.983672],[28.938142,46.98352],[28.938264,46.98369],[28.938214,46.983672]]]]}},{"type":"Feature","properties":{"tip":"forest","nume":null,"ha":0.09},"geometry":{"type":"MultiPolygon","coordinates":[[[[28.938491,46.982172],[28.938601,46.982189],[28.938427,46.982516],[28.938393,46.982509],[28.938347,46.982772],[28.938129,46.983078],[28.93794,46.983341],[28.937878,46.983314],[28.938241,46.982778],[28.938345,46.982448],[28.938491,46.982172]]]]}},{"type":"Feature","properties":{"tip":"industrial","nume":"Stația de pompare a apei din Bubuieci","ha":0.4},"geometry":{"type":"MultiPolygon","coordinates":[[[[28.941533,46.989539],[28.941739,46.989305],[28.942282,46.989665],[28.941948,46.990127],[28.941206,46.989833],[28.941451,46.989506],[28.941533,46.989539]]]]}},{"type":"Feature","properties":{"tip":"grass","nume":null,"ha":0.06},"geometry":{"type":"MultiPolygon","coordinates":[[[[28.941451,46.989506],[28.941206,46.989833],[28.941161,46.989817],[28.941576,46.989248],[28.941615,46.989238],[28.941659,46.98924],[28.941661,46.989242],[28.941739,46.989305],[28.941533,46.989539],[28.941451,46.989506]]]]}},{"type":"Feature","properties":{"tip":"grass","nume":null,"ha":0.01},"geometry":{"type":"MultiPolygon","coordinates":[[[[28.942671,46.98989],[28.942667,46.98992],[28.94234,46.989781],[28.942363,46.989747],[28.942407,46.989747],[28.94266,46.989867],[28.942671,46.98989]]]]}},{"type":"Feature","properties":{"tip":"grass","nume":null,"ha":0.05},"geometry":{"type":"MultiPolygon","coordinates":[[[[28.943931,46.990471],[28.94361,46.990448],[28.94363,46.990306],[28.943664,46.990285],[28.944848,46.990563],[28.944838,46.990569],[28.944479,46.990488],[28.944361,46.990471],[28.943997,46.990388],[28.943931,46.990471]]]]}},{"type":"Feature","properties":{"tip":"grass","nume":null,"ha":0.01},"geometry":{"type":"MultiPolygon","coordinates":[[[[28.944453,46.990568],[28.944335,46.99055],[28.944361,46.990471],[28.944479,46.990488],[28.944453,46.990568]]]]}},{"type":"Feature","properties":{"tip":"grass","nume":null,"ha":0.04},"geometry":{"type":"MultiPolygon","coordinates":[[[[28.94561,46.990776],[28.94495,46.990677],[28.94495,46.990639],[28.94496,46.990618],[28.944984,46.990606],[28.945697,46.990777],[28.945998,46.99082],[28.946026,46.990873],[28.946027,46.9909],[28.945981,46.990856],[28.94561,46.990776]]]]}},{"type":"Feature","properties":{"tip":"vineyard","nume":null,"ha":0.4},"geometry":{"type":"MultiPolygon","coordinates":[[[[28.94773,46.991702],[28.947257,46.991663],[28.947299,46.991097],[28.948018,46.991058],[28.948084,46.99173],[28.94773,46.991702]]]]}},{"type":"Feature","properties":{"tip":"farmland","nume":null,"ha":0.1},"geometry":{"type":"MultiPolygon","coordinates":[[[[28.948018,46.991058],[28.947299,46.991097],[28.947329,46.990881],[28.947851,46.990895],[28.947956,46.990983],[28.948018,46.991058]]]]}},{"type":"Feature","properties":{"tip":"grass","nume":null,"ha":0.03},"geometry":{"type":"MultiPolygon","coordinates":[[[[28.948057,46.990993],[28.948018,46.991058],[28.947956,46.990983],[28.947851,46.990895],[28.947329,46.990881],[28.947339,46.990858],[28.947617,46.990867],[28.947622,46.990846],[28.947963,46.990855],[28.948035,46.990874],[28.948066,46.990927],[28.948057,46.990993]]]]}},{"type":"Feature","properties":{"tip":"grass","nume":null,"ha":0.06},"geometry":{"type":"MultiPolygon","coordinates":[[[[28.948179,46.990543],[28.948155,46.9909],[28.948115,46.990898],[28.948093,46.990872],[28.94804,46.990837],[28.94794,46.990808],[28.947978,46.990764],[28.94804,46.99069],[28.948073,46.990555],[28.948104,46.990227],[28.948172,46.990221],[28.948158,46.990543],[28.948179,46.990543]]]]}},{"type":"Feature","properties":{"tip":"forest","nume":null,"ha":0.9},"geometry":{"type":"MultiPolygon","coordinates":[[[[28.94806,46.988897],[28.947951,46.98887],[28.947841,46.988494],[28.947674,46.988127],[28.947523,46.987944],[28.947202,46.987552],[28.946794,46.987011],[28.946578,46.986784],[28.946183,46.986593],[28.946375,46.986511],[28.946507,46.986421],[28.946575,46.986592],[28.946642,46.986647],[28.946832,46.986755],[28.946889,46.986763],[28.946988,46.98686],[28.946972,46.98688],[28.947063,46.986993],[28.947222,46.987131],[28.947432,46.987502],[28.947681,46.987324],[28.947718,46.987327],[28.947723,46.987279],[28.947765,46.987471],[28.947817,46.987587],[28.947996,46.987776],[28.947991,46.987778],[28.947774,46.987834],[28.947921,46.98811],[28.948008,46.98824],[28.948292,46.988155],[28.948354,46.988312],[28.948626,46.988692],[28.948626,46.988726],[28.948583,46.98876],[28.948154,46.988877],[28.94806,46.988897]]]]}},{"type":"Feature","properties":{"tip":"forest","nume":null,"ha":0.19},"geometry":{"type":"MultiPolygon","coordinates":[[[[28.946471,46.986391],[28.94638,46.986458],[28.946283,46.986259],[28.946266,46.986048],[28.946236,46.986055],[28.946118,46.985823],[28.946019,46.985657],[28.945886,46.985539],[28.945725,46.985351],[28.945642,46.98516],[28.945629,46.985029],[28.945584,46.984963],[28.945384,46.98483],[28.945324,46.984859],[28.945168,46.984681],[28.94512,46.984584],[28.945243,46.984574],[28.94524,46.984643],[28.945309,46.98472],[28.945633,46.984924],[28.945702,46.985032],[28.945753,46.985274],[28.945805,46.985356],[28.946178,46.985659],[28.946326,46.985918],[28.946423,46.986134],[28.946386,46.986146],[28.94641,46.986271],[28.946471,46.986391]]]]}},{"type":"Feature","properties":{"tip":"forest","nume":null,"ha":0.17},"geometry":{"type":"MultiPolygon","coordinates":[[[[28.946037,46.98439],[28.946046,46.984365],[28.946276,46.984353],[28.946415,46.984319],[28.946633,46.984332],[28.946722,46.984338],[28.946925,46.984291],[28.947345,46.98421],[28.947562,46.984287],[28.947774,46.984305],[28.947863,46.984279],[28.947909,46.984237],[28.94832,46.984161],[28.948344,46.984297],[28.948287,46.984307],[28.948168,46.984358],[28.947791,46.984421],[28.947124,46.98431],[28.947055,46.984386],[28.946945,46.984403],[28.946915,46.984323],[28.946669,46.984365],[28.94639,46.984363],[28.946037,46.98439]]]]}},{"type":"Feature","properties":{"tip":"forest","nume":null,"ha":0.05},"geometry":{"type":"MultiPolygon","coordinates":[[[[28.945216,46.984526],[28.945099,46.984385],[28.945171,46.984431],[28.945307,46.984431],[28.945719,46.984339],[28.945767,46.984406],[28.945728,46.984438],[28.94552,46.984486],[28.945216,46.984526]]]]}},{"type":"Feature","properties":{"tip":"commercial","nume":null,"ha":0.12},"geometry":{"type":"MultiPolygon","coordinates":[[[[28.944877,46.983904],[28.944634,46.98368],[28.944998,46.983494],[28.945051,46.983512],[28.945271,46.983698],[28.945263,46.983715],[28.944995,46.983846],[28.944877,46.983904]]]]}},{"type":"Feature","properties":{"tip":"meadow","nume":null,"ha":0.02},"geometry":{"type":"MultiPolygon","coordinates":[[[[28.948967,46.981794],[28.948934,46.981603],[28.949067,46.981705],[28.949185,46.981756],[28.948967,46.981794]]]]}},{"type":"Feature","properties":{"tip":"industrial","nume":null,"ha":0.11},"geometry":{"type":"MultiPolygon","coordinates":[[[[28.94796,46.981442],[28.948006,46.981509],[28.948137,46.981775],[28.94766,46.981801],[28.947616,46.981572],[28.947737,46.98147],[28.94796,46.981442]]]]}},{"type":"Feature","properties":{"tip":"meadow","nume":null,"ha":0.11},"geometry":{"type":"MultiPolygon","coordinates":[[[[28.952055,46.98524],[28.951861,46.985706],[28.951854,46.985625],[28.951892,46.985473],[28.951968,46.98534],[28.951963,46.985054],[28.952017,46.985047],[28.952351,46.985102],[28.953944,46.985328],[28.95395,46.985362],[28.952271,46.985136],[28.952055,46.98524]]]]}},{"type":"Feature","properties":{"tip":"grass","nume":null,"ha":0.06},"geometry":{"type":"MultiPolygon","coordinates":[[[[28.943867,46.97844],[28.943562,46.978499],[28.943567,46.978477],[28.943963,46.978359],[28.944336,46.978215],[28.944365,46.978409],[28.943867,46.97844]]]]}},{"type":"Feature","properties":{"tip":"grass","nume":null,"ha":0.17},"geometry":{"type":"MultiPolygon","coordinates":[[[[28.944463,46.978029],[28.944485,46.977831],[28.945518,46.977299],[28.945495,46.977458],[28.944479,46.978068],[28.944463,46.978029]]]]}},{"type":"Feature","properties":{"tip":"grass","nume":null,"ha":0.1},"geometry":{"type":"MultiPolygon","coordinates":[[[[28.945601,46.977273],[28.946133,46.976944],[28.946203,46.97691],[28.94636,46.976833],[28.946379,46.97685],[28.946442,46.976818],[28.946852,46.976661],[28.947174,46.976596],[28.947182,46.976621],[28.946866,46.976683],[28.946565,46.976806],[28.946146,46.977057],[28.945581,46.977412],[28.945601,46.977273]]]]}},{"type":"Feature","properties":{"tip":"commercial","nume":null,"ha":0.12},"geometry":{"type":"MultiPolygon","coordinates":[[[[28.946203,46.97691],[28.946133,46.976944],[28.945809,46.976638],[28.94591,46.976588],[28.946099,46.976495],[28.946149,46.976541],[28.946343,46.976725],[28.946442,46.976818],[28.946379,46.97685],[28.94636,46.976833],[28.946203,46.97691]]]]}},{"type":"Feature","properties":{"tip":"grass","nume":null,"ha":0.0},"geometry":{"type":"MultiPolygon","coordinates":[[[[28.937565,46.978943],[28.937703,46.978968],[28.937687,46.979007],[28.937549,46.978982],[28.937565,46.978943]]]]}},{"type":"Feature","properties":{"tip":"grass","nume":null,"ha":0.05},"geometry":{"type":"MultiPolygon","coordinates":[[[[28.937509,46.978393],[28.936906,46.978332],[28.936913,46.978292],[28.937787,46.978338],[28.937845,46.978375],[28.937843,46.978427],[28.937509,46.978393]]]]}},{"type":"Feature","properties":{"tip":"grass","nume":null,"ha":0.07},"geometry":{"type":"MultiPolygon","coordinates":[[[[28.938056,46.97837],[28.937978,46.978557],[28.937949,46.978537],[28.937986,46.978377],[28.938038,46.978349],[28.938355,46.978357],[28.939054,46.978376],[28.939987,46.978411],[28.939978,46.97845],[28.93956,46.978434],[28.939397,46.978428],[28.9392,46.97842],[28.939031,46.978414],[28.938409,46.978391],[28.938404,46.978424],[28.938357,46.978424],[28.938352,46.978372],[28.938056,46.97837]]]]}},{"type":"Feature","properties":{"tip":"farmland","nume":null,"ha":0.08},"geometry":{"type":"MultiPolygon","coordinates":[[[[28.939228,46.978965],[28.939311,46.978954],[28.939343,46.979192],[28.939316,46.979297],[28.939207,46.979427],[28.939154,46.979426],[28.939027,46.979379],[28.939,46.979366],[28.939197,46.97896],[28.939228,46.978965]]]]}},{"type":"Feature","properties":{"tip":"grass","nume":null,"ha":0.01},"geometry":{"type":"MultiPolygon","coordinates":[[[[28.938525,46.979223],[28.93857,46.979171],[28.93868,46.979292],[28.938517,46.979301],[28.938525,46.979223]]]]}},{"type":"Feature","properties":{"tip":"religious","nume":null,"ha":0.09},"geometry":{"type":"MultiPolygon","coordinates":[[[[28.938954,46.979448],[28.938921,46.979394],[28.939116,46.979469],[28.939301,46.979597],[28.939325,46.979642],[28.93934,46.979702],[28.939304,46.979734],[28.939283,46.979752],[28.93922,46.979809],[28.93881,46.979578],[28.938954,46.979448]]]]}},{"type":"Feature","properties":{"tip":"grass","nume":null,"ha":0.03},"geometry":{"type":"MultiPolygon","coordinates":[[[[28.93922,46.979809],[28.939283,46.979752],[28.939333,46.979833],[28.939323,46.979907],[28.939204,46.980022],[28.939065,46.979946],[28.93922,46.979809]]]]}},{"type":"Feature","properties":{"tip":"industrial","nume":null,"ha":0.27},"geometry":{"type":"MultiPolygon","coordinates":[[[[28.938255,46.97976],[28.938425,46.97978],[28.938449,46.979679],[28.938508,46.979642],[28.938617,46.979724],[28.939058,46.980002],[28.939074,46.98003],[28.939093,46.980063],[28.938987,46.980271],[28.938336,46.980143],[28.93825,46.980044],[28.93826,46.979967],[28.938267,46.979916],[28.938255,46.97976]]]]}},{"type":"Feature","properties":{"tip":"brownfield","nume":null,"ha":0.04},"geometry":{"type":"MultiPolygon","coordinates":[[[[28.938918,46.980363],[28.938787,46.980521],[28.938653,46.980496],[28.938644,46.9803],[28.938932,46.980344],[28.938918,46.980363]]]]}},{"type":"Feature","properties":{"tip":"brownfield","nume":null,"ha":0.47},"geometry":{"type":"MultiPolygon","coordinates":[[[[28.94591,46.976588],[28.945809,46.976638],[28.945746,46.976636],[28.94587,46.976236],[28.947295,46.976305],[28.94725,46.976591],[28.947174,46.976596],[28.946852,46.976661],[28.946442,46.976818],[28.946343,46.976725],[28.946149,46.976541],[28.946099,46.976495],[28.94591,46.976588]]]]}},{"type":"Feature","properties":{"tip":"brownfield","nume":null,"ha":0.13},"geometry":{"type":"MultiPolygon","coordinates":[[[[28.945601,46.977273],[28.945746,46.976636],[28.945809,46.976638],[28.946133,46.976944],[28.945601,46.977273]]]]}},{"type":"Feature","properties":{"tip":"brownfield","nume":null,"ha":0.07},"geometry":{"type":"MultiPolygon","coordinates":[[[[28.948088,46.976594],[28.947773,46.976578],[28.94776,46.976323],[28.948071,46.976346],[28.948088,46.976594]]]]}},{"type":"Feature","properties":{"tip":"brownfield","nume":null,"ha":0.03},"geometry":{"type":"MultiPolygon","coordinates":[[[[28.948248,46.976602],[28.948088,46.976594],[28.948071,46.976346],[28.948227,46.976358],[28.948248,46.976602]]]]}},{"type":"Feature","properties":{"tip":"grass","nume":null,"ha":0.05},"geometry":{"type":"MultiPolygon","coordinates":[[[[28.947472,46.976598],[28.947476,46.976576],[28.947773,46.976578],[28.948088,46.976594],[28.948248,46.976602],[28.948405,46.976608],[28.948699,46.976628],[28.948686,46.976697],[28.948127,46.976638],[28.947472,46.976598]]]]}},{"type":"Feature","properties":{"tip":"grass","nume":null,"ha":0.02},"geometry":{"type":"MultiPolygon","coordinates":[[[[28.947787,46.97669],[28.947482,46.976694],[28.947478,46.976656],[28.947781,46.976657],[28.9483,46.976708],[28.948316,46.976747],[28.94828,46.976732],[28.947856,46.9767],[28.947787,46.97669]]]]}},{"type":"Feature","properties":{"tip":"grass","nume":null,"ha":0.05},"geometry":{"type":"MultiPolygon","coordinates":[[[[28.947358,46.976695],[28.947347,46.976727],[28.946887,46.976798],[28.946447,46.976991],[28.946448,46.977065],[28.946379,46.977009],[28.946557,46.976889],[28.946696,46.976816],[28.946839,46.976761],[28.946942,46.976723],[28.947113,46.976689],[28.947311,46.976671],[28.947358,46.976695]]]]}},{"type":"Feature","properties":{"tip":"grass","nume":null,"ha":0.04},"geometry":{"type":"MultiPolygon","coordinates":[[[[28.946342,46.977094],[28.94634,46.977136],[28.946263,46.97712],[28.945837,46.977378],[28.945378,46.977633],[28.945415,46.977748],[28.945386,46.977753],[28.94532,46.977655],[28.946106,46.977156],[28.946273,46.97707],[28.946308,46.977078],[28.946342,46.977094]]]]}},{"type":"Feature","properties":{"tip":"grass","nume":null,"ha":0.07},"geometry":{"type":"MultiPolygon","coordinates":[[[[28.944449,46.97844],[28.944441,46.978347],[28.944725,46.978343],[28.945037,46.978329],[28.945353,46.97831],[28.94539,46.978285],[28.945424,46.978282],[28.945439,46.978419],[28.9454,46.978422],[28.945369,46.9784],[28.944943,46.978422],[28.94448,46.978419],[28.944449,46.97844]]]]}},{"type":"Feature","properties":{"tip":"grass","nume":null,"ha":0.06},"geometry":{"type":"MultiPolygon","coordinates":[[[[28.945546,46.978384],[28.945533,46.978312],[28.946447,46.978253],[28.946457,46.978335],[28.945546,46.978384]]]]}},{"type":"Feature","properties":{"tip":"grass","nume":null,"ha":0.06},"geometry":{"type":"MultiPolygon","coordinates":[[[[28.946651,46.978311],[28.946597,46.978362],[28.946581,46.978246],[28.947517,46.978188],[28.947529,46.978295],[28.947503,46.978293],[28.94748,46.978271],[28.947031,46.978291],[28.946651,46.978311]]]]}},{"type":"Feature","properties":{"tip":"religious","nume":null,"ha":0.08},"geometry":{"type":"MultiPolygon","coordinates":[[[[28.942591,46.985491],[28.94256,46.985499],[28.942543,46.985469],[28.942433,46.985279],[28.942552,46.985233],[28.942639,46.985366],[28.942698,46.985356],[28.942819,46.985316],[28.942853,46.98528],[28.942931,46.985254],[28.942962,46.985254],[28.943048,46.985223],[28.943086,46.985281],[28.943078,46.985419],[28.943008,46.985446],[28.94298,46.985415],[28.942773,46.98546],[28.942745,46.985449],[28.942591,46.985491]]]]}},{"type":"Feature","properties":{"tip":"commercial","nume":null,"ha":0.04},"geometry":{"type":"MultiPolygon","coordinates":[[[[28.945385,46.990536],[28.945387,46.990524],[28.945811,46.99056],[28.945792,46.990681],[28.945446,46.990642],[28.945385,46.990601],[28.945385,46.990536]]]]}},{"type":"Feature","properties":{"tip":"grass","nume":null,"ha":0.0},"geometry":{"type":"MultiPolygon","coordinates":[[[[28.945446,46.990642],[28.945792,46.990681],[28.945788,46.990714],[28.945446,46.990642]]]]}},{"type":"Feature","properties":{"tip":"grass","nume":null,"ha":0.02},"geometry":{"type":"MultiPolygon","coordinates":[[[[28.946895,46.990765],[28.946889,46.990727],[28.947102,46.990739],[28.947107,46.990676],[28.94718,46.990688],[28.947249,46.990653],[28.947247,46.990772],[28.946895,46.990765]]]]}},{"type":"Feature","properties":{"tip":"grass","nume":null,"ha":0.01},"geometry":{"type":"MultiPolygon","coordinates":[[[[28.946312,46.990821],[28.946312,46.990838],[28.946316,46.990861],[28.946105,46.99086],[28.946106,46.990843],[28.946127,46.990822],[28.946312,46.990821]]]]}},{"type":"Feature","properties":{"tip":"grass","nume":null,"ha":0.02},"geometry":{"type":"MultiPolygon","coordinates":[[[[28.945192,46.990571],[28.944733,46.990451],[28.944762,46.990445],[28.94492,46.990474],[28.945196,46.990506],[28.945199,46.990462],[28.945238,46.990462],[28.945226,46.990546],[28.945192,46.990571]]]]}},{"type":"Feature","properties":{"tip":"grass","nume":null,"ha":0.04},"geometry":{"type":"MultiPolygon","coordinates":[[[[28.942925,46.9899],[28.942961,46.98987],[28.943258,46.990034],[28.94332,46.989954],[28.943507,46.990084],[28.943671,46.990168],[28.943672,46.990198],[28.943495,46.990149],[28.943249,46.99005],[28.942925,46.9899]]]]}},{"type":"Feature","properties":{"tip":"grass","nume":null,"ha":0.01},"geometry":{"type":"MultiPolygon","coordinates":[[[[28.943739,46.990173],[28.943875,46.99019],[28.943858,46.990244],[28.943733,46.990212],[28.943739,46.990173]]]]}},{"type":"Feature","properties":{"tip":"grass","nume":null,"ha":0.0},"geometry":{"type":"MultiPolygon","coordinates":[[[[28.944192,46.990318],[28.944109,46.990292],[28.944165,46.990282],[28.944222,46.990253],[28.944209,46.990307],[28.944192,46.990318]]]]}},{"type":"Feature","properties":{"tip":"grass","nume":null,"ha":0.02},"geometry":{"type":"MultiPolygon","coordinates":[[[[28.942493,46.989642],[28.942598,46.989588],[28.942505,46.989672],[28.942791,46.989817],[28.942914,46.989758],[28.943019,46.989675],[28.942879,46.989829],[28.942832,46.989857],[28.94279,46.989858],[28.942433,46.989688],[28.942493,46.989642]]]]}},{"type":"Feature","properties":{"tip":"grass","nume":null,"ha":0.02},"geometry":{"type":"MultiPolygon","coordinates":[[[[28.942553,46.989543],[28.942583,46.989556],[28.942405,46.989667],[28.942105,46.989469],[28.942186,46.989407],[28.942205,46.989415],[28.942199,46.989433],[28.942162,46.98946],[28.942428,46.989641],[28.942553,46.989543]]]]}},{"type":"Feature","properties":{"tip":"grass","nume":null,"ha":0.02},"geometry":{"type":"MultiPolygon","coordinates":[[[[28.942085,46.98936],[28.942118,46.989373],[28.942046,46.989435],[28.941823,46.989275],[28.941951,46.989158],[28.941956,46.989171],[28.941888,46.989241],[28.942099,46.989341],[28.942085,46.98936]]]]}},{"type":"Feature","properties":{"tip":"grass","nume":null,"ha":0.08},"geometry":{"type":"MultiPolygon","coordinates":[[[[28.941605,46.989006],[28.941876,46.989127],[28.941767,46.989235],[28.941707,46.98919],[28.941508,46.989061],[28.941368,46.989001],[28.941282,46.988965],[28.941018,46.988894],[28.94102,46.98886],[28.941103,46.988733],[28.941116,46.988771],[28.941605,46.989006]]]]}},{"type":"Feature","properties":{"tip":"grass","nume":null,"ha":0.02},"geometry":{"type":"MultiPolygon","coordinates":[[[[28.941517,46.989182],[28.941507,46.989209],[28.941464,46.989169],[28.941131,46.98901],[28.940898,46.988944],[28.940845,46.988942],[28.940871,46.988925],[28.940907,46.988918],[28.941173,46.988999],[28.941508,46.989148],[28.941517,46.989182]]]]}},{"type":"Feature","properties":{"tip":"grass","nume":null,"ha":0.06},"geometry":{"type":"MultiPolygon","coordinates":[[[[28.940626,46.988541],[28.941024,46.988725],[28.94093,46.988852],[28.940865,46.988832],[28.940721,46.988771],[28.940494,46.98868],[28.940626,46.988541]]]]}},{"type":"Feature","properties":{"tip":"commercial","nume":null,"ha":0.05},"geometry":{"type":"MultiPolygon","coordinates":[[[[28.933747,46.985554],[28.933814,46.985447],[28.93424,46.98563],[28.934168,46.985725],[28.933747,46.985554]]]]}},{"type":"Feature","properties":{"tip":"grass","nume":null,"ha":0.02},"geometry":{"type":"MultiPolygon","coordinates":[[[[28.931947,46.984662],[28.932109,46.984726],[28.932004,46.984814],[28.931834,46.98473],[28.931913,46.984621],[28.931959,46.984636],[28.931947,46.984662]]]]}},{"type":"Feature","properties":{"tip":"construction","nume":null,"ha":0.14},"geometry":{"type":"MultiPolygon","coordinates":[[[[28.93281,46.985883],[28.932534,46.985773],[28.932845,46.985299],[28.933098,46.985407],[28.9331,46.985437],[28.93281,46.985883]]]]}},{"type":"Feature","properties":{"tip":"grass","nume":null,"ha":0.06},"geometry":{"type":"MultiPolygon","coordinates":[[[[28.931855,46.985986],[28.931736,46.98596],[28.931779,46.985932],[28.931576,46.985436],[28.931481,46.985206],[28.931552,46.985224],[28.931912,46.985972],[28.931855,46.985986]]]]}},{"type":"Feature","properties":{"tip":"grass","nume":null,"ha":0.03},"geometry":{"type":"MultiPolygon","coordinates":[[[[28.932106,46.98641],[28.931935,46.986377],[28.93198,46.986357],[28.931857,46.986093],[28.931806,46.98606],[28.931948,46.986079],[28.932106,46.98641]]]]}},{"type":"Feature","properties":{"tip":"grass","nume":null,"ha":0.07},"geometry":{"type":"MultiPolygon","coordinates":[[[[28.932296,46.987064],[28.932235,46.987041],[28.932262,46.987021],[28.93201,46.986459],[28.931957,46.986425],[28.932127,46.98646],[28.932374,46.987012],[28.932327,46.987022],[28.932436,46.987273],[28.932399,46.987294],[28.932296,46.987064]]]]}},{"type":"Feature","properties":{"tip":"grass","nume":null,"ha":0.01},"geometry":{"type":"MultiPolygon","coordinates":[[[[28.933118,46.98832],[28.93325,46.988278],[28.93326,46.988305],[28.933229,46.988408],[28.933175,46.988437],[28.933118,46.98832]]]]}},{"type":"Feature","properties":{"tip":"grass","nume":null,"ha":0.07},"geometry":{"type":"MultiPolygon","coordinates":[[[[28.933238,46.98916],[28.933172,46.989014],[28.933042,46.988726],[28.932737,46.988654],[28.932755,46.988616],[28.932913,46.988651],[28.932969,46.988639],[28.93312,46.988609],[28.933367,46.989128],[28.933238,46.98916]]]]}},{"type":"Feature","properties":{"tip":"grass","nume":null,"ha":0.04},"geometry":{"type":"MultiPolygon","coordinates":[[[[28.933584,46.989783],[28.933343,46.989216],[28.93341,46.989198],[28.933663,46.989763],[28.933584,46.989783]]]]}},{"type":"Feature","properties":{"tip":"grass","nume":null,"ha":0.14},"geometry":{"type":"MultiPolygon","coordinates":[[[[28.934126,46.990923],[28.933917,46.990975],[28.93396,46.990931],[28.933842,46.990477],[28.933568,46.989877],[28.933699,46.98984],[28.934006,46.990549],[28.934126,46.990923]]]]}},{"type":"Feature","properties":{"tip":"grass","nume":null,"ha":0.05},"geometry":{"type":"MultiPolygon","coordinates":[[[[28.934212,46.992034],[28.934185,46.991929],[28.93422,46.991922],[28.934158,46.991688],[28.934088,46.991663],[28.934285,46.991627],[28.934386,46.992001],[28.934212,46.992034]]]]}},{"type":"Feature","properties":{"tip":"grass","nume":null,"ha":0.07},"geometry":{"type":"MultiPolygon","coordinates":[[[[28.934268,46.99155],[28.934075,46.991588],[28.934126,46.991536],[28.934,46.991073],[28.933936,46.991052],[28.934139,46.991011],[28.934268,46.99155]]]]}},{"type":"Feature","properties":{"tip":"grass","nume":null,"ha":0.06},"geometry":{"type":"MultiPolygon","coordinates":[[[[28.934297,46.992286],[28.934223,46.992094],[28.934406,46.992054],[28.934486,46.992382],[28.934442,46.992411],[28.934369,46.992423],[28.934359,46.992411],[28.9343,46.992418],[28.934192,46.992458],[28.934297,46.992286]]]]}},{"type":"Feature","properties":{"tip":"forest","nume":null,"ha":0.37},"geometry":{"type":"MultiPolygon","coordinates":[[[[28.936205,46.999798],[28.936308,46.999844],[28.935444,47.000651],[28.935094,47.000882],[28.934159,47.000493],[28.934154,47.000488],[28.934015,47.000369],[28.932262,46.999683],[28.932331,46.999579],[28.935063,47.000775],[28.935815,47.000173],[28.936205,46.999798]]]]}},{"type":"Feature","properties":{"tip":"grass","nume":null,"ha":0.08},"geometry":{"type":"MultiPolygon","coordinates":[[[[28.935228,46.995803],[28.935116,46.995788],[28.935064,46.995279],[28.935226,46.99526],[28.935278,46.995421],[28.93529,46.995568],[28.935228,46.995803]]]]}},{"type":"Feature","properties":{"tip":"commercial","nume":null,"ha":0.07},"geometry":{"type":"MultiPolygon","coordinates":[[[[28.935554,46.994892],[28.935475,46.995201],[28.935344,46.995173],[28.935282,46.99513],[28.935206,46.994849],[28.935554,46.994892]]]]}},{"type":"Feature","properties":{"tip":"commercial","nume":null,"ha":0.04},"geometry":{"type":"MultiPolygon","coordinates":[[[[28.934937,46.993009],[28.935081,46.993013],[28.935042,46.993212],[28.9348,46.993193],[28.934759,46.993035],[28.934804,46.993025],[28.934937,46.993009]]]]}},{"type":"Feature","properties":{"tip":"industrial","nume":null,"ha":0.08},"geometry":{"type":"MultiPolygon","coordinates":[[[[28.935191,46.993452],[28.934859,46.993421],[28.9348,46.993193],[28.935042,46.993212],[28.935268,46.993242],[28.935191,46.993452]]]]}},{"type":"Feature","properties":{"tip":"brownfield","nume":null,"ha":0.09},"geometry":{"type":"MultiPolygon","coordinates":[[[[28.935437,46.993478],[28.935191,46.993452],[28.935268,46.993242],[28.935343,46.993021],[28.935519,46.993026],[28.935553,46.993051],[28.935437,46.993478]]]]}},{"type":"Feature","properties":{"tip":"grass","nume":null,"ha":0.05},"geometry":{"type":"MultiPolygon","coordinates":[[[[28.936803,46.993526],[28.936529,46.993474],[28.936569,46.993369],[28.937112,46.993504],[28.937073,46.993579],[28.936803,46.993526]]]]}},{"type":"Feature","properties":{"tip":"brownfield","nume":null,"ha":0.27},"geometry":{"type":"MultiPolygon","coordinates":[[[[28.936147,46.994746],[28.935725,46.994693],[28.935914,46.994007],[28.93629,46.994082],[28.93639,46.994102],[28.936147,46.994746]]]]}},{"type":"Feature","properties":{"tip":"brownfield","nume":null,"ha":0.07},"geometry":{"type":"MultiPolygon","coordinates":[[[[28.93629,46.994082],[28.936408,46.993773],[28.936681,46.993825],[28.936547,46.994134],[28.93639,46.994102],[28.93629,46.994082]]]]}},{"type":"Feature","properties":{"tip":"grass","nume":null,"ha":0.01},"geometry":{"type":"MultiPolygon","coordinates":[[[[28.936389,46.986613],[28.936451,46.986644],[28.936282,46.986801],[28.936219,46.98677],[28.936389,46.986613]]]]}},{"type":"Feature","properties":{"tip":"brownfield","nume":null,"ha":1.23},"geometry":{"type":"MultiPolygon","coordinates":[[[[28.934154,46.992312],[28.934297,46.992286],[28.934192,46.992458],[28.93409,46.992567],[28.933941,46.992599],[28.933034,46.992764],[28.932966,46.992775],[28.933026,46.993035],[28.933273,46.993242],[28.933564,46.993486],[28.933493,46.993533],[28.93271,46.993298],[28.931899,46.992978],[28.932018,46.992484],[28.93209,46.992532],[28.93245,46.992468],[28.932425,46.992314],[28.932522,46.992314],[28.932527,46.992235],[28.933353,46.992083],[28.933357,46.992219],[28.933334,46.992224],[28.933422,46.992446],[28.933568,46.992419],[28.93371,46.992393],[28.933859,46.992366],[28.934007,46.992339],[28.934154,46.992312]]]]}},{"type":"Feature","properties":{"tip":"commercial","nume":null,"ha":0.03},"geometry":{"type":"MultiPolygon","coordinates":[[[[28.934628,46.996217],[28.934717,46.996255],[28.934798,46.996289],[28.934737,46.996356],[28.9347,46.996356],[28.934643,46.996332],[28.934412,46.996234],[28.934483,46.996156],[28.934628,46.996217]]]]}},{"type":"Feature","properties":{"tip":"religious","nume":null,"ha":0.23},"geometry":{"type":"MultiPolygon","coordinates":[[[[28.933795,46.998781],[28.933466,46.999143],[28.932937,46.998911],[28.932908,46.998901],[28.933019,46.998743],[28.93307,46.998687],[28.933131,46.998648],[28.933219,46.998615],[28.933329,46.99861],[28.933424,46.998624],[28.933795,46.998781]]]]}},{"type":"Feature","properties":{"tip":"brownfield","nume":null,"ha":0.55},"geometry":{"type":"MultiPolygon","coordinates":[[[[28.933466,46.999143],[28.933795,46.998781],[28.935073,46.999321],[28.934732,46.999698],[28.933466,46.999143]]]]}},{"type":"Feature","properties":{"tip":"brownfield","nume":null,"ha":0.06},"geometry":{"type":"MultiPolygon","coordinates":[[[[28.934665,46.998997],[28.934331,46.998859],[28.934469,46.998703],[28.934803,46.998841],[28.934665,46.998997]]]]}},{"type":"Feature","properties":{"tip":"commercial","nume":null,"ha":0.02},"geometry":{"type":"MultiPolygon","coordinates":[[[[28.934356,46.998657],[28.934469,46.998703],[28.934331,46.998859],[28.934213,46.998811],[28.934356,46.998657]]]]}},{"type":"Feature","properties":{"tip":"brownfield","nume":null,"ha":0.06},"geometry":{"type":"MultiPolygon","coordinates":[[[[28.934975,46.998922],[28.935296,46.999057],[28.935157,46.999211],[28.934836,46.999077],[28.934975,46.998922]]]]}},{"type":"Feature","properties":{"tip":"construction","nume":null,"ha":0.07},"geometry":{"type":"MultiPolygon","coordinates":[[[[28.935157,46.999211],[28.935296,46.999057],[28.935668,46.999213],[28.93553,46.999367],[28.935157,46.999211]]]]}},{"type":"Feature","properties":{"tip":"brownfield","nume":null,"ha":0.07},"geometry":{"type":"MultiPolygon","coordinates":[[[[28.935668,46.999213],[28.935296,46.999057],[28.935434,46.998903],[28.935807,46.999059],[28.935668,46.999213]]]]}},{"type":"Feature","properties":{"tip":"brownfield","nume":null,"ha":0.42},"geometry":{"type":"MultiPolygon","coordinates":[[[[28.934904,46.999774],[28.935249,46.999398],[28.936205,46.999798],[28.935815,47.000173],[28.934904,46.999774]]]]}},{"type":"Feature","properties":{"tip":"grass","nume":null,"ha":0.0},"geometry":{"type":"MultiPolygon","coordinates":[[[[28.93234,46.986602],[28.932316,46.986541],[28.93234,46.986542],[28.932374,46.986553],[28.93234,46.986602]]]]}},{"type":"Feature","properties":{"tip":"commercial","nume":null,"ha":0.14},"geometry":{"type":"MultiPolygon","coordinates":[[[[28.931736,46.98596],[28.931222,46.985837],[28.931439,46.985464],[28.931576,46.985436],[28.931779,46.985932],[28.931736,46.98596]]]]}},{"type":"Feature","properties":{"tip":"grass","nume":null,"ha":0.0},"geometry":{"type":"MultiPolygon","coordinates":[[[[28.936448,46.98686],[28.936438,46.986878],[28.936377,46.986851],[28.936409,46.986815],[28.936429,46.986824],[28.936448,46.98686]]]]}},{"type":"Feature","properties":{"tip":"religious","nume":null,"ha":0.14},"geometry":{"type":"MultiPolygon","coordinates":[[[[28.94479,46.992781],[28.944734,46.992739],[28.944752,46.992588],[28.945267,46.992618],[28.945198,46.993088],[28.944809,46.992795],[28.94479,46.992781]]]]}},{"type":"Feature","properties":{"tip":"grass","nume":null,"ha":0.02},"geometry":{"type":"MultiPolygon","coordinates":[[[[28.944809,46.992795],[28.945198,46.993088],[28.945191,46.993139],[28.944801,46.992836],[28.944809,46.992795]]]]}},{"type":"Feature","properties":{"tip":"meadow","nume":null,"ha":0.5},"geometry":{"type":"MultiPolygon","coordinates":[[[[28.952486,46.999209],[28.952257,46.999372],[28.952257,46.999372],[28.951556,46.99933],[28.951397,46.999321],[28.950248,46.999089],[28.949928,46.999022],[28.949674,46.998974],[28.94932,46.998903],[28.948946,46.998828],[28.948304,46.998701],[28.947584,46.998559],[28.947227,46.998499],[28.94651,46.998377],[28.946492,46.998374],[28.946095,46.9983],[28.946109,46.998213],[28.946415,46.998249],[28.946552,46.998255],[28.946778,46.998327],[28.948403,46.998638],[28.949853,46.998888],[28.949959,46.998922],[28.950092,46.998978],[28.951414,46.999244],[28.951758,46.999294],[28.952029,46.999269],[28.95225,46.999206],[28.952313,46.999151],[28.952388,46.99913],[28.952453,46.999176],[28.952486,46.999209]]]]}},{"type":"Feature","properties":{"tip":"grass","nume":null,"ha":0.05},"geometry":{"type":"MultiPolygon","coordinates":[[[[28.949938,46.995907],[28.949886,46.995784],[28.949991,46.995781],[28.950048,46.995872],[28.950529,46.996642],[28.950351,46.996428],[28.949938,46.995907]]]]}},{"type":"Feature","properties":{"tip":"industrial","nume":null,"ha":0.27},"geometry":{"type":"MultiPolygon","coordinates":[[[[28.940979,46.99677],[28.940972,46.996778],[28.940955,46.996771],[28.940885,46.996864],[28.940346,46.996678],[28.94027,46.996753],[28.940155,46.996866],[28.939948,46.997028],[28.93957,46.997284],[28.939543,46.997281],[28.940017,46.996477],[28.940044,46.996431],[28.940077,46.996443],[28.94011,46.996455],[28.940432,46.996572],[28.940979,46.99677]]]]}},{"type":"Feature","properties":{"tip":"grass","nume":null,"ha":0.03},"geometry":{"type":"MultiPolygon","coordinates":[[[[28.940432,46.996572],[28.94011,46.996455],[28.940167,46.996429],[28.940257,46.996446],[28.940998,46.996749],[28.940979,46.99677],[28.940432,46.996572]]]]}},{"type":"Feature","properties":{"tip":"forest","nume":null,"ha":0.01},"geometry":{"type":"MultiPolygon","coordinates":[[[[28.93957,46.997284],[28.939948,46.997028],[28.939636,46.997272],[28.939598,46.997302],[28.93957,46.997284]]]]}},{"type":"Feature","properties":{"tip":"meadow","nume":null,"ha":0.0},"geometry":{"type":"MultiPolygon","coordinates":[[[[28.93949,46.997389],[28.939435,46.997432],[28.939571,46.997284],[28.939598,46.997302],[28.939493,46.997383],[28.93949,46.997389]]],[[[28.938414,46.998046],[28.938098,46.99827],[28.938099,46.998269],[28.938415,46.998041],[28.938474,46.998004],[28.938414,46.998046]]],[[[28.938098,46.99827],[28.938092,46.998275],[28.938095,46.998272],[28.938098,46.99827]]]]}},{"type":"Feature","properties":{"tip":"grass","nume":null,"ha":0.1},"geometry":{"type":"MultiPolygon","coordinates":[[[[28.937368,46.99876],[28.937432,46.998791],[28.936992,46.999205],[28.936308,46.999844],[28.936205,46.999798],[28.936299,46.999784],[28.936398,46.999709],[28.93732,46.998737],[28.937368,46.99876]]]]}},{"type":"Feature","properties":{"tip":"construction","nume":"Complex rezidențial (în construcție)","ha":0.79},"geometry":{"type":"MultiPolygon","coordinates":[[[[28.93957,46.997284],[28.939435,46.997432],[28.939413,46.99745],[28.938749,46.997196],[28.939248,46.996137],[28.939629,46.996269],[28.939656,46.996278],[28.939686,46.996288],[28.939892,46.99636],[28.940017,46.996477],[28.939543,46.997281],[28.93957,46.997284]]]]}},{"type":"Feature","properties":{"tip":"grass","nume":null,"ha":0.02},"geometry":{"type":"MultiPolygon","coordinates":[[[[28.939972,46.996339],[28.940044,46.996431],[28.940017,46.996477],[28.939892,46.99636],[28.939686,46.996288],[28.939702,46.996254],[28.939972,46.996339]]]]}},{"type":"Feature","properties":{"tip":"grass","nume":null,"ha":0.01},"geometry":{"type":"MultiPolygon","coordinates":[[[[28.939619,46.996231],[28.939629,46.996269],[28.939248,46.996137],[28.939258,46.996122],[28.939619,46.996231]]]]}},{"type":"Feature","properties":{"tip":"brownfield","nume":null,"ha":0.05},"geometry":{"type":"MultiPolygon","coordinates":[[[[28.938099,46.998269],[28.938092,46.998275],[28.937839,46.998492],[28.937684,46.998418],[28.937902,46.998181],[28.938099,46.998269]]]]}},{"type":"Feature","properties":{"tip":"brownfield","nume":null,"ha":0.08},"geometry":{"type":"MultiPolygon","coordinates":[[[[28.938549,46.997428],[28.939018,46.997635],[28.938869,46.997768],[28.938779,46.99773],[28.938775,46.997733],[28.938437,46.997585],[28.938549,46.997428]]]]}},{"type":"Feature","properties":{"tip":"forest","nume":null,"ha":1.72},"geometry":{"type":"MultiPolygon","coordinates":[[[[28.948233,46.952446],[28.948492,46.95213],[28.948957,46.952215],[28.949281,46.952376],[28.94933,46.952534],[28.949523,46.952705],[28.949447,46.95279],[28.949625,46.953117],[28.950017,46.953323],[28.95004,46.953407],[28.950173,46.953888],[28.950026,46.953886],[28.949896,46.953906],[28.94981,46.953961],[28.949727,46.95409],[28.949631,46.954141],[28.949537,46.95414],[28.949426,46.954083],[28.949317,46.953966],[28.949207,46.953711],[28.948808,46.953179],[28.948675,46.953032],[28.948536,46.952932],[28.947974,46.952785],[28.947835,46.952769],[28.947576,46.952705],[28.947915,46.952307],[28.948233,46.952446]]]]}},{"type":"Feature","properties":{"tip":"brownfield","nume":null,"ha":0.1},"geometry":{"type":"MultiPolygon","coordinates":[[[[28.947915,46.952307],[28.948108,46.95206],[28.948492,46.95213],[28.948233,46.952446],[28.947915,46.952307]]]]}},{"type":"Feature","properties":{"tip":"brownfield","nume":null,"ha":0.46},"geometry":{"type":"MultiPolygon","coordinates":[[[[28.947542,46.951957],[28.948036,46.952047],[28.947498,46.952686],[28.947351,46.952623],[28.946786,46.952334],[28.947255,46.951856],[28.947542,46.951957]]]]}},{"type":"Feature","properties":{"tip":"brownfield","nume":null,"ha":0.31},"geometry":{"type":"MultiPolygon","coordinates":[[[[28.94711,46.951874],[28.946833,46.952171],[28.946494,46.952027],[28.946351,46.952169],[28.946024,46.9521],[28.946668,46.95139],[28.94676,46.951436],[28.946695,46.951616],[28.946766,46.951756],[28.946997,46.951875],[28.94711,46.951874]]]]}},{"type":"Feature","properties":{"tip":"brownfield","nume":null,"ha":0.99},"geometry":{"type":"MultiPolygon","coordinates":[[[[28.945914,46.950023],[28.945998,46.94992],[28.946324,46.950061],[28.946607,46.950243],[28.945839,46.950955],[28.945114,46.951848],[28.944758,46.951694],[28.944774,46.951636],[28.944763,46.951529],[28.945914,46.950023]]]]}},{"type":"Feature","properties":{"tip":"brownfield","nume":null,"ha":1.11},"geometry":{"type":"MultiPolygon","coordinates":[[[[28.946961,46.950826],[28.947063,46.950859],[28.946992,46.95093],[28.946615,46.950772],[28.946496,46.9509],[28.946869,46.95106],[28.945935,46.952081],[28.945213,46.95187],[28.945916,46.950983],[28.946662,46.950278],[28.946903,46.950521],[28.946961,46.950826]]]]}},{"type":"Feature","properties":{"tip":"brownfield","nume":null,"ha":0.24},"geometry":{"type":"MultiPolygon","coordinates":[[[[28.950634,46.953921],[28.950173,46.953888],[28.95004,46.953407],[28.950553,46.953334],[28.950686,46.953787],[28.950634,46.953921]]]]}},{"type":"Feature","properties":{"tip":"farmland","nume":null,"ha":0.33},"geometry":{"type":"MultiPolygon","coordinates":[[[[28.945466,46.947513],[28.945513,46.947533],[28.945432,46.947622],[28.945163,46.947916],[28.944988,46.948102],[28.944671,46.947923],[28.945386,46.947102],[28.945661,46.947175],[28.945466,46.947513]]]]}},{"type":"Feature","properties":{"tip":"grass","nume":null,"ha":0.0},"geometry":{"type":"MultiPolygon","coordinates":[[[[28.943666,46.951098],[28.943611,46.951097],[28.943639,46.951073],[28.943666,46.951098]]]]}},{"type":"Feature","properties":{"tip":"grass","nume":null,"ha":0.07},"geometry":{"type":"MultiPolygon","coordinates":[[[[28.949734,46.944435],[28.949787,46.944376],[28.950115,46.943952],[28.950321,46.943741],[28.950784,46.943287],[28.950782,46.943341],[28.95048,46.943629],[28.950363,46.94376],[28.950178,46.943988],[28.949869,46.944382],[28.949773,46.94446],[28.949734,46.944435]]]]}},{"type":"Feature","properties":{"tip":"grass","nume":null,"ha":0.01},"geometry":{"type":"MultiPolygon","coordinates":[[[[28.950924,46.94334],[28.950957,46.943216],[28.951096,46.943289],[28.950924,46.94334]]]]}},{"type":"Feature","properties":{"tip":"grass","nume":null,"ha":0.0},"geometry":{"type":"MultiPolygon","coordinates":[[[[28.950357,46.943833],[28.950361,46.943823],[28.95037,46.943815],[28.950382,46.943809],[28.950397,46.943806],[28.95041,46.943806],[28.950423,46.94381],[28.950434,46.943816],[28.950441,46.943824],[28.950444,46.943833],[28.950443,46.943842],[28.950438,46.943851],[28.950429,46.943858],[28.950417,46.943863],[28.950404,46.943865],[28.95039,46.943864],[28.950376,46.94386],[28.950365,46.943853],[28.950359,46.943843],[28.950357,46.943833]]]]}},{"type":"Feature","properties":{"tip":"brownfield","nume":null,"ha":0.08},"geometry":{"type":"MultiPolygon","coordinates":[[[[28.946187,46.947745],[28.94634,46.947813],[28.946149,46.948004],[28.946006,46.947946],[28.945818,46.947898],[28.94599,46.947675],[28.94616,46.94775],[28.946187,46.947745]]]]}},{"type":"Feature","properties":{"tip":"farmland","nume":null,"ha":0.41},"geometry":{"type":"MultiPolygon","coordinates":[[[[28.945818,46.947898],[28.946006,46.947946],[28.945858,46.94816],[28.945642,46.948348],[28.945495,46.948313],[28.945358,46.94828],[28.944988,46.948102],[28.945163,46.947916],[28.945432,46.947622],[28.945513,46.947533],[28.94599,46.947675],[28.945818,46.947898]]]]}},{"type":"Feature","properties":{"tip":"forest","nume":null,"ha":0.4},"geometry":{"type":"MultiPolygon","coordinates":[[[[28.946006,46.947946],[28.946149,46.948004],[28.946187,46.948016],[28.945523,46.948745],[28.945462,46.948707],[28.945206,46.948566],[28.945352,46.948409],[28.945219,46.948351],[28.944965,46.948624],[28.945098,46.948682],[28.945129,46.948709],[28.945052,46.948793],[28.944775,46.948654],[28.94457,46.948617],[28.944988,46.948102],[28.945358,46.94828],[28.945495,46.948313],[28.945642,46.948348],[28.945858,46.94816],[28.946006,46.947946]]]]}},{"type":"Feature","properties":{"tip":"commercial","nume":null,"ha":0.03},"geometry":{"type":"MultiPolygon","coordinates":[[[[28.936599,46.963164],[28.936782,46.963284],[28.936622,46.963399],[28.936444,46.963284],[28.936599,46.963164]]]]}},{"type":"Feature","properties":{"tip":"industrial","nume":"Stație de reglare gaze din satul Bîc","ha":0.13},"geometry":{"type":"MultiPolygon","coordinates":[[[[28.926267,46.96766],[28.926493,46.967808],[28.926247,46.967995],[28.926216,46.968013],[28.926002,46.968141],[28.925779,46.96799],[28.926267,46.96766]]]]}},{"type":"Feature","properties":{"tip":"grass","nume":null,"ha":0.04},"geometry":{"type":"MultiPolygon","coordinates":[[[[28.926149,46.968303],[28.926046,46.968243],[28.926777,46.967701],[28.926149,46.968303]]]]}},{"type":"Feature","properties":{"tip":"forest","nume":null,"ha":1.62},"geometry":{"type":"MultiPolygon","coordinates":[[[[28.960476,46.977759],[28.960581,46.977774],[28.961822,46.983344],[28.961872,46.983407],[28.96201,46.983447],[28.967537,46.984694],[28.967702,46.984687],[28.968031,46.984603],[28.970348,46.9839],[28.970366,46.983847],[28.971841,46.979424],[28.971929,46.979436],[28.970449,46.983944],[28.96804,46.984684],[28.967738,46.984778],[28.96756,46.984794],[28.96195,46.983532],[28.961781,46.983472],[28.961703,46.983401],[28.960476,46.977759]]]]}},{"type":"Feature","properties":{"tip":"farmland","nume":null,"ha":45.41},"geometry":{"type":"MultiPolygon","coordinates":[[[[28.965816,46.978567],[28.971841,46.979424],[28.970366,46.983847],[28.967776,46.984618],[28.967641,46.984637],[28.967513,46.98464],[28.961908,46.98336],[28.961822,46.983344],[28.960581,46.977774],[28.963865,46.978243],[28.965816,46.978567]]]]}},{"type":"Feature","properties":{"tip":"farmland","nume":null,"ha":58.59},"geometry":{"type":"MultiPolygon","coordinates":[[[[28.955191,46.976984],[28.960476,46.977759],[28.961703,46.983401],[28.961781,46.983472],[28.96195,46.983532],[28.96756,46.984794],[28.967738,46.984778],[28.96804,46.984684],[28.970449,46.983944],[28.969314,46.987331],[28.967854,46.987749],[28.967506,46.987827],[28.967262,46.987799],[28.965839,46.987537],[28.957357,46.985701],[28.956163,46.9814],[28.95502,46.977105],[28.954947,46.976959],[28.955191,46.976984]]]]}},{"type":"Feature","properties":{"tip":"meadow","nume":null,"ha":1.37},"geometry":{"type":"MultiPolygon","coordinates":[[[[28.974636,46.979714],[28.974613,46.979815],[28.974195,46.979756],[28.973005,46.979586],[28.972497,46.979514],[28.972013,46.979445],[28.971929,46.979436],[28.971841,46.979424],[28.965816,46.978567],[28.963865,46.978243],[28.960581,46.977774],[28.960476,46.977759],[28.955191,46.976984],[28.954947,46.976959],[28.954989,46.976894],[28.95525,46.976923],[28.956382,46.97709],[28.95919,46.977509],[28.960493,46.977682],[28.960629,46.977702],[28.962543,46.97798],[28.963947,46.978173],[28.965754,46.978468],[28.965881,46.978494],[28.969142,46.978941],[28.97188,46.979342],[28.972006,46.979358],[28.974636,46.979714]]]]}},{"type":"Feature","properties":{"tip":"farmyard","nume":"Fermă","ha":0.6},"geometry":{"type":"MultiPolygon","coordinates":[[[[28.974138,46.982917],[28.973146,46.983177],[28.973178,46.983078],[28.973053,46.983114],[28.973281,46.982293],[28.97338,46.982302],[28.974114,46.982366],[28.974199,46.982373],[28.974138,46.982917]]]]}},{"type":"Feature","properties":{"tip":"orchard","nume":null,"ha":1.69},"geometry":{"type":"MultiPolygon","coordinates":[[[[28.970555,46.983852],[28.974138,46.982917],[28.974729,46.982742],[28.974688,46.982859],[28.974519,46.98334],[28.970384,46.98433],[28.970555,46.983852]]]]}},{"type":"Feature","properties":{"tip":"vineyard","nume":null,"ha":1.83},"geometry":{"type":"MultiPolygon","coordinates":[[[[28.971153,46.983619],[28.970583,46.983779],[28.972013,46.979445],[28.972497,46.979514],[28.971153,46.983619]]]]}},{"type":"Feature","properties":{"tip":"farmland","nume":null,"ha":1.93},"geometry":{"type":"MultiPolygon","coordinates":[[[[28.971153,46.983619],[28.972497,46.979514],[28.973005,46.979586],[28.971819,46.983453],[28.971153,46.983619]]]]}},{"type":"Feature","properties":{"tip":"vineyard","nume":null,"ha":3.28},"geometry":{"type":"MultiPolygon","coordinates":[[[[28.972491,46.98329],[28.971819,46.983453],[28.973005,46.979586],[28.974195,46.979756],[28.973565,46.981723],[28.97338,46.982302],[28.973281,46.982293],[28.972831,46.98223],[28.972491,46.98329]]]]}},{"type":"Feature","properties":{"tip":"orchard","nume":null,"ha":0.4},"geometry":{"type":"MultiPolygon","coordinates":[[[[28.973038,46.983156],[28.972491,46.98329],[28.972831,46.98223],[28.973281,46.982293],[28.973053,46.983114],[28.973038,46.983156]]]]}},{"type":"Feature","properties":{"tip":"orchard","nume":null,"ha":2.08},"geometry":{"type":"MultiPolygon","coordinates":[[[[28.970128,46.985122],[28.974264,46.984037],[28.974002,46.984733],[28.969936,46.985741],[28.970128,46.985122]]]]}},{"type":"Feature","properties":{"tip":"farmyard","nume":"Fermă","ha":0.57},"geometry":{"type":"MultiPolygon","coordinates":[[[[28.974519,46.98334],[28.974688,46.982859],[28.9756,46.982982],[28.975367,46.983688],[28.974446,46.983566],[28.974519,46.98334]]]]}},{"type":"Feature","properties":{"tip":"farmland","nume":null,"ha":9.32},"geometry":{"type":"MultiPolygon","coordinates":[[[[28.974002,46.984733],[28.974264,46.984037],[28.970128,46.985122],[28.970384,46.98433],[28.974519,46.98334],[28.974446,46.983566],[28.975367,46.983688],[28.974651,46.985933],[28.969454,46.987297],[28.969936,46.985741],[28.974002,46.984733]]]]}},{"type":"Feature","properties":{"tip":"orchard","nume":null,"ha":3.12},"geometry":{"type":"MultiPolygon","coordinates":[[[[28.97533,46.98574],[28.974651,46.985933],[28.975367,46.983688],[28.9756,46.982982],[28.976541,46.980109],[28.977183,46.9802],[28.97533,46.98574]]]]}},{"type":"Feature","properties":{"tip":"orchard","nume":null,"ha":0.36},"geometry":{"type":"MultiPolygon","coordinates":[[[[28.974114,46.982366],[28.97338,46.982302],[28.973565,46.981723],[28.974286,46.981793],[28.974114,46.982366]]]]}},{"type":"Feature","properties":{"tip":"farmland","nume":null,"ha":5.33},"geometry":{"type":"MultiPolygon","coordinates":[[[[28.974688,46.982859],[28.974729,46.982742],[28.974138,46.982917],[28.974199,46.982373],[28.974114,46.982366],[28.974286,46.981793],[28.973565,46.981723],[28.974195,46.979756],[28.974613,46.979815],[28.974846,46.979868],[28.976541,46.980109],[28.9756,46.982982],[28.974688,46.982859]]]]}},{"type":"Feature","properties":{"tip":"forest","nume":null,"ha":4.23},"geometry":{"type":"MultiPolygon","coordinates":[[[[28.984893,46.981613],[28.985166,46.981662],[28.984858,46.981795],[28.984054,46.982206],[28.983219,46.982626],[28.981907,46.983252],[28.980813,46.983797],[28.980421,46.983984],[28.980224,46.984098],[28.980103,46.984197],[28.979948,46.984353],[28.979857,46.984469],[28.979776,46.984532],[28.979672,46.984586],[28.979517,46.984646],[28.979297,46.984747],[28.979109,46.984852],[28.978857,46.985009],[28.978648,46.98514],[28.978528,46.985197],[28.978419,46.985233],[28.97829,46.985248],[28.977915,46.985253],[28.977697,46.985268],[28.977518,46.985305],[28.977197,46.985402],[28.976745,46.985547],[28.975924,46.985761],[28.975035,46.986004],[28.970808,46.987093],[28.969561,46.987432],[28.968793,46.987621],[28.968134,46.987787],[28.967797,46.9879],[28.967617,46.987982],[28.967506,46.987827],[28.967854,46.987749],[28.969314,46.987331],[28.969454,46.987297],[28.974651,46.985933],[28.97533,46.98574],[28.976743,46.985385],[28.976811,46.985262],[28.977226,46.985123],[28.977444,46.985123],[28.979896,46.983731],[28.980639,46.983398],[28.981485,46.983079],[28.98242,46.982668],[28.983994,46.981863],[28.984893,46.981613]]]]}},{"type":"Feature","properties":{"tip":"meadow","nume":null,"ha":1.32},"geometry":{"type":"MultiPolygon","coordinates":[[[[28.967506,46.987827],[28.967617,46.987982],[28.96748,46.988072],[28.967375,46.987973],[28.967284,46.987923],[28.967133,46.987913],[28.966849,46.988051],[28.966702,46.987991],[28.966826,46.987832],[28.963941,46.987256],[28.957432,46.985815],[28.95729,46.985789],[28.954055,46.985345],[28.953944,46.985328],[28.953928,46.985243],[28.957252,46.985674],[28.957357,46.985701],[28.965839,46.987537],[28.967262,46.987799],[28.967506,46.987827]]]]}},{"type":"Feature","properties":{"tip":"farmland","nume":null,"ha":2.62},"geometry":{"type":"MultiPolygon","coordinates":[[[[28.958026,46.995653],[28.95817,46.995311],[28.958651,46.995407],[28.959345,46.995495],[28.959583,46.995495],[28.959795,46.995457],[28.960084,46.995737],[28.960583,46.996022],[28.959647,46.997151],[28.957984,46.996539],[28.957969,46.996395],[28.958086,46.995996],[28.958071,46.995756],[28.958026,46.995653]]]]}},{"type":"Feature","properties":{"tip":"farmland","nume":null,"ha":8.5},"geometry":{"type":"MultiPolygon","coordinates":[[[[28.955039,46.995908],[28.955569,46.994593],[28.955876,46.994626],[28.958071,46.995291],[28.957938,46.995629],[28.957753,46.995722],[28.957431,46.996043],[28.957029,46.996741],[28.954129,46.999114],[28.953591,46.999641],[28.953511,46.999716],[28.953436,46.999719],[28.952486,46.999209],[28.952453,46.999176],[28.954016,46.997504],[28.954376,46.997025],[28.955039,46.995908]]]]}},{"type":"Feature","properties":{"tip":"meadow","nume":null,"ha":0.82},"geometry":{"type":"MultiPolygon","coordinates":[[[[28.965589,46.994095],[28.964023,46.993926],[28.964295,46.993824],[28.964564,46.993772],[28.965569,46.993769],[28.967356,46.993612],[28.967989,46.993437],[28.968075,46.993484],[28.967934,46.993495],[28.967647,46.993569],[28.967495,46.993686],[28.967404,46.9937],[28.967205,46.993918],[28.966335,46.994081],[28.965589,46.994095]]]]}},{"type":"Feature","properties":{"tip":"landfill","nume":"Groapa de gunoi a satului Humulești","ha":0.73},"geometry":{"type":"MultiPolygon","coordinates":[[[[28.977061,46.991364],[28.977966,46.992218],[28.977357,46.992522],[28.977269,46.992567],[28.977071,46.992333],[28.97683,46.99213],[28.976443,46.991929],[28.976367,46.991913],[28.977061,46.991364]]]]}},{"type":"Feature","properties":{"tip":"farmland","nume":null,"ha":15.09},"geometry":{"type":"MultiPolygon","coordinates":[[[[28.987171,46.990034],[28.986663,46.990222],[28.985046,46.987735],[28.983805,46.988111],[28.984098,46.988475],[28.984441,46.988404],[28.985008,46.989396],[28.983387,46.989679],[28.982907,46.989576],[28.982266,46.989675],[28.982098,46.989444],[28.981297,46.989027],[28.980374,46.987574],[28.98097,46.987347],[28.981311,46.987419],[28.981693,46.987596],[28.981875,46.987624],[28.982263,46.987443],[28.982046,46.986806],[28.981617,46.986521],[28.980988,46.985399],[28.981047,46.985274],[28.981435,46.985118],[28.983333,46.984733],[28.985049,46.985994],[28.985012,46.986318],[28.985325,46.987083],[28.986938,46.989311],[28.98709,46.989697],[28.987132,46.989802],[28.987171,46.990034]]]]}},{"type":"Feature","properties":{"tip":"farmland","nume":null,"ha":7.09},"geometry":{"type":"MultiPolygon","coordinates":[[[[28.957729,46.986728],[28.957432,46.985815],[28.963941,46.987256],[28.966826,46.987832],[28.966702,46.987991],[28.966849,46.988051],[28.967133,46.987913],[28.967284,46.987923],[28.967375,46.987973],[28.966404,46.98874],[28.957729,46.986728]]]]}},{"type":"Feature","properties":{"tip":"farmland","nume":null,"ha":8.72},"geometry":{"type":"MultiPolygon","coordinates":[[[[28.958129,46.987902],[28.957782,46.986832],[28.966339,46.988792],[28.964964,46.989839],[28.958134,46.988243],[28.958129,46.987902]]]]}},{"type":"Feature","properties":{"tip":"farmland","nume":null,"ha":9.17},"geometry":{"type":"MultiPolygon","coordinates":[[[[28.958134,46.988343],[28.96487,46.989883],[28.96467,46.990055],[28.9643,46.990552],[28.963918,46.990933],[28.963712,46.991206],[28.963683,46.991342],[28.9578,46.990071],[28.958146,46.989498],[28.958134,46.988343]]]]}},{"type":"Feature","properties":{"tip":"farmland","nume":null,"ha":12.13},"geometry":{"type":"MultiPolygon","coordinates":[[[[28.956701,46.991707],[28.957767,46.990142],[28.963662,46.991414],[28.963724,46.991667],[28.96415,46.992093],[28.964771,46.992727],[28.965525,46.993711],[28.964864,46.993687],[28.964523,46.993695],[28.964229,46.993763],[28.96418,46.993647],[28.964095,46.993553],[28.956701,46.991707]]]]}},{"type":"Feature","properties":{"tip":"farmland","nume":null,"ha":11.43},"geometry":{"type":"MultiPolygon","coordinates":[[[[28.956253,46.99235],[28.956656,46.991776],[28.964017,46.993615],[28.964077,46.993683],[28.964136,46.993805],[28.963931,46.993889],[28.96335,46.994228],[28.962811,46.994503],[28.962026,46.994982],[28.961796,46.995129],[28.961026,46.994901],[28.958245,46.994105],[28.955907,46.993481],[28.956253,46.99235]]]]}},{"type":"Feature","properties":{"tip":"farmland","nume":null,"ha":3.91},"geometry":{"type":"MultiPolygon","coordinates":[[[[28.955608,46.994531],[28.955896,46.993552],[28.958215,46.994139],[28.960983,46.99496],[28.960826,46.995172],[28.96044,46.995072],[28.960192,46.995096],[28.960014,46.99517],[28.959744,46.995407],[28.959614,46.995428],[28.95939,46.995437],[28.958668,46.99535],[28.958193,46.995253],[28.955896,46.994568],[28.955608,46.994531]]]]}},{"type":"Feature","properties":{"tip":"meadow","nume":null,"ha":0.76},"geometry":{"type":"MultiPolygon","coordinates":[[[[28.964546,46.99846],[28.965582,46.998079],[28.96515,46.998441],[28.964952,46.998526],[28.964312,46.998647],[28.964046,46.998721],[28.962524,46.999312],[28.961373,46.999757],[28.96076,46.999938],[28.960132,47.000163],[28.959685,47.000375],[28.959146,47.000715],[28.958807,47.000954],[28.958489,47.000813],[28.960363,46.999868],[28.960807,46.999857],[28.961786,46.999514],[28.964258,46.998565],[28.964546,46.99846]]]]}},{"type":"Feature","properties":{"tip":"meadow","nume":null,"ha":0.57},"geometry":{"type":"MultiPolygon","coordinates":[[[[28.953734,47.000937],[28.953734,47.000937],[28.953537,47.000374],[28.953484,47.000333],[28.953484,47.000333],[28.953513,47.000312],[28.953527,47.000302],[28.953527,47.000302],[28.953527,47.000302],[28.953525,47.0003],[28.953236,47.00012],[28.953128,47.000057],[28.953128,47.000057],[28.952257,46.999373],[28.952257,46.999372],[28.952486,46.999209],[28.953436,46.999719],[28.953511,46.999716],[28.953559,46.999764],[28.953404,46.999918],[28.953963,47.000572],[28.953734,47.000937]]]]}},{"type":"Feature","properties":{"tip":"meadow","nume":null,"ha":0.06},"geometry":{"type":"MultiPolygon","coordinates":[[[[28.939163,47.010209],[28.939175,47.010222],[28.938844,47.010376],[28.938208,47.010686],[28.937985,47.010768],[28.937673,47.010836],[28.937461,47.010845],[28.937274,47.010833],[28.937157,47.010814],[28.937299,47.010779],[28.937367,47.0108],[28.937583,47.010806],[28.937798,47.010771],[28.93816,47.010655],[28.939163,47.010209]]]]}},{"type":"Feature","properties":{"tip":"meadow","nume":null,"ha":0.02},"geometry":{"type":"MultiPolygon","coordinates":[[[[28.937551,47.010737],[28.937482,47.010735],[28.937694,47.010684],[28.93805,47.010585],[28.938075,47.01056],[28.938106,47.010609],[28.937787,47.010704],[28.937551,47.010737]]]]}},{"type":"Feature","properties":{"tip":"meadow","nume":null,"ha":32.49},"geometry":{"type":"MultiPolygon","coordinates":[[[[28.938149,47.010513],[28.938193,47.010439],[28.938198,47.010434],[28.938251,47.010381],[28.938343,47.010287],[28.938346,47.010285],[28.940105,47.009413],[28.94046,47.009269],[28.941187,47.008881],[28.941461,47.008741],[28.941986,47.008481],[28.942018,47.008503],[28.942261,47.008369],[28.942704,47.008108],[28.942708,47.008106],[28.942747,47.008134],[28.942769,47.008151],[28.942771,47.00815],[28.943318,47.007941],[28.943361,47.007915],[28.943526,47.007814],[28.943616,47.007862],[28.943778,47.007721],[28.94373,47.007689],[28.94354,47.007559],[28.943951,47.007315],[28.944094,47.00723],[28.942886,47.00659],[28.942181,47.006217],[28.94226,47.006155],[28.942352,47.006084],[28.942265,47.006032],[28.94211,47.00594],[28.942552,47.00563],[28.943372,47.005469],[28.943376,47.005466],[28.943659,47.005274],[28.943967,47.005031],[28.944937,47.004264],[28.945074,47.00435],[28.94527,47.004477],[28.946225,47.005077],[28.946234,47.005071],[28.946654,47.004813],[28.946696,47.004755],[28.946883,47.004514],[28.947731,47.003864],[28.948325,47.003409],[28.948331,47.003414],[28.94962,47.004296],[28.950355,47.003753],[28.951012,47.003268],[28.953316,47.001371],[28.953234,47.001326],[28.953235,47.001326],[28.953734,47.000938],[28.953963,47.000573],[28.954486,47.000935],[28.954933,47.000562],[28.95466,47.000443],[28.954597,47.000415],[28.954999,47.000312],[28.956042,47.000456],[28.958162,47.000868],[28.958489,47.000813],[28.958807,47.000954],[28.957778,47.001756],[28.956838,47.002405],[28.955411,47.003322],[28.954093,47.004106],[28.953253,47.00454],[28.952278,47.004972],[28.951703,47.005266],[28.950804,47.00572],[28.950556,47.005823],[28.950137,47.005959],[28.949784,47.006036],[28.948195,47.006293],[28.947706,47.006416],[28.947237,47.00654],[28.946942,47.006589],[28.946523,47.006647],[28.945848,47.006731],[28.945486,47.006824],[28.945209,47.006928],[28.945026,47.007023],[28.944884,47.007111],[28.944734,47.007258],[28.944389,47.00764],[28.944142,47.007867],[28.943982,47.00798],[28.943769,47.008089],[28.943458,47.008219],[28.942769,47.00846],[28.942254,47.008686],[28.941354,47.009106],[28.940375,47.009573],[28.93924,47.010104],[28.938175,47.010591],[28.938159,47.010573],[28.938149,47.010513]]]]}},{"type":"Feature","properties":{"tip":"meadow","nume":null,"ha":0.11},"geometry":{"type":"MultiPolygon","coordinates":[[[[28.94457,47.007555],[28.944567,47.007621],[28.944355,47.007854],[28.944201,47.007984],[28.94405,47.008081],[28.943787,47.008197],[28.943484,47.008302],[28.942897,47.008519],[28.942866,47.008517],[28.942603,47.008625],[28.941982,47.008906],[28.940714,47.009496],[28.940178,47.009756],[28.939175,47.010222],[28.939163,47.010209],[28.940615,47.009531],[28.941684,47.009026],[28.942583,47.008623],[28.942981,47.008457],[28.943827,47.008144],[28.944025,47.008059],[28.944279,47.00787],[28.94457,47.007555]]]]}},{"type":"Feature","properties":{"tip":"farmland","nume":null,"ha":1.32},"geometry":{"type":"MultiPolygon","coordinates":[[[[28.973738,46.995726],[28.973905,46.995863],[28.972139,46.99661],[28.971893,46.996724],[28.971048,46.997166],[28.970911,46.997199],[28.970801,46.997174],[28.970729,46.997114],[28.970703,46.997037],[28.970767,46.997003],[28.971188,46.996765],[28.971419,46.996574],[28.971984,46.996003],[28.972306,46.99585],[28.972719,46.995739],[28.973246,46.995522],[28.973367,46.995537],[28.973738,46.995726]]]]}},{"type":"Feature","properties":{"tip":"grass","nume":null,"ha":0.03},"geometry":{"type":"MultiPolygon","coordinates":[[[[28.971118,46.997274],[28.97117,46.997285],[28.970922,46.997515],[28.970892,46.997453],[28.97087,46.997394],[28.970868,46.997343],[28.97087,46.997312],[28.970971,46.997308],[28.971118,46.997274]]]]}},{"type":"Feature","properties":{"tip":"farmland","nume":null,"ha":0.52},"geometry":{"type":"MultiPolygon","coordinates":[[[[28.970707,46.997507],[28.969793,46.997982],[28.969196,46.997452],[28.970041,46.997226],[28.97036,46.997234],[28.970585,46.997411],[28.970707,46.997507]]]]}},{"type":"Feature","properties":{"tip":"brownfield","nume":null,"ha":0.26},"geometry":{"type":"MultiPolygon","coordinates":[[[[28.968758,46.997557],[28.969196,46.997452],[28.969793,46.997982],[28.969475,46.998158],[28.968758,46.997557]]]]}},{"type":"Feature","properties":{"tip":"brownfield","nume":null,"ha":1.63},"geometry":{"type":"MultiPolygon","coordinates":[[[[28.97082,46.99947],[28.970263,46.998819],[28.970091,46.998676],[28.971383,46.997799],[28.972033,46.998032],[28.972381,46.998182],[28.972521,46.998267],[28.97082,46.99947]]]]}},{"type":"Feature","properties":{"tip":"meadow","nume":null,"ha":1.06},"geometry":{"type":"MultiPolygon","coordinates":[[[[28.969196,46.997452],[28.968758,46.997557],[28.968677,46.997489],[28.968667,46.997474],[28.970132,46.997121],[28.970264,46.997121],[28.970464,46.997171],[28.970685,46.997265],[28.970776,46.997334],[28.970841,46.997474],[28.970879,46.997564],[28.971015,46.997642],[28.971383,46.997799],[28.970091,46.998676],[28.969475,46.998158],[28.969793,46.997982],[28.970707,46.997507],[28.970585,46.997411],[28.97036,46.997234],[28.970041,46.997226],[28.969196,46.997452]]]]}},{"type":"Feature","properties":{"tip":"industrial","nume":"Stația de pompare a apei din satul Humulești","ha":0.06},"geometry":{"type":"MultiPolygon","coordinates":[[[[28.97384,47.000084],[28.973986,47.000234],[28.973717,47.000368],[28.973576,47.000258],[28.973549,47.000158],[28.973541,47.000128],[28.97384,47.000084]]]]}},{"type":"Feature","properties":{"tip":"meadow","nume":null,"ha":0.18},"geometry":{"type":"MultiPolygon","coordinates":[[[[28.971901,47.000655],[28.971933,47.000631],[28.97289,47.001184],[28.972727,47.001279],[28.972279,47.001128],[28.972141,47.00106],[28.972042,47.000958],[28.971946,47.000721],[28.971901,47.000655]]]]}},{"type":"Feature","properties":{"tip":"meadow","nume":null,"ha":0.03},"geometry":{"type":"MultiPolygon","coordinates":[[[[28.972813,47.001301],[28.972957,47.001224],[28.973346,47.001447],[28.972813,47.001301]]]]}},{"type":"Feature","properties":{"tip":"brownfield","nume":null,"ha":1.02},"geometry":{"type":"MultiPolygon","coordinates":[[[[28.969535,47.001636],[28.971999,47.000999],[28.972134,47.001108],[28.972238,47.001156],[28.972729,47.001323],[28.969722,47.001985],[28.969571,47.00179],[28.969545,47.001707],[28.969535,47.001636]]]]}},{"type":"Feature","properties":{"tip":"brownfield","nume":null,"ha":0.07},"geometry":{"type":"MultiPolygon","coordinates":[[[[28.97135,47.000614],[28.971446,47.000828],[28.971094,47.000907],[28.970997,47.000691],[28.97135,47.000614]]]]}},{"type":"Feature","properties":{"tip":"brownfield","nume":null,"ha":0.84},"geometry":{"type":"MultiPolygon","coordinates":[[[[28.969624,47.000987],[28.970997,47.000691],[28.971094,47.000907],[28.971446,47.000828],[28.971891,47.000728],[28.97198,47.000946],[28.969536,47.001573],[28.969629,47.00126],[28.969657,47.001143],[28.969624,47.000987]]]]}},{"type":"Feature","properties":{"tip":"brownfield","nume":null,"ha":0.71},"geometry":{"type":"MultiPolygon","coordinates":[[[[28.970951,47.000096],[28.971537,47.000508],[28.969599,47.000934],[28.969584,47.000851],[28.96959,47.000765],[28.969629,47.000674],[28.969835,47.000363],[28.970951,47.000096]]]]}},{"type":"Feature","properties":{"tip":"brownfield","nume":null,"ha":0.19},"geometry":{"type":"MultiPolygon","coordinates":[[[[28.970502,46.999758],[28.970899,47.00005],[28.969892,47.000282],[28.970102,47.000015],[28.970502,46.999758]]]]}},{"type":"Feature","properties":{"tip":"forest","nume":null,"ha":0.35},"geometry":{"type":"MultiPolygon","coordinates":[[[[28.970029,47.002809],[28.970087,47.002715],[28.970316,47.002679],[28.972214,47.002291],[28.974105,47.001898],[28.975371,47.001658],[28.975353,47.001737],[28.974337,47.001938],[28.973043,47.002198],[28.971811,47.002443],[28.970722,47.002677],[28.970029,47.002809]]]]}},{"type":"Feature","properties":{"tip":"grass","nume":null,"ha":0.12},"geometry":{"type":"MultiPolygon","coordinates":[[[[28.973858,47.000468],[28.973717,47.000368],[28.973986,47.000234],[28.97384,47.000084],[28.973541,47.000128],[28.973549,47.000158],[28.973464,47.000098],[28.973774,46.999895],[28.974215,47.000229],[28.973858,47.000468]]]]}},{"type":"Feature","properties":{"tip":"forest","nume":null,"ha":1.25},"geometry":{"type":"MultiPolygon","coordinates":[[[[28.977294,46.997337],[28.97715,46.997309],[28.977254,46.996944],[28.977186,46.996926],[28.977294,46.996635],[28.977324,46.996642],[28.977407,46.996446],[28.977448,46.996449],[28.977403,46.996644],[28.977394,46.996682],[28.977312,46.997032],[28.977403,46.997095],[28.977739,46.997132],[28.978115,46.997246],[28.978694,46.997421],[28.978638,46.9975],[28.978588,46.997482],[28.977977,46.997309],[28.977665,46.997918],[28.978257,46.998099],[28.978293,46.998111],[28.978045,46.998522],[28.977844,46.998672],[28.977682,46.998757],[28.977051,46.999031],[28.977202,46.998746],[28.97715,46.998736],[28.977197,46.998639],[28.977062,46.998608],[28.977105,46.998528],[28.977161,46.998319],[28.977276,46.998337],[28.977394,46.998105],[28.976995,46.997999],[28.977123,46.99767],[28.97727,46.997377],[28.977294,46.997337]]]]}},{"type":"Feature","properties":{"tip":"religious","nume":null,"ha":0.36},"geometry":{"type":"MultiPolygon","coordinates":[[[[28.978694,46.997421],[28.978115,46.997246],[28.978344,46.996744],[28.979184,46.996834],[28.979002,46.997031],[28.978694,46.997421]]]]}},{"type":"Feature","properties":{"tip":"farmland","nume":null,"ha":0.34},"geometry":{"type":"MultiPolygon","coordinates":[[[[28.977394,46.996682],[28.978344,46.996744],[28.978115,46.997246],[28.977739,46.997132],[28.977403,46.997095],[28.977312,46.997032],[28.977394,46.996682]]]]}},{"type":"Feature","properties":{"tip":"meadow","nume":null,"ha":0.07},"geometry":{"type":"MultiPolygon","coordinates":[[[[28.977394,46.996682],[28.977403,46.996644],[28.978129,46.996698],[28.97855,46.996715],[28.978789,46.996733],[28.979003,46.996756],[28.979168,46.996762],[28.979184,46.996834],[28.978344,46.996744],[28.977394,46.996682]]]]}},{"type":"Feature","properties":{"tip":"meadow","nume":null,"ha":0.02},"geometry":{"type":"MultiPolygon","coordinates":[[[[28.97938,46.99685],[28.97915,46.996981],[28.97933,46.996756],[28.979455,46.99679],[28.97938,46.99685]]]]}},{"type":"Feature","properties":{"tip":"meadow","nume":null,"ha":0.03},"geometry":{"type":"MultiPolygon","coordinates":[[[[28.978588,46.997482],[28.978638,46.9975],[28.978293,46.998111],[28.978257,46.998099],[28.978588,46.997482]]]]}},{"type":"Feature","properties":{"tip":"grass","nume":null,"ha":0.0},"geometry":{"type":"MultiPolygon","coordinates":[[[[28.973387,46.997918],[28.973261,46.997971],[28.973331,46.99788],[28.973387,46.997918]]]]}},{"type":"Feature","properties":{"tip":"grass","nume":null,"ha":0.14},"geometry":{"type":"MultiPolygon","coordinates":[[[[28.972999,46.998109],[28.973285,46.998005],[28.97311,46.998237],[28.972987,46.998571],[28.972518,46.998361],[28.97262,46.998273],[28.972999,46.998109]]]]}},{"type":"Feature","properties":{"tip":"grass","nume":null,"ha":0.5},"geometry":{"type":"MultiPolygon","coordinates":[[[[28.975122,47.000658],[28.976178,46.999911],[28.976185,46.99999],[28.976184,47.000111],[28.976161,47.000215],[28.975948,47.000594],[28.975804,47.000791],[28.975737,47.000788],[28.974459,47.001048],[28.974182,47.001104],[28.973961,47.001177],[28.974196,47.001046],[28.974721,47.000884],[28.975122,47.000658]]]]}},{"type":"Feature","properties":{"tip":"forest","nume":null,"ha":9.35},"geometry":{"type":"MultiPolygon","coordinates":[[[[28.973583,46.995084],[28.973433,46.995191],[28.972978,46.995518],[28.972653,46.995657],[28.972515,46.995684],[28.972067,46.995779],[28.972084,46.995565],[28.971992,46.995388],[28.971633,46.995007],[28.971163,46.994445],[28.972316,46.993986],[28.972924,46.993488],[28.973511,46.992807],[28.973796,46.992911],[28.974163,46.992629],[28.974311,46.992487],[28.974283,46.992303],[28.974161,46.992153],[28.973895,46.992063],[28.973671,46.992047],[28.971778,46.992013],[28.972191,46.991665],[28.972414,46.991608],[28.972844,46.991633],[28.974849,46.992015],[28.975099,46.992066],[28.975855,46.99196],[28.976297,46.991969],[28.976435,46.991992],[28.976794,46.992182],[28.977026,46.992382],[28.977166,46.992574],[28.977224,46.992661],[28.977169,46.992696],[28.976858,46.992878],[28.976757,46.992999],[28.976236,46.99331],[28.976267,46.993345],[28.975707,46.993652],[28.975894,46.993795],[28.975941,46.993831],[28.975676,46.994017],[28.975395,46.994225],[28.974955,46.994473],[28.974676,46.994605],[28.973583,46.995084]]]]}},{"type":"Feature","properties":{"tip":"farmland","nume":null,"ha":0.12},"geometry":{"type":"MultiPolygon","coordinates":[[[[28.976267,46.993345],[28.97644,46.993541],[28.975894,46.993795],[28.975707,46.993652],[28.976267,46.993345]]]]}},{"type":"Feature","properties":{"tip":"farmyard","nume":"Fermă","ha":0.41},"geometry":{"type":"MultiPolygon","coordinates":[[[[28.977504,46.9932],[28.97644,46.993541],[28.976267,46.993345],[28.976236,46.99331],[28.976757,46.992999],[28.976858,46.992878],[28.977169,46.992696],[28.977504,46.9932]]]]}},{"type":"Feature","properties":{"tip":"meadow","nume":null,"ha":0.63},"geometry":{"type":"MultiPolygon","coordinates":[[[[28.976297,46.991969],[28.976367,46.991913],[28.976443,46.991929],[28.97683,46.99213],[28.977071,46.992333],[28.977269,46.992567],[28.977357,46.992522],[28.977387,46.992569],[28.978485,46.994315],[28.978537,46.994393],[28.978235,46.994465],[28.978192,46.994397],[28.978103,46.994253],[28.977998,46.994088],[28.977839,46.993812],[28.977639,46.99349],[28.97753,46.993341],[28.977465,46.993296],[28.9771,46.993378],[28.976437,46.993577],[28.976262,46.993654],[28.975941,46.993831],[28.975894,46.993795],[28.97644,46.993541],[28.977504,46.9932],[28.977169,46.992696],[28.977224,46.992661],[28.977166,46.992574],[28.977026,46.992382],[28.976794,46.992182],[28.976435,46.991992],[28.976297,46.991969]]]]}},{"type":"Feature","properties":{"tip":"meadow","nume":null,"ha":0.55},"geometry":{"type":"MultiPolygon","coordinates":[[[[28.978192,46.994397],[28.978235,46.994465],[28.977427,46.994646],[28.97696,46.99476],[28.976826,46.994805],[28.975437,46.995356],[28.97442,46.995754],[28.973967,46.995933],[28.973341,46.996194],[28.972164,46.996685],[28.971181,46.997167],[28.971002,46.997227],[28.970829,46.997242],[28.97072,46.997219],[28.970531,46.997135],[28.970497,46.997105],[28.970499,46.997065],[28.970511,46.997029],[28.970569,46.996987],[28.970703,46.997037],[28.970729,46.997114],[28.970801,46.997174],[28.970911,46.997199],[28.971048,46.997166],[28.971893,46.996724],[28.972139,46.99661],[28.973905,46.995863],[28.974131,46.995779],[28.975886,46.995095],[28.976439,46.994858],[28.97692,46.994694],[28.977165,46.994622],[28.9774,46.994585],[28.977568,46.994563],[28.977797,46.994512],[28.977995,46.994446],[28.978192,46.994397]]]]}},{"type":"Feature","properties":{"tip":"meadow","nume":null,"ha":0.65},"geometry":{"type":"MultiPolygon","coordinates":[[[[28.973837,46.995691],[28.974131,46.995779],[28.973905,46.995863],[28.973738,46.995726],[28.973367,46.995537],[28.973246,46.995522],[28.972719,46.995739],[28.972306,46.99585],[28.971984,46.996003],[28.971419,46.996574],[28.971188,46.996765],[28.970767,46.997003],[28.970703,46.997037],[28.970569,46.996987],[28.970511,46.997029],[28.970499,46.997065],[28.970447,46.99704],[28.970358,46.997013],[28.970592,46.996925],[28.970848,46.996809],[28.971111,46.996658],[28.971491,46.996317],[28.971805,46.995949],[28.971959,46.995717],[28.971977,46.995588],[28.971856,46.995404],[28.971083,46.994477],[28.971163,46.994445],[28.971633,46.995007],[28.971992,46.995388],[28.972084,46.995565],[28.972067,46.995779],[28.972515,46.995684],[28.972653,46.995657],[28.972978,46.995518],[28.973433,46.995191],[28.973837,46.995691]]]]}},{"type":"Feature","properties":{"tip":"farmland","nume":null,"ha":4.1},"geometry":{"type":"MultiPolygon","coordinates":[[[[28.980728,46.993768],[28.978485,46.994315],[28.977387,46.992569],[28.977999,46.992254],[28.978283,46.992128],[28.978513,46.992066],[28.978902,46.991996],[28.97915,46.992011],[28.979541,46.992097],[28.979738,46.99212],[28.980728,46.993768]]]]}},{"type":"Feature","properties":{"tip":"farmyard","nume":"Complex de sere","ha":2.29},"geometry":{"type":"MultiPolygon","coordinates":[[[[28.981553,46.993564],[28.980728,46.993768],[28.979738,46.99212],[28.980638,46.991921],[28.98118,46.991766],[28.982168,46.993395],[28.981588,46.993555],[28.981553,46.993564]]]]}},{"type":"Feature","properties":{"tip":"farmland","nume":null,"ha":4.9},"geometry":{"type":"MultiPolygon","coordinates":[[[[28.98556,46.992505],[28.982168,46.993395],[28.98118,46.991766],[28.981618,46.991678],[28.983666,46.991296],[28.984005,46.991253],[28.984179,46.991267],[28.984684,46.991393],[28.98484,46.991423],[28.98556,46.992505]]]]}},{"type":"Feature","properties":{"tip":"meadow","nume":null,"ha":0.41},"geometry":{"type":"MultiPolygon","coordinates":[[[[28.984803,46.991355],[28.98484,46.991423],[28.984684,46.991393],[28.984179,46.991267],[28.984005,46.991253],[28.983666,46.991296],[28.981618,46.991678],[28.98118,46.991766],[28.980638,46.991921],[28.979738,46.99212],[28.979541,46.992097],[28.97915,46.992011],[28.978902,46.991996],[28.978513,46.992066],[28.978283,46.992128],[28.977999,46.992254],[28.977387,46.992569],[28.977357,46.992522],[28.977966,46.992218],[28.978164,46.992122],[28.978419,46.992032],[28.978783,46.991942],[28.979019,46.991921],[28.979507,46.99201],[28.979961,46.991983],[28.980518,46.991821],[28.981499,46.991654],[28.983183,46.991344],[28.984047,46.99118],[28.984256,46.991212],[28.984735,46.991354],[28.984803,46.991355]]]]}},{"type":"Feature","properties":{"tip":"meadow","nume":null,"ha":0.67},"geometry":{"type":"MultiPolygon","coordinates":[[[[28.982168,46.993395],[28.98556,46.992505],[28.985648,46.992635],[28.979446,46.994179],[28.978537,46.994393],[28.978485,46.994315],[28.980728,46.993768],[28.981553,46.993564],[28.981588,46.993555],[28.982168,46.993395]]]]}},{"type":"Feature","properties":{"tip":"forest","nume":null,"ha":0.92},"geometry":{"type":"MultiPolygon","coordinates":[[[[28.984662,46.995107],[28.985005,46.995614],[28.98494,46.995629],[28.984969,46.995677],[28.98567,46.996752],[28.986036,46.997314],[28.986325,46.997757],[28.986335,46.997772],[28.9866,46.997915],[28.986443,46.998043],[28.986411,46.998025],[28.986384,46.998011],[28.986124,46.997866],[28.986075,46.997822],[28.985822,46.997374],[28.985485,46.996812],[28.985083,46.996134],[28.984688,46.995474],[28.984234,46.994738],[28.983783,46.994011],[28.983758,46.993964],[28.983454,46.993407],[28.983705,46.993344],[28.984074,46.994046],[28.984296,46.994466],[28.984662,46.995107]]]]}},{"type":"Feature","properties":{"tip":"meadow","nume":null,"ha":0.82},"geometry":{"type":"MultiPolygon","coordinates":[[[[28.992535,46.990987],[28.996357,46.990096],[28.996378,46.990139],[28.99525,46.990414],[28.993104,46.990912],[28.990488,46.991539],[28.989417,46.991809],[28.989021,46.991954],[28.988073,46.992204],[28.985734,46.992798],[28.984181,46.993189],[28.983839,46.993256],[28.983735,46.993306],[28.983705,46.993344],[28.983454,46.993407],[28.983435,46.993372],[28.983408,46.993308],[28.989389,46.991754],[28.992535,46.990987]]]]}},{"type":"Feature","properties":{"tip":"farmyard","nume":"Fermă","ha":0.8},"geometry":{"type":"MultiPolygon","coordinates":[[[[28.993302,46.987515],[28.993127,46.98722],[28.993259,46.987183],[28.993574,46.987115],[28.994383,46.986939],[28.994671,46.98737],[28.994777,46.987528],[28.993547,46.987924],[28.993302,46.987515]]]]}},{"type":"Feature","properties":{"tip":"orchard","nume":null,"ha":20.75},"geometry":{"type":"MultiPolygon","coordinates":[[[[28.993547,46.987924],[28.994777,46.987528],[28.995736,46.989171],[28.993683,46.989735],[28.991178,46.989553],[28.993324,46.988985],[28.992855,46.98842],[28.991526,46.988803],[28.990682,46.988873],[28.988934,46.989316],[28.987338,46.989631],[28.986145,46.987878],[28.985541,46.987116],[28.985149,46.986325],[28.985154,46.986109],[28.985949,46.985768],[28.986915,46.986985],[28.987349,46.987532],[28.987452,46.987562],[28.98791,46.987484],[28.989244,46.986838],[28.99041,46.986221],[28.990993,46.986002],[28.99249,46.985589],[28.992893,46.985797],[28.993574,46.985608],[28.994383,46.986939],[28.993574,46.987115],[28.993259,46.987183],[28.993127,46.98722],[28.993302,46.987515],[28.993547,46.987924]]]]}},{"type":"Feature","properties":{"tip":"forest","nume":null,"ha":5.81},"geometry":{"type":"MultiPolygon","coordinates":[[[[28.988395,46.986362],[28.990119,46.985086],[28.990293,46.98504],[28.990485,46.984955],[28.990672,46.984836],[28.990909,46.984679],[28.99101,46.984721],[28.991218,46.984825],[28.991413,46.984881],[28.991652,46.98489],[28.991928,46.984857],[28.992369,46.984754],[28.9927,46.98464],[28.992894,46.984554],[28.99302,46.984443],[28.993107,46.984315],[28.993146,46.984192],[28.993199,46.984167],[28.993236,46.984234],[28.993254,46.984275],[28.993809,46.985311],[28.993618,46.985433],[28.993574,46.985608],[28.992893,46.985797],[28.99249,46.985589],[28.990993,46.986002],[28.99041,46.986221],[28.989244,46.986838],[28.98791,46.987484],[28.987452,46.987562],[28.987349,46.987532],[28.986915,46.986985],[28.988395,46.986362]]]]}},{"type":"Feature","properties":{"tip":"meadow","nume":null,"ha":8.58},"geometry":{"type":"MultiPolygon","coordinates":[[[[28.986145,46.987878],[28.987338,46.989631],[28.98709,46.989697],[28.986938,46.989311],[28.985325,46.987083],[28.985012,46.986318],[28.985049,46.985994],[28.985361,46.985415],[28.985519,46.985098],[28.985607,46.984729],[28.987542,46.983852],[28.987654,46.983872],[28.98779,46.98385],[28.988139,46.983746],[28.988526,46.983632],[28.988809,46.983568],[28.988909,46.983564],[28.988993,46.983617],[28.989291,46.984122],[28.989584,46.984673],[28.989776,46.984959],[28.989875,46.985033],[28.99001,46.985084],[28.990119,46.985086],[28.988395,46.986362],[28.986915,46.986985],[28.985949,46.985768],[28.985154,46.986109],[28.985149,46.986325],[28.985541,46.987116],[28.986145,46.987878]]]]}},{"type":"Feature","properties":{"tip":"forest","nume":null,"ha":0.24},"geometry":{"type":"MultiPolygon","coordinates":[[[[28.994397,46.990449],[28.993509,46.990665],[28.993369,46.990316],[28.994237,46.990212],[28.994397,46.990449]]]]}},{"type":"Feature","properties":{"tip":"meadow","nume":null,"ha":16.19},"geometry":{"type":"MultiPolygon","coordinates":[[[[28.996226,46.989978],[28.996305,46.989938],[28.996319,46.989964],[28.996297,46.989969],[28.996333,46.990044],[28.993552,46.990691],[28.990263,46.991457],[28.989317,46.9917],[28.985648,46.992635],[28.98556,46.992505],[28.98484,46.991423],[28.984803,46.991355],[28.985085,46.991357],[28.985401,46.991304],[28.985584,46.991227],[28.986533,46.990438],[28.986663,46.990222],[28.987171,46.990034],[28.987132,46.989802],[28.98709,46.989697],[28.987338,46.989631],[28.988934,46.989316],[28.990682,46.988873],[28.991526,46.988803],[28.992855,46.98842],[28.993324,46.988985],[28.991178,46.989553],[28.993683,46.989735],[28.995736,46.989171],[28.995902,46.989134],[28.995977,46.989275],[28.996122,46.989287],[28.99618,46.989392],[28.996041,46.989392],[28.99567,46.989514],[28.995437,46.989493],[28.994946,46.989589],[28.994777,46.989622],[28.994462,46.98962],[28.994155,46.989752],[28.993806,46.989905],[28.993301,46.990052],[28.993935,46.990161],[28.994897,46.990147],[28.99554,46.990137],[28.996226,46.989978]]],[[[28.996427,46.989843],[28.996455,46.989893],[28.99633,46.989925],[28.996364,46.989908],[28.996427,46.989843]]]]}},{"type":"Feature","properties":{"tip":"brownfield","nume":null,"ha":0.29},"geometry":{"type":"MultiPolygon","coordinates":[[[[28.98176,46.994179],[28.981283,46.994322],[28.981057,46.993932],[28.981879,46.993735],[28.982059,46.994089],[28.98176,46.994179]]]]}},{"type":"Feature","properties":{"tip":"brownfield","nume":null,"ha":1.32},"geometry":{"type":"MultiPolygon","coordinates":[[[[28.982115,46.994812],[28.98176,46.994179],[28.982059,46.994089],[28.981879,46.993735],[28.983435,46.993372],[28.983454,46.993407],[28.983758,46.993964],[28.982115,46.994812]]]]}},{"type":"Feature","properties":{"tip":"brownfield","nume":null,"ha":0.67},"geometry":{"type":"MultiPolygon","coordinates":[[[[28.980137,46.995515],[28.979882,46.995026],[28.980442,46.994889],[28.980391,46.994796],[28.981121,46.994617],[28.981453,46.995168],[28.981385,46.995186],[28.980707,46.995377],[28.980137,46.995515]]]]}},{"type":"Feature","properties":{"tip":"meadow","nume":null,"ha":0.1},"geometry":{"type":"MultiPolygon","coordinates":[[[[28.982406,46.994741],[28.982165,46.994869],[28.982115,46.994812],[28.983758,46.993964],[28.983783,46.994011],[28.98321,46.994315],[28.982504,46.994689],[28.982433,46.994727],[28.982406,46.994741]]]]}},{"type":"Feature","properties":{"tip":"industrial","nume":null,"ha":0.16},"geometry":{"type":"MultiPolygon","coordinates":[[[[28.979266,46.995214],[28.979204,46.995099],[28.979109,46.994911],[28.979458,46.994839],[28.979675,46.994793],[28.979798,46.995046],[28.979818,46.995088],[28.979266,46.995214]]]]}},{"type":"Feature","properties":{"tip":"brownfield","nume":null,"ha":0.11},"geometry":{"type":"MultiPolygon","coordinates":[[[[28.979381,46.995429],[28.979266,46.995214],[28.979818,46.995088],[28.979916,46.99529],[28.979381,46.995429]]]]}},{"type":"Feature","properties":{"tip":"forest","nume":null,"ha":0.0},"geometry":{"type":"MultiPolygon","coordinates":[[[[28.972436,47.006502],[28.972143,47.006605],[28.971654,47.006783],[28.973438,47.006132],[28.972436,47.006502]]],[[[28.971654,47.006783],[28.970671,47.007142],[28.970891,47.007061],[28.971654,47.006783]]],[[[28.969887,47.007428],[28.970671,47.007142],[28.970336,47.007265],[28.969887,47.007428]]]]}},{"type":"Feature","properties":{"tip":"meadow","nume":null,"ha":0.0},"geometry":{"type":"MultiPolygon","coordinates":[[[[28.973467,47.0062],[28.973449,47.006272],[28.973449,47.006224],[28.973476,47.006172],[28.973467,47.0062]]],[[[28.973495,47.00611],[28.973477,47.006168],[28.973449,47.006128],[28.973449,47.006128],[28.973495,47.00611]]]]}},{"type":"Feature","properties":{"tip":"forest","nume":null,"ha":2.11},"geometry":{"type":"MultiPolygon","coordinates":[[[[28.974375,47.00607],[28.973631,47.006569],[28.973513,47.00644],[28.973449,47.006348],[28.973449,47.006272],[28.973467,47.0062],[28.973671,47.006072],[28.973869,47.005967],[28.974164,47.005759],[28.974494,47.00552],[28.974816,47.005252],[28.975099,47.005013],[28.975473,47.004723],[28.975829,47.004468],[28.976146,47.004268],[28.976345,47.004165],[28.976873,47.003948],[28.977201,47.003808],[28.977673,47.004021],[28.976948,47.004584],[28.976437,47.004893],[28.975741,47.0053],[28.975254,47.005631],[28.975135,47.005706],[28.974604,47.005931],[28.974375,47.00607]]]]}},{"type":"Feature","properties":{"tip":"meadow","nume":null,"ha":0.98},"geometry":{"type":"MultiPolygon","coordinates":[[[[28.979964,47.002425],[28.977673,47.004021],[28.977201,47.003808],[28.97733,47.003752],[28.977624,47.003603],[28.977939,47.003384],[28.978192,47.003224],[28.978763,47.002843],[28.979498,47.002433],[28.980069,47.002078],[28.980424,47.001839],[28.980704,47.001994],[28.980467,47.002111],[28.979964,47.002425]]]]}},{"type":"Feature","properties":{"tip":"forest","nume":null,"ha":0.65},"geometry":{"type":"MultiPolygon","coordinates":[[[[28.981065,47.001877],[28.980704,47.001994],[28.980424,47.001839],[28.980855,47.00155],[28.981387,47.001145],[28.981547,47.001024],[28.981662,47.00109],[28.981853,47.00096],[28.982039,47.000932],[28.982174,47.000955],[28.982237,47.001065],[28.982207,47.001233],[28.981767,47.001518],[28.981438,47.001698],[28.981065,47.001877]]]]}},{"type":"Feature","properties":{"tip":"meadow","nume":null,"ha":0.36},"geometry":{"type":"MultiPolygon","coordinates":[[[[28.982424,47.001098],[28.982207,47.001233],[28.982237,47.001065],[28.982174,47.000955],[28.982039,47.000932],[28.981853,47.00096],[28.981662,47.00109],[28.981547,47.001024],[28.982206,47.000524],[28.982356,47.000417],[28.982696,47.000782],[28.982827,47.000848],[28.983051,47.000856],[28.982606,47.001011],[28.982424,47.001098]]]]}},{"type":"Feature","properties":{"tip":"forest","nume":null,"ha":1.93},"geometry":{"type":"MultiPolygon","coordinates":[[[[28.983308,47.000767],[28.983051,47.000856],[28.982827,47.000848],[28.982696,47.000782],[28.982356,47.000417],[28.982689,47.000181],[28.983242,46.999831],[28.983581,46.999626],[28.984115,46.999255],[28.984206,46.999177],[28.984294,46.999054],[28.984386,46.998926],[28.984511,46.998803],[28.98468,46.998694],[28.984797,46.998644],[28.984937,46.998607],[28.985118,46.998607],[28.9853,46.998626],[28.98537,46.998624],[28.985465,46.998605],[28.985585,46.998547],[28.98576,46.998428],[28.986083,46.998169],[28.98623,46.998071],[28.986384,46.998011],[28.986411,46.998025],[28.986208,46.998148],[28.985558,46.998789],[28.9852,46.999092],[28.984998,46.999225],[28.984506,46.999548],[28.984289,46.999718],[28.984148,46.999879],[28.983905,47.000222],[28.983659,47.000538],[28.983491,47.000663],[28.983308,47.000767]]]]}},{"type":"Feature","properties":{"tip":"farmland","nume":null,"ha":0.02},"geometry":{"type":"MultiPolygon","coordinates":[[[[28.974629,47.005967],[28.975112,47.005758],[28.974381,47.006118],[28.973677,47.00662],[28.973668,47.00661],[28.974399,47.006103],[28.974629,47.005967]]],[[[28.975244,47.005693],[28.975522,47.00551],[28.975296,47.005668],[28.975244,47.005693]]],[[[28.976975,47.004631],[28.97738,47.004326],[28.977012,47.004621],[28.976471,47.004928],[28.976975,47.004631]]]]}},{"type":"Feature","properties":{"tip":"meadow","nume":null,"ha":20.34},"geometry":{"type":"MultiPolygon","coordinates":[[[[28.960729,47.000804],[28.960274,47.001119],[28.960251,47.001131],[28.960204,47.001168],[28.959682,47.001529],[28.95955,47.001613],[28.95905,47.001912],[28.958957,47.001954],[28.958898,47.00198],[28.958701,47.002069],[28.9585,47.002172],[28.958166,47.002287],[28.957607,47.002527],[28.957138,47.002719],[28.956672,47.002976],[28.956655,47.002965],[28.956405,47.002813],[28.955746,47.003218],[28.955725,47.003203],[28.957088,47.002348],[28.957746,47.001897],[28.958637,47.001206],[28.959457,47.00064],[28.959835,47.000425],[28.960131,47.000275],[28.960684,47.000061],[28.961381,46.999844],[28.962608,46.999379],[28.964164,46.998772],[28.9644,46.998704],[28.96499,46.998621],[28.965159,46.998558],[28.965519,46.998263],[28.965734,46.998122],[28.966108,46.997974],[28.966312,46.997923],[28.96656,46.99789],[28.96702,46.997941],[28.967202,46.997942],[28.967542,46.997867],[28.968484,46.997534],[28.96851,46.997554],[28.968821,46.997811],[28.968408,46.997879],[28.967974,46.998177],[28.967361,46.998381],[28.96615,46.99828],[28.96512,46.999028],[28.966281,46.999257],[28.966727,46.999434],[28.967021,46.999452],[28.968495,46.999219],[28.969235,46.999106],[28.9699,46.998876],[28.969996,46.998783],[28.970129,46.998893],[28.970306,46.999035],[28.9703,46.999038],[28.969632,46.99934],[28.969623,46.999349],[28.969581,46.999369],[28.969201,46.999651],[28.969024,46.999824],[28.968331,47.000594],[28.96819,47.000881],[28.968174,47.000898],[28.968165,47.000932],[28.968046,47.001174],[28.96789,47.001786],[28.967858,47.002058],[28.967605,47.002984],[28.967093,47.003639],[28.965791,47.004742],[28.965269,47.00527],[28.96433,47.005279],[28.964257,47.005259],[28.96531,47.003396],[28.965889,47.000314],[28.965497,47.000019],[28.960729,47.000804]]]]}},{"type":"Feature","properties":{"tip":"quarry","nume":"Carieră","ha":0.58},"geometry":{"type":"MultiPolygon","coordinates":[[[[28.964883,46.998508],[28.964546,46.99846],[28.964409,46.998392],[28.96442,46.998196],[28.964578,46.997995],[28.964463,46.997538],[28.96485,46.99749],[28.965079,46.997516],[28.965476,46.997701],[28.965416,46.997794],[28.965204,46.997932],[28.965068,46.99817],[28.96509,46.998337],[28.965122,46.998392],[28.964883,46.998508]]]]}},{"type":"Feature","properties":{"tip":"meadow","nume":null,"ha":0.09},"geometry":{"type":"MultiPolygon","coordinates":[[[[28.965269,47.00527],[28.965086,47.005492],[28.96433,47.005279],[28.965269,47.00527]]]]}}]}